age;education.num;race;sex;hours.per.week;income
90;9;0;1;40;-1
82;9;0;1;18;-1
66;10;1;1;40;-1
54;4;0;1;40;-1
41;10;0;1;40;-1
34;9;0;1;45;-1
38;6;0;0;40;-1
74;16;0;1;20;1
68;9;0;1;40;-1
41;10;0;0;60;1
45;16;1;1;35;1
38;15;0;0;45;1
52;13;0;1;20;1
32;14;0;0;55;1
51;16;0;0;40;1
46;15;0;0;40;1
45;7;0;0;76;1
57;14;0;0;50;1
22;12;1;0;40;1
34;13;0;0;50;1
37;13;0;0;40;1
29;7;0;1;42;-1
61;9;0;1;25;-1
51;10;0;0;40;-1
61;9;0;0;32;-1
21;11;0;0;40;-1
33;2;0;0;32;-1
49;3;0;0;40;-1
37;6;0;0;50;1
38;6;0;0;90;1
23;10;0;0;40;1
59;6;0;1;50;1
52;15;0;0;60;1
51;13;0;0;50;1
60;9;1;0;50;1
63;16;0;1;60;1
53;9;0;0;48;1
51;15;0;1;50;1
37;16;0;1;60;1
54;14;0;1;40;1
44;13;0;0;50;1
43;14;0;1;40;1
51;10;0;1;40;1
43;14;0;1;40;1
71;9;0;0;15;-1
48;13;0;1;70;1
71;9;0;0;52;-1
73;9;2;0;40;-1
68;10;0;1;40;-1
67;10;0;0;40;-1
40;15;0;0;45;1
50;9;0;1;72;1
51;11;0;0;39;1
42;10;0;1;40;1
39;14;0;0;45;1
32;13;0;0;50;1
53;10;0;0;45;1
40;10;0;0;40;1
38;13;0;1;45;1
33;11;0;0;42;1
43;12;0;0;70;1
50;7;0;0;40;1
44;10;0;1;6;1
51;13;2;0;40;1
41;15;0;0;40;1
60;11;0;0;70;1
37;14;0;0;60;1
55;15;0;0;35;1
39;13;0;0;60;1
42;15;0;0;60;1
49;13;0;0;55;1
47;9;0;0;50;1
41;15;0;0;45;1
55;13;0;0;50;1
39;14;0;1;65;1
42;13;0;0;60;1
41;11;0;0;12;1
46;14;0;0;65;1
40;14;0;0;45;1
32;13;0;0;48;1
41;10;0;0;55;1
60;15;0;0;80;1
31;14;0;0;70;1
58;10;0;0;40;1
37;13;0;0;50;1
44;13;0;0;50;1
39;15;0;0;50;1
43;15;2;0;55;1
55;13;0;0;50;1
44;14;0;0;55;1
39;15;2;0;67;1
46;13;0;0;40;1
39;10;0;0;99;1
62;13;0;0;60;1
31;9;0;1;40;1
46;13;2;0;35;1
46;15;0;0;80;1
39;11;0;0;40;1
39;15;0;0;99;1
59;16;0;0;45;1
50;15;0;0;60;1
46;16;0;0;55;1
53;13;0;0;40;1
50;15;0;0;30;1
41;15;0;1;55;1
36;13;0;0;45;1
38;15;0;0;90;1
54;10;0;0;50;1
50;13;0;1;20;1
47;13;0;0;60;1
47;15;0;0;45;1
67;13;0;0;40;1
67;13;0;0;75;1
72;16;0;0;25;1
72;16;0;0;6;1
46;14;0;0;50;1
78;13;0;0;40;1
71;13;0;0;60;1
83;13;0;0;55;1
68;14;0;0;40;1
26;11;0;0;45;-1
68;16;0;0;60;1
49;9;0;1;40;1
36;9;0;0;60;-1
70;13;0;0;12;1
27;10;1;1;20;-1
35;10;0;0;40;-1
23;9;0;0;40;-1
81;9;0;0;26;1
66;16;0;0;25;1
71;9;0;0;45;1
68;10;0;0;55;1
68;14;0;0;42;1
65;13;0;0;40;1
52;9;1;0;40;-1
40;12;0;0;50;-1
68;13;0;0;35;1
21;10;0;0;48;-1
35;9;0;0;40;-1
70;13;0;0;50;1
61;9;0;0;50;-1
65;9;0;0;65;-1
46;3;0;1;45;-1
26;13;0;0;55;-1
59;9;0;0;40;-1
61;3;1;0;40;-1
60;13;0;1;40;-1
49;10;0;0;50;-1
34;13;2;0;40;-1
25;13;0;1;35;-1
55;10;1;1;45;-1
59;9;1;1;40;-1
28;10;0;0;40;-1
43;11;0;1;36;-1
56;14;0;1;60;-1
41;9;0;0;40;-1
42;9;1;1;40;-1
28;15;0;0;40;-1
40;15;0;1;35;-1
69;13;0;0;40;1
66;9;0;0;40;-1
69;3;0;0;40;-1
55;14;0;1;40;-1
57;9;0;0;40;-1
20;10;0;0;10;-1
33;9;0;0;84;-1
30;10;2;0;40;-1
40;13;2;1;48;-1
38;10;0;0;55;1
46;12;0;0;38;1
29;13;0;1;45;1
57;13;0;0;40;-1
39;9;0;0;42;1
47;13;0;0;40;1
26;13;0;0;45;1
27;9;0;0;50;-1
23;13;0;1;40;1
34;14;0;0;50;-1
33;8;0;0;42;-1
38;14;0;1;60;-1
57;10;0;1;38;1
36;9;0;0;70;-1
44;13;0;0;40;1
49;16;0;1;50;1
44;10;0;0;60;-1
55;10;0;0;62;1
45;9;0;0;44;1
48;9;0;1;40;1
31;13;0;0;45;1
55;9;0;1;40;1
70;10;0;0;40;1
70;14;0;0;8;1
73;13;0;0;40;1
72;15;0;0;28;1
31;9;0;1;40;-1
28;6;0;1;35;-1
23;13;0;0;40;1
49;5;0;0;40;1
27;10;0;0;40;1
90;9;1;0;40;-1
68;9;0;1;30;-1
65;9;0;1;59;-1
65;9;0;1;10;-1
67;13;0;1;5;-1
66;13;1;1;25;-1
24;10;0;0;24;-1
44;10;0;0;35;-1
35;10;0;1;40;-1
20;12;0;1;18;-1
38;9;0;0;40;-1
39;10;1;1;40;-1
32;10;0;1;40;-1
42;4;1;0;40;-1
63;9;0;1;40;-1
42;14;2;0;60;1
64;7;0;0;40;-1
28;4;3;0;40;-1
41;11;3;0;84;-1
41;4;0;0;40;-1
58;2;0;0;18;-1
59;10;0;0;40;-1
34;9;0;1;12;-1
45;9;0;0;45;-1
29;9;0;1;40;-1
47;6;0;0;52;-1
40;10;0;0;40;-1
47;3;0;0;50;-1
63;13;0;0;45;-1
41;9;0;0;40;-1
34;10;1;0;40;-1
66;13;0;0;40;1
65;10;0;0;10;1
70;9;0;0;40;1
75;15;0;0;50;1
65;9;0;0;40;1
65;10;1;0;40;1
73;10;0;0;50;1
60;13;2;0;25;-1
68;11;0;0;40;-1
74;9;0;0;20;-1
43;3;2;1;72;-1
19;7;0;0;55;-1
37;9;0;0;40;-1
45;12;2;0;40;-1
64;14;2;0;60;-1
30;9;0;0;40;-1
51;10;0;1;60;-1
35;7;0;0;40;-1
29;9;0;1;20;-1
34;10;0;1;40;-1
41;9;0;0;60;-1
35;10;0;0;45;-1
26;10;0;0;40;-1
54;9;0;0;50;-1
52;9;0;0;40;-1
50;9;0;0;20;-1
31;10;0;0;40;-1
38;9;0;0;40;-1
30;10;0;0;40;-1
34;13;0;0;40;-1
31;10;0;0;57;-1
52;9;0;0;38;-1
54;9;0;0;40;-1
38;9;0;0;44;-1
39;9;0;0;40;-1
29;11;0;0;40;-1
45;9;0;0;40;-1
34;9;0;0;55;-1
38;9;0;0;40;-1
39;6;0;0;40;-1
61;9;0;0;20;-1
43;7;0;0;40;-1
35;10;0;0;40;-1
46;10;0;0;50;-1
38;9;0;0;40;-1
42;9;0;0;48;-1
34;12;0;0;10;-1
29;4;0;0;40;-1
32;7;0;0;30;-1
60;9;0;0;34;-1
49;9;0;0;40;-1
53;9;0;0;45;-1
56;4;0;0;40;-1
48;7;0;0;40;-1
32;13;2;0;40;-1
42;9;0;0;40;-1
32;12;0;0;42;-1
28;12;0;0;40;-1
26;11;0;0;40;-1
59;13;0;0;50;-1
47;13;0;0;30;-1
26;13;0;0;40;-1
41;9;0;0;60;-1
36;9;0;1;40;-1
45;13;0;0;55;-1
30;12;0;0;40;-1
36;9;0;0;40;-1
34;9;0;0;40;-1
53;9;0;0;40;-1
51;9;0;0;45;-1
47;16;0;0;45;-1
19;9;0;0;40;-1
30;9;0;0;42;-1
20;9;0;0;40;-1
42;14;0;0;60;-1
31;7;0;0;40;-1
33;13;0;0;40;-1
25;12;0;1;30;-1
20;9;0;0;40;-1
23;9;1;0;40;-1
55;9;1;1;40;-1
41;10;0;0;50;-1
54;9;0;0;35;-1
25;9;0;0;50;-1
19;10;0;1;40;-1
24;9;0;1;37;-1
56;13;1;0;65;-1
21;10;0;1;40;-1
34;9;1;0;40;-1
19;9;0;0;40;-1
21;10;0;0;45;-1
48;9;0;1;40;-1
34;13;0;0;40;-1
31;9;0;0;40;-1
36;9;1;1;40;-1
27;9;0;0;40;-1
27;10;2;0;40;-1
35;13;0;1;65;-1
31;13;0;0;60;-1
27;9;1;0;40;-1
28;12;0;1;40;-1
42;9;0;0;46;-1
44;10;0;0;45;-1
41;13;0;0;56;-1
28;13;0;1;35;-1
41;9;0;1;40;-1
35;6;1;1;40;-1
58;14;0;1;45;-1
40;9;0;0;48;-1
31;11;0;0;60;-1
30;9;0;1;40;-1
32;10;2;0;40;-1
25;10;0;0;40;-1
34;9;0;0;40;-1
56;10;0;1;40;-1
45;9;0;0;40;-1
50;9;0;0;40;-1
27;6;0;0;40;-1
51;10;0;0;40;1
40;12;0;0;60;1
41;14;0;0;65;1
49;14;0;0;45;1
37;11;0;0;40;1
36;13;0;1;45;1
35;15;0;0;80;1
29;9;0;1;25;1
50;13;0;1;40;1
46;13;0;0;40;1
44;9;0;0;45;1
42;14;0;0;40;1
38;15;0;0;50;1
45;13;0;0;55;1
43;14;0;0;60;1
47;15;0;0;60;1
58;15;0;0;50;1
48;15;0;0;40;1
42;13;0;0;48;1
55;14;0;0;50;1
51;6;0;0;40;1
32;14;1;0;40;1
45;13;0;0;50;1
56;14;0;0;44;1
38;14;0;0;60;1
45;11;0;0;50;1
49;14;0;1;40;1
36;9;0;0;40;1
49;14;0;0;40;1
30;16;2;0;40;1
42;15;0;0;50;1
55;14;0;0;40;1
34;13;0;0;45;1
54;16;0;0;50;1
42;13;0;0;70;1
25;13;0;0;40;1
55;9;0;0;45;1
58;14;0;0;50;1
62;9;0;0;60;1
43;15;0;0;40;1
57;14;1;1;40;1
42;16;0;0;60;1
63;13;2;0;32;1
47;15;0;0;50;1
37;13;0;0;50;1
40;13;0;0;60;1
43;13;0;0;50;1
43;15;0;0;70;1
41;15;0;0;60;1
32;15;0;0;60;1
47;13;0;0;40;1
39;10;0;0;60;1
53;10;0;0;40;1
34;13;0;0;45;1
36;13;0;0;40;1
47;14;0;0;41;1
52;11;0;0;45;1
40;15;2;0;60;1
42;13;0;0;40;1
51;14;0;0;40;1
55;14;0;0;20;1
38;9;0;0;99;1
52;10;0;0;50;1
60;9;0;0;40;1
55;11;0;0;50;1
47;14;1;0;50;1
46;14;0;0;40;1
35;14;0;0;45;1
59;13;0;0;50;1
57;14;0;0;45;1
46;10;0;0;50;1
46;14;0;0;40;1
52;9;0;0;40;1
45;16;0;1;30;1
37;13;0;0;40;1
46;14;0;0;45;1
44;13;1;0;50;1
45;11;0;0;50;1
43;9;0;0;52;1
54;14;0;0;40;1
50;14;0;0;40;1
51;13;0;0;60;1
45;13;0;0;40;1
36;14;0;0;60;1
27;13;0;0;50;1
36;13;0;0;35;1
53;14;0;0;55;1
51;14;0;0;35;1
28;13;0;1;24;1
47;10;0;0;40;1
45;13;0;0;60;1
45;14;0;1;35;1
39;15;0;0;50;1
39;13;0;0;40;1
55;14;0;0;40;1
62;10;0;0;98;1
49;13;2;0;50;1
53;14;0;0;40;1
31;14;0;0;48;1
42;9;0;0;60;1
39;13;0;0;45;1
60;13;0;0;45;1
26;15;0;0;40;1
37;14;0;0;40;1
45;13;0;0;60;1
37;12;0;0;45;1
32;13;0;0;45;1
39;9;0;0;40;1
58;6;0;1;35;1
45;14;0;0;43;1
41;13;0;0;45;1
36;9;0;0;65;1
51;14;0;0;60;1
39;10;0;0;62;1
56;15;0;0;50;1
53;9;1;0;40;1
40;11;0;1;15;1
57;14;1;0;40;1
50;9;0;0;35;1
34;15;0;0;55;1
35;13;0;1;30;1
30;9;0;0;15;1
53;14;0;0;55;1
31;16;0;0;70;1
37;13;0;0;60;1
34;13;0;0;50;1
36;14;0;0;50;1
40;13;0;0;50;1
51;10;0;0;60;1
33;9;0;0;45;1
40;16;0;1;20;1
50;4;0;0;63;1
46;14;0;0;60;1
54;16;0;0;50;1
39;14;0;1;24;1
54;10;0;0;40;1
31;16;0;0;99;1
51;14;0;0;50;1
55;16;0;0;55;1
36;14;0;0;40;1
41;13;2;0;60;1
56;10;0;1;50;1
38;13;0;0;40;1
47;9;0;0;45;1
39;14;0;0;45;1
59;13;0;0;50;1
54;16;0;0;43;1
54;13;0;1;35;1
31;13;0;0;55;1
59;10;0;0;48;1
46;14;0;0;50;1
57;16;0;0;40;1
36;14;0;1;44;1
44;13;0;0;40;1
33;15;0;0;50;1
54;10;0;0;18;1
55;14;0;0;60;1
36;14;0;0;50;1
49;15;0;1;60;1
41;15;0;0;50;1
40;16;2;0;45;1
43;13;0;0;50;1
39;14;0;1;20;1
26;13;0;1;40;1
48;15;0;0;45;1
43;13;0;0;50;1
42;13;0;0;60;1
36;13;0;0;45;1
39;14;0;0;40;-1
21;10;2;0;40;-1
23;10;0;1;40;-1
47;9;0;1;40;-1
30;9;0;1;40;-1
35;10;0;0;40;-1
26;10;0;1;40;-1
26;13;0;0;55;-1
41;14;0;0;40;-1
30;10;1;0;40;-1
28;9;0;0;40;-1
56;9;0;1;40;-1
35;9;0;0;40;-1
34;11;0;1;40;-1
29;9;0;0;35;-1
23;12;0;1;20;-1
24;9;0;1;40;-1
62;10;0;0;40;-1
77;10;0;1;1;-1
47;15;0;1;60;1
48;16;0;0;60;1
42;15;0;0;50;1
31;14;0;0;40;1
43;13;0;0;40;1
50;16;0;0;65;1
36;13;0;0;50;1
49;14;0;0;40;1
38;9;0;0;40;1
48;16;0;1;46;1
46;13;0;0;40;1
56;9;0;0;60;1
37;9;0;0;45;1
51;9;1;0;40;1
43;14;0;0;40;1
46;9;0;0;40;-1
42;14;0;0;60;1
45;10;0;1;35;1
23;10;0;0;40;-1
45;13;0;0;40;1
30;9;0;0;40;-1
49;16;1;0;60;1
49;12;0;1;40;1
57;15;2;0;40;1
42;13;0;0;80;1
43;10;0;1;40;1
43;10;0;0;40;1
42;15;0;0;60;1
53;13;0;0;55;1
40;14;0;0;48;1
46;14;0;0;40;1
41;13;0;0;60;1
49;13;0;0;40;1
31;13;0;0;50;1
34;14;0;0;50;1
40;14;2;0;40;1
50;10;0;1;38;1
54;9;2;0;40;1
49;10;0;0;50;1
44;14;0;1;60;1
57;13;0;0;40;1
28;14;0;1;55;-1
57;10;0;0;40;1
59;13;0;0;43;1
38;12;0;1;40;1
36;9;0;0;60;1
55;10;0;0;40;1
34;9;0;0;60;1
51;10;0;0;50;1
46;9;0;0;70;1
33;14;0;0;45;1
31;13;0;1;35;1
31;13;0;1;35;1
59;9;0;0;52;1
48;12;0;0;40;1
33;13;0;0;45;1
46;10;0;0;50;1
53;13;1;0;40;1
39;14;0;1;18;1
44;9;0;0;40;1
45;14;0;0;50;1
42;13;0;0;40;1
24;4;0;0;40;1
57;13;0;0;40;1
51;13;0;0;40;1
50;13;0;0;40;1
50;13;0;0;50;1
52;14;0;0;50;1
46;13;0;0;42;1
44;10;2;0;40;1
47;13;0;0;45;1
36;13;0;0;45;1
34;10;0;0;38;1
49;13;0;0;50;1
45;13;0;0;45;1
46;13;0;0;50;1
53;13;0;0;48;1
63;16;0;0;50;1
52;13;0;0;40;1
44;13;1;0;40;1
37;13;0;0;40;1
44;16;0;0;40;1
53;13;0;0;40;1
32;13;0;0;40;1
50;16;0;0;45;1
42;14;2;0;40;1
50;12;0;0;40;1
33;13;0;0;55;1
50;14;0;1;40;1
32;13;0;1;32;1
41;9;0;0;40;1
54;9;0;0;55;1
34;12;1;0;50;1
41;13;0;0;55;1
39;15;0;0;50;1
42;14;0;0;40;1
31;13;0;0;45;1
45;11;0;0;42;1
41;13;0;0;42;1
48;14;0;1;38;1
32;9;0;0;55;1
41;10;1;0;40;1
31;13;0;1;40;1
30;10;2;0;40;1
41;10;0;1;40;1
48;14;0;0;40;1
60;16;0;0;40;1
38;13;2;0;65;1
46;3;2;0;40;-1
28;10;0;0;55;1
64;16;0;0;60;1
31;13;0;1;20;1
42;14;0;0;50;1
43;11;0;1;32;1
61;10;0;0;35;1
48;16;2;0;40;1
46;14;0;0;45;1
44;13;0;0;50;1
39;10;0;0;50;1
46;13;0;0;40;1
48;16;0;0;50;1
27;7;0;0;40;1
22;10;0;0;37;-1
51;13;0;0;40;-1
48;10;0;0;40;1
52;11;0;0;40;1
31;9;0;0;40;1
53;13;0;0;40;1
51;14;0;0;60;1
46;16;0;1;52;1
25;10;1;0;36;1
46;9;1;0;40;1
57;9;0;0;30;1
44;13;0;0;50;1
42;9;0;0;50;1
42;14;0;0;40;1
30;13;0;0;55;1
54;16;0;0;50;1
46;15;0;0;45;1
33;13;0;0;50;1
38;10;0;0;50;1
50;14;0;0;45;1
46;7;0;0;40;1
41;14;0;1;35;1
56;13;0;0;65;1
39;13;0;0;50;1
46;16;0;0;50;1
48;4;0;0;40;-1
35;16;2;0;40;1
56;10;0;0;60;1
49;9;0;0;60;1
61;15;0;0;40;1
43;9;0;0;40;1
37;9;0;0;50;-1
43;13;0;0;40;1
41;9;0;0;40;1
61;9;0;0;40;1
30;13;0;0;40;1
58;10;0;0;40;1
40;9;0;0;40;1
44;14;0;0;40;1
40;13;0;0;32;1
58;9;0;0;40;-1
48;9;0;0;40;1
49;9;0;0;40;-1
50;13;0;0;50;1
43;13;0;0;55;1
53;9;0;0;40;1
42;16;0;0;50;1
56;9;0;0;40;1
44;13;0;0;56;1
29;13;0;1;50;1
35;9;0;0;40;1
44;9;0;0;40;1
34;13;0;0;48;1
42;14;2;0;55;1
43;13;0;0;40;1
57;11;0;0;45;-1
50;13;1;0;60;1
45;10;0;0;40;1
32;13;0;0;60;1
33;13;0;0;45;1
43;10;0;0;15;1
32;9;0;0;50;1
36;9;0;0;48;1
50;9;0;0;60;1
27;9;0;0;45;-1
60;15;0;0;40;1
53;14;0;0;50;1
61;16;0;0;40;1
32;13;0;0;40;1
52;13;0;0;60;1
37;9;0;0;55;1
33;9;0;1;40;1
57;16;0;0;40;1
43;9;0;0;99;1
50;9;0;0;40;1
43;10;0;0;40;1
45;9;0;0;40;1
37;9;0;0;45;1
31;14;0;0;43;1
33;12;0;0;50;1
56;9;0;0;50;1
43;10;0;1;50;1
28;10;0;1;40;1
52;6;0;0;47;1
38;13;0;0;40;1
40;4;1;0;40;1
57;9;0;0;40;1
41;10;0;0;50;1
37;9;0;0;50;1
42;9;0;0;40;1
44;14;0;0;35;1
39;13;0;0;50;1
53;10;2;1;40;1
51;10;0;0;65;1
38;13;0;0;50;1
43;10;0;0;40;1
33;12;0;0;60;1
43;13;0;0;40;1
35;13;0;0;45;1
41;10;0;0;50;1
45;10;0;0;40;1
59;9;0;0;40;1
30;14;0;0;45;1
32;13;0;0;45;1
39;13;0;0;60;1
43;13;0;1;70;1
32;13;0;0;55;1
39;9;0;0;40;1
37;13;0;0;40;1
34;10;0;1;40;1
46;10;0;0;45;1
51;16;0;0;40;1
29;9;0;0;55;1
34;13;0;1;40;1
50;10;0;0;35;1
34;10;0;0;40;1
58;6;0;0;40;1
56;3;0;0;67;1
34;13;1;0;48;1
36;13;0;0;40;1
46;9;0;0;40;1
35;13;2;0;50;1
50;9;0;0;40;1
27;13;0;0;45;1
32;12;0;0;40;1
44;9;0;0;70;1
39;9;0;0;46;1
33;9;0;1;20;1
59;9;0;0;40;1
59;10;0;0;55;1
51;10;0;0;40;1
37;11;0;0;40;1
57;9;1;0;40;1
25;11;0;1;40;1
54;9;0;0;65;1
47;10;0;0;40;1
52;16;0;0;70;1
40;13;0;0;40;1
27;13;0;0;60;1
31;13;1;0;40;1
41;9;0;0;55;1
41;9;0;0;45;1
50;9;1;0;55;1
36;10;0;0;40;1
27;9;1;1;40;1
46;10;0;0;40;1
61;9;0;0;40;1
39;13;0;0;40;1
47;9;0;0;45;1
45;9;0;0;40;1
55;9;0;1;40;1
38;7;0;0;45;1
57;13;0;0;55;1
38;6;0;0;40;1
28;13;0;0;40;1
40;10;0;0;40;1
36;13;0;0;50;1
36;9;0;0;60;1
30;9;0;0;50;1
35;9;0;1;42;1
32;9;0;0;60;1
55;9;0;0;40;1
29;9;0;0;30;1
37;12;0;0;40;1
36;11;0;0;50;1
42;14;0;1;48;1
40;16;0;0;50;1
26;14;0;0;40;1
44;14;0;0;60;1
47;13;0;0;40;1
35;14;0;0;40;1
58;10;0;0;40;1
41;9;0;0;55;1
41;9;0;0;40;1
38;16;0;0;50;1
47;13;0;0;40;1
39;9;1;0;40;1
42;10;0;0;50;1
42;13;0;0;40;1
37;11;0;1;35;1
41;13;0;0;40;1
51;9;0;0;40;1
50;13;0;0;50;1
43;6;1;0;40;1
28;12;0;0;70;1
35;12;0;0;45;1
59;9;0;0;40;1
28;13;0;0;40;1
42;15;0;0;40;1
51;14;0;0;47;1
54;14;0;0;44;1
45;9;0;0;40;1
38;13;1;1;40;1
46;14;0;0;40;1
33;10;0;0;40;1
36;13;0;0;40;1
36;16;0;0;50;1
61;10;0;0;40;1
30;9;0;0;48;1
50;11;0;1;36;1
58;11;0;0;48;1
43;13;0;0;40;1
40;10;0;0;68;1
55;9;0;0;40;1
52;13;0;0;40;1
44;10;0;0;55;1
39;15;0;0;50;1
45;13;0;0;60;1
42;13;0;0;40;1
29;10;0;0;50;1
46;10;0;0;40;1
55;13;0;0;40;1
33;15;0;0;40;1
44;10;0;0;60;1
37;13;0;0;47;1
64;12;0;0;50;1
43;14;0;0;45;1
36;13;0;0;35;1
55;13;0;0;40;1
34;9;0;0;45;1
29;11;0;0;48;1
37;10;1;0;60;1
42;13;2;1;40;1
41;12;0;0;40;1
45;10;0;0;40;1
35;9;2;0;50;1
61;11;0;0;60;1
49;10;0;0;40;1
52;9;0;0;60;1
46;12;0;0;50;1
23;14;2;0;50;1
36;10;0;0;40;1
43;9;3;0;40;1
35;14;0;0;40;1
39;9;0;0;40;1
39;13;0;0;40;1
47;14;0;0;50;1
53;10;0;0;40;1
53;10;0;0;45;1
26;14;0;1;40;-1
52;9;0;0;50;-1
61;3;0;0;56;-1
28;9;1;0;40;-1
42;14;0;1;40;-1
44;14;0;0;42;-1
51;9;0;0;40;-1
39;9;0;0;40;-1
36;13;0;0;44;-1
45;10;0;0;50;-1
27;13;0;0;40;-1
40;14;0;1;35;-1
25;13;0;1;40;-1
47;9;0;0;40;-1
32;13;0;0;50;-1
53;9;0;1;38;-1
32;10;0;0;60;-1
49;9;0;0;40;-1
27;11;0;1;36;-1
26;13;0;0;38;-1
60;9;1;0;50;-1
56;14;0;0;60;-1
58;12;0;0;40;-1
39;13;0;0;50;-1
53;14;0;1;38;-1
27;10;2;0;45;-1
46;14;0;1;60;-1
30;9;0;0;45;-1
38;9;0;0;40;-1
41;13;0;1;40;-1
27;9;0;0;75;-1
43;13;0;0;40;-1
30;13;0;0;40;-1
25;13;0;1;40;-1
26;13;0;0;38;-1
53;13;0;1;54;-1
39;7;0;0;46;-1
47;10;0;1;40;-1
44;10;0;0;55;-1
61;9;0;0;60;1
44;12;0;0;40;1
28;9;0;0;42;1
34;13;0;0;40;1
39;13;0;0;40;1
41;11;0;0;48;1
35;13;0;0;70;1
34;9;0;0;50;1
30;12;0;0;50;1
30;9;0;0;50;1
33;13;0;0;45;1
60;9;0;0;40;1
31;9;0;0;40;1
50;9;0;0;40;1
27;9;0;0;45;1
37;9;0;0;65;1
30;9;0;0;40;1
49;10;0;0;44;1
52;14;1;1;40;1
39;8;0;0;40;1
37;9;0;0;48;1
39;14;0;0;50;1
38;13;0;0;54;1
44;13;0;0;40;1
45;10;0;0;40;1
54;9;0;0;40;1
58;12;1;0;40;1
36;13;0;0;55;1
45;5;0;0;40;1
46;11;0;0;40;1
41;9;0;0;45;1
41;14;0;0;40;1
34;9;0;0;50;1
33;16;0;0;40;1
63;13;0;0;40;1
56;10;0;0;50;1
48;9;0;1;40;1
40;12;0;0;55;1
59;10;0;0;45;1
32;13;0;0;50;1
29;13;0;0;60;1
41;9;0;0;40;1
30;10;0;0;40;1
34;14;0;0;40;1
41;10;0;0;65;1
46;13;0;0;45;1
39;14;0;0;45;1
26;9;1;0;60;1
27;13;0;0;55;1
61;13;0;0;40;1
37;13;0;1;40;1
67;10;0;0;70;-1
66;10;0;0;40;1
66;9;0;0;10;1
74;13;0;0;12;1
66;9;0;0;40;1
71;10;1;0;2;-1
80;10;0;0;60;-1
24;9;0;1;40;-1
20;7;2;1;40;-1
28;10;0;0;40;-1
59;9;0;1;30;-1
24;9;0;1;32;-1
24;10;0;0;40;-1
52;9;0;1;40;-1
39;13;0;0;40;-1
43;9;1;1;35;-1
22;6;0;1;25;-1
30;12;0;1;40;-1
21;7;0;0;40;-1
24;9;0;1;40;-1
21;10;0;1;28;-1
49;14;0;0;45;1
52;13;0;1;40;1
38;10;0;0;40;-1
30;13;0;0;48;-1
38;13;2;0;40;-1
25;8;0;0;40;-1
34;13;0;1;45;-1
24;13;0;0;45;-1
25;13;0;0;40;-1
31;13;0;0;38;-1
39;13;0;0;40;-1
35;9;0;0;60;-1
31;6;0;0;40;-1
30;9;0;0;42;-1
42;14;0;1;35;-1
42;10;0;1;50;-1
41;13;0;1;40;-1
46;9;0;0;40;-1
34;13;0;0;40;-1
33;9;1;0;40;-1
36;13;0;0;40;-1
36;13;0;1;40;-1
44;12;1;1;40;-1
28;9;0;1;52;-1
52;9;0;1;38;-1
43;13;0;0;40;-1
45;9;0;1;40;-1
30;13;0;0;45;-1
50;10;0;0;48;-1
41;13;0;1;20;-1
31;10;0;1;20;-1
27;9;0;0;40;-1
63;13;0;0;35;-1
33;9;0;1;25;-1
28;9;0;0;40;-1
34;10;0;0;40;-1
31;11;0;0;40;-1
30;15;1;0;40;-1
47;12;0;0;40;-1
35;9;0;0;40;-1
32;10;0;0;47;-1
33;10;0;0;50;-1
38;9;0;0;48;-1
35;10;0;0;40;-1
42;9;0;0;43;-1
47;13;0;0;40;-1
34;9;0;1;35;-1
53;10;0;0;40;-1
37;12;0;0;45;-1
33;10;0;0;40;-1
32;10;3;1;40;-1
38;13;0;0;40;-1
52;10;0;0;60;-1
35;13;0;0;80;-1
46;14;0;0;60;-1
28;9;0;0;30;-1
58;12;0;0;40;-1
29;13;0;0;70;-1
30;10;0;0;40;-1
53;9;0;0;50;-1
53;9;1;0;40;-1
31;12;0;1;40;-1
46;10;0;0;40;-1
59;11;0;0;50;-1
62;9;0;0;40;-1
46;9;0;0;35;-1
45;10;0;0;50;-1
63;10;0;0;40;-1
73;2;0;0;20;-1
75;10;1;0;40;-1
45;15;1;1;40;-1
39;9;0;0;40;-1
32;10;0;1;38;-1
25;13;0;1;60;-1
24;5;0;0;40;-1
24;9;1;0;30;-1
31;7;1;0;40;-1
31;10;0;0;16;-1
20;9;1;1;30;-1
39;10;0;1;55;-1
19;9;0;1;40;-1
18;9;0;1;40;-1
18;10;0;0;20;-1
23;12;0;0;20;-1
19;10;0;1;30;-1
17;7;0;0;15;-1
17;8;0;1;25;-1
22;10;1;0;20;-1
19;10;2;1;25;-1
21;10;0;1;35;-1
23;10;0;1;40;-1
39;6;0;1;15;-1
20;10;0;1;28;-1
20;12;0;0;20;-1
21;9;0;1;16;-1
18;9;0;1;15;-1
30;10;0;1;25;-1
19;10;0;0;16;-1
22;10;0;0;30;-1
26;1;0;0;40;-1
19;9;0;1;40;-1
22;9;0;0;40;-1
37;13;1;0;32;-1
47;5;0;1;30;-1
57;9;0;1;25;-1
21;10;0;0;30;-1
21;9;1;0;25;-1
25;9;0;0;16;-1
23;13;0;1;40;-1
17;5;0;0;15;-1
19;5;0;0;35;-1
17;7;0;0;18;-1
20;10;0;0;36;-1
21;10;0;1;9;-1
32;9;0;0;60;-1
50;9;0;0;60;-1
31;10;0;0;50;-1
60;5;0;0;84;-1
34;9;0;0;40;-1
34;11;0;0;50;-1
45;9;0;0;40;-1
57;10;0;0;45;-1
55;7;1;0;40;-1
61;10;0;0;40;-1
51;13;0;0;70;-1
35;9;0;0;50;-1
29;10;0;0;40;-1
40;9;0;0;45;-1
46;9;0;0;50;-1
48;4;0;0;55;-1
36;13;0;0;50;-1
46;9;0;0;50;-1
42;9;0;0;40;-1
57;10;0;0;45;-1
43;10;0;0;44;-1
28;9;0;0;50;-1
49;9;0;0;44;-1
49;9;0;0;98;-1
33;9;0;0;55;-1
30;10;0;0;45;-1
54;9;0;0;50;-1
56;10;0;0;40;-1
36;13;0;1;38;-1
40;9;0;0;40;-1
32;9;0;0;40;-1
47;12;0;0;65;-1
40;1;0;0;40;-1
37;9;0;0;60;-1
28;11;0;1;42;-1
37;9;0;0;55;-1
48;10;1;1;38;-1
31;9;0;0;50;-1
26;13;0;1;50;-1
23;9;0;0;55;-1
39;13;1;0;60;-1
49;9;0;0;40;-1
56;14;0;0;40;-1
47;11;0;1;40;-1
34;9;0;1;45;-1
32;9;1;1;45;-1
28;10;0;0;60;-1
38;14;0;1;55;-1
34;9;0;0;45;-1
36;12;0;0;45;-1
30;9;0;1;70;-1
26;14;0;1;40;-1
40;14;0;1;40;-1
56;16;0;1;38;-1
44;14;0;1;40;-1
33;11;0;0;55;-1
53;14;1;1;35;-1
61;9;1;1;50;-1
65;15;0;0;40;-1
81;13;0;1;3;-1
68;4;0;1;40;-1
68;9;0;0;20;-1
39;5;0;0;40;-1
61;4;1;0;40;-1
61;4;0;0;40;-1
46;4;2;0;40;-1
56;8;0;0;40;-1
30;7;2;0;40;-1
35;9;0;0;40;-1
34;10;0;0;38;-1
27;10;0;0;40;-1
65;14;0;0;4;-1
74;10;0;0;35;-1
26;3;0;0;50;-1
62;15;0;0;70;-1
45;9;0;0;45;-1
28;9;0;0;40;-1
37;9;0;0;40;-1
28;9;0;0;60;-1
46;10;0;0;40;-1
39;9;1;0;40;-1
34;10;0;1;12;-1
37;9;0;0;40;-1
41;11;0;1;5;-1
39;11;0;0;48;-1
51;12;0;1;30;-1
42;10;0;0;40;-1
40;9;0;1;45;-1
23;10;0;1;25;-1
43;10;0;1;72;-1
55;9;0;1;40;-1
56;9;0;1;40;-1
44;13;0;1;20;-1
30;10;0;0;40;-1
36;10;0;1;40;-1
62;10;0;1;33;-1
33;9;0;1;40;-1
19;10;0;1;10;-1
26;10;0;0;40;-1
19;4;0;0;32;-1
19;10;0;0;24;-1
25;9;0;0;40;-1
26;9;0;1;15;-1
22;9;1;0;30;-1
19;10;0;1;40;-1
32;9;1;1;20;-1
18;10;0;1;20;-1
22;10;0;0;10;-1
21;10;0;0;16;-1
20;10;2;1;40;-1
18;7;1;0;48;-1
25;6;1;0;40;-1
21;11;0;1;30;-1
21;10;0;0;10;-1
17;7;0;1;12;-1
57;4;0;1;3;-1
23;13;0;0;12;-1
30;9;0;1;30;-1
18;7;0;0;40;-1
18;10;0;1;24;-1
17;6;0;1;18;-1
39;4;0;0;35;-1
18;7;1;0;23;-1
19;9;0;1;30;-1
18;10;1;1;40;-1
17;6;0;1;40;-1
21;10;1;1;12;-1
18;10;1;1;35;-1
19;8;0;0;20;-1
18;7;1;1;20;-1
18;10;0;0;15;-1
19;10;0;1;40;-1
17;7;1;1;40;-1
17;6;0;1;12;-1
18;9;0;1;20;-1
19;6;0;0;45;-1
20;10;0;0;15;-1
57;2;0;1;45;-1
17;6;0;1;10;-1
21;10;0;1;22;-1
18;9;2;1;38;-1
20;8;3;0;40;-1
46;13;0;1;8;-1
18;9;0;1;20;-1
23;9;1;1;20;-1
27;9;0;1;26;-1
48;6;0;1;32;-1
46;4;0;1;24;-1
31;9;0;1;30;-1
25;12;0;1;25;-1
26;9;1;1;40;-1
35;9;1;1;40;-1
27;13;1;1;40;-1
29;10;3;0;40;-1
39;9;0;0;40;-1
42;13;0;0;40;-1
20;9;0;0;40;-1
32;10;0;1;54;-1
50;9;0;0;40;-1
55;13;0;1;38;-1
29;11;0;1;64;-1
41;4;0;0;40;-1
25;13;0;0;60;-1
46;13;0;0;40;-1
29;13;3;1;40;-1
23;9;0;0;48;-1
25;13;0;0;35;-1
42;10;0;0;40;-1
41;9;0;0;40;-1
32;13;0;1;40;-1
25;10;0;0;40;-1
41;13;1;0;40;-1
24;9;0;0;40;-1
44;10;1;1;40;-1
29;13;0;0;50;-1
51;9;0;1;40;-1
39;6;1;0;40;-1
28;10;0;0;40;-1
48;10;0;1;38;-1
34;13;0;0;50;-1
45;9;2;1;40;-1
47;9;0;0;40;-1
50;14;0;1;45;-1
32;14;0;1;40;-1
46;9;0;1;43;-1
32;13;0;1;42;-1
34;9;0;1;40;-1
32;9;0;0;62;-1
35;13;2;0;40;-1
29;9;2;0;45;-1
46;9;0;0;48;-1
30;15;0;0;80;-1
34;10;0;0;40;-1
35;10;0;0;40;-1
31;10;0;0;45;-1
21;11;0;1;40;-1
40;10;0;0;40;-1
48;9;0;0;40;-1
41;3;3;0;40;-1
33;13;0;0;42;-1
31;10;0;0;40;-1
54;10;0;0;48;-1
51;9;0;0;40;-1
25;9;0;0;40;-1
43;8;0;0;40;-1
26;9;0;1;20;-1
27;10;0;1;40;-1
24;9;0;0;50;-1
50;4;0;0;65;-1
55;13;3;0;35;-1
42;9;0;0;42;-1
59;10;0;0;60;-1
30;9;2;1;35;-1
20;7;0;0;40;-1
23;9;0;0;30;-1
34;9;0;0;40;-1
31;9;0;0;40;-1
27;9;0;0;70;-1
45;11;0;1;40;1
43;13;0;0;45;1
40;10;0;0;70;1
53;14;0;1;54;1
51;16;0;1;70;1
40;13;0;0;60;1
46;16;0;1;50;1
51;13;0;1;43;1
42;13;0;1;38;1
46;15;0;1;55;1
28;13;0;1;50;1
34;15;2;0;40;1
39;10;0;0;12;1
30;13;0;0;40;1
33;13;1;0;52;1
28;13;0;1;40;1
44;9;0;0;55;1
34;13;2;0;60;1
29;9;2;0;50;1
47;13;0;0;51;1
39;13;0;0;50;1
29;11;0;0;56;1
31;14;0;0;40;1
31;13;0;1;60;1
39;9;0;0;50;1
67;10;0;0;40;-1
46;13;0;0;40;-1
44;9;0;0;50;-1
21;9;1;1;30;-1
25;10;0;1;45;-1
59;9;0;1;19;-1
47;9;0;1;35;-1
21;11;0;0;40;-1
44;9;0;1;40;-1
31;10;0;1;40;-1
37;10;0;0;40;-1
44;9;0;1;45;-1
25;9;0;0;37;-1
21;9;0;0;40;-1
27;14;0;1;45;-1
27;13;0;0;45;-1
53;9;0;0;35;-1
34;10;0;0;60;-1
30;9;0;0;40;-1
43;10;0;0;50;-1
32;12;0;1;40;1
49;10;0;0;40;1
41;10;0;0;40;1
32;9;0;0;48;-1
48;13;0;0;40;1
46;9;0;0;40;1
59;6;0;0;40;1
36;13;0;0;50;1
53;11;0;0;40;-1
37;10;1;0;70;1
58;10;2;0;40;1
47;7;0;0;58;-1
40;10;0;0;40;-1
45;10;0;0;40;1
30;12;0;1;37;1
60;9;0;0;50;1
29;10;0;0;40;1
29;10;2;0;60;1
32;10;0;0;45;1
50;9;0;0;40;-1
41;9;0;0;44;1
60;9;0;0;70;1
29;10;0;0;40;1
59;9;0;0;45;1
37;10;0;0;44;1
47;10;0;0;47;-1
34;13;0;0;35;-1
27;13;0;0;60;1
34;10;0;0;40;-1
41;7;0;0;50;1
42;13;0;0;40;-1
33;9;0;1;38;-1
50;14;0;1;40;-1
41;9;0;0;40;-1
45;13;0;0;70;1
42;13;0;0;60;-1
46;12;0;0;55;-1
57;13;2;0;40;-1
38;10;0;0;60;1
45;15;0;0;50;1
34;10;0;1;40;1
38;14;1;0;40;-1
35;9;0;0;40;1
63;9;0;0;40;1
34;9;0;0;40;-1
44;9;1;0;40;-1
44;10;0;0;40;1
50;10;0;0;40;-1
41;9;0;0;40;1
31;10;2;0;55;1
65;4;0;0;40;-1
45;13;0;0;40;-1
36;14;0;0;40;-1
31;13;0;1;40;-1
42;10;0;0;40;-1
38;9;0;0;40;-1
46;13;0;1;40;-1
28;13;0;1;40;-1
35;9;0;0;40;-1
54;13;0;1;38;-1
34;9;0;0;38;-1
29;9;0;0;40;-1
24;9;0;0;50;-1
44;10;0;1;46;-1
33;13;0;0;36;-1
47;12;0;0;40;-1
28;13;0;0;40;-1
38;10;0;0;40;-1
41;10;0;0;40;-1
50;9;0;0;50;-1
29;10;0;1;40;-1
50;12;0;1;5;-1
49;11;0;0;42;-1
31;13;0;1;40;-1
44;10;0;0;40;-1
48;14;0;1;40;-1
39;10;0;0;70;-1
39;12;0;1;40;-1
32;9;0;1;40;-1
42;10;0;1;40;-1
25;13;0;0;40;-1
42;7;0;0;40;-1
44;11;0;0;40;-1
38;13;0;0;40;-1
54;13;0;0;40;-1
37;13;0;1;42;-1
62;13;0;1;38;-1
72;16;0;0;40;-1
76;15;0;0;20;-1
66;10;0;0;20;-1
33;9;0;1;40;-1
29;9;1;1;40;-1
25;13;2;1;40;-1
39;13;0;0;40;-1
33;9;0;0;40;-1
53;9;0;0;40;-1
52;13;0;1;40;-1
23;13;0;1;40;-1
60;9;0;1;40;-1
27;4;0;0;40;-1
34;11;0;1;40;-1
43;10;0;1;42;-1
33;12;0;1;40;-1
31;12;0;1;45;-1
50;10;0;1;40;-1
32;12;0;1;36;-1
34;7;0;0;60;-1
69;10;0;1;38;-1
65;9;0;1;36;-1
57;9;0;0;42;1
42;13;0;0;50;1
49;9;0;1;60;-1
40;9;0;1;52;-1
43;13;0;1;40;-1
59;9;0;1;38;-1
39;13;1;1;40;-1
49;13;0;1;40;-1
39;9;0;1;35;-1
49;9;0;1;40;-1
39;10;0;1;40;-1
43;5;1;1;40;-1
41;9;3;1;40;-1
46;11;1;1;40;-1
47;9;0;0;40;-1
67;7;0;0;3;-1
68;9;0;0;12;-1
27;10;0;0;20;-1
52;9;0;1;40;-1
46;14;0;1;45;-1
49;14;0;1;20;-1
37;14;0;1;45;-1
38;13;2;1;40;-1
40;10;0;1;40;-1
36;13;1;1;40;-1
28;6;0;1;40;-1
54;15;0;0;60;1
52;9;2;0;40;1
53;9;0;0;40;1
52;13;0;0;50;1
46;15;0;0;60;1
43;13;0;0;60;1
49;13;0;1;20;1
50;10;0;0;50;1
22;9;0;1;40;1
43;10;0;0;55;1
65;13;0;0;60;1
26;15;0;0;60;1
52;15;0;0;45;1
46;15;0;0;50;1
36;15;0;0;45;1
40;15;0;0;70;1
52;15;0;0;35;1
32;9;0;0;40;1
53;9;0;0;40;1
47;15;2;0;55;1
37;12;1;1;40;1
37;15;0;0;50;1
39;15;0;0;65;1
38;16;0;1;36;1
44;15;0;0;65;1
57;15;0;0;60;1
51;14;0;1;50;1
78;13;0;0;20;1
36;10;1;1;40;1
49;14;0;0;80;1
54;15;2;0;50;1
41;13;0;0;65;1
46;13;0;1;40;1
33;16;0;0;60;1
36;10;0;0;20;1
63;9;0;0;40;1
38;15;0;0;70;1
33;9;0;0;56;1
47;14;0;0;50;1
28;11;0;0;50;1
52;15;3;0;65;1
30;13;0;0;50;1
50;14;0;0;60;1
32;13;0;0;50;1
46;13;0;0;40;1
49;15;0;0;35;1
30;9;0;0;40;1
32;13;0;0;60;1
59;15;2;0;40;1
46;13;0;0;72;1
32;9;0;0;40;1
21;10;1;1;40;1
56;16;0;0;70;1
43;15;0;0;40;1
30;13;0;0;35;1
39;14;0;0;40;1
24;10;2;0;50;1
46;15;0;0;60;1
50;9;0;1;35;1
60;9;0;0;40;1
36;9;0;0;50;1
47;16;0;0;50;1
56;9;0;1;40;1
53;13;2;0;50;1
42;10;0;0;55;1
50;13;0;0;60;1
48;14;0;0;50;1
41;15;0;0;65;1
72;15;0;0;50;1
55;14;0;0;55;1
33;13;0;0;40;1
62;13;0;0;40;1
52;16;0;0;65;1
50;13;0;0;55;1
28;9;1;0;40;1
42;6;0;0;40;1
51;14;0;0;50;1
42;13;0;0;40;1
50;15;0;0;80;1
41;16;0;0;70;1
47;14;0;0;50;1
38;15;2;1;57;1
61;10;0;0;30;1
57;10;0;0;45;1
42;15;0;0;50;1
47;15;0;0;48;1
51;9;0;1;35;1
42;13;0;1;40;1
47;15;0;0;50;1
74;15;0;0;50;1
39;16;0;0;55;1
43;15;0;0;60;1
47;10;0;0;60;1
52;13;0;1;30;1
69;13;0;0;40;1
58;10;0;0;40;1
48;13;0;1;40;1
55;13;0;0;60;1
50;9;0;0;40;1
49;14;0;0;80;1
30;9;0;0;50;1
52;9;0;0;45;1
46;15;0;0;50;1
58;13;0;1;35;1
59;13;0;0;43;1
50;9;0;0;50;1
40;15;2;0;40;1
43;16;0;0;55;1
47;13;0;0;55;1
65;13;0;0;40;1
33;10;0;1;30;1
53;16;0;1;37;1
42;14;0;0;80;1
69;15;0;0;40;1
44;13;0;0;45;1
44;15;0;0;50;1
38;15;0;0;50;1
39;13;0;0;70;1
32;13;0;0;50;1
41;10;0;0;50;1
31;13;2;0;70;1
50;15;0;0;50;1
49;9;0;0;65;1
29;15;0;0;60;1
48;15;0;0;50;1
40;13;0;0;75;1
45;16;0;0;30;1
60;9;0;1;40;1
49;15;0;0;37;1
56;15;0;0;40;1
45;13;2;1;25;1
71;14;0;0;40;1
57;14;0;0;40;1
64;15;0;0;35;1
41;13;1;1;60;1
49;16;0;0;70;1
55;5;0;1;37;1
48;13;0;0;50;1
40;14;0;0;50;1
55;15;0;0;40;1
44;13;0;0;70;1
38;14;0;0;65;1
34;13;0;0;50;1
37;9;0;0;50;1
51;15;3;0;70;1
65;13;0;0;65;1
38;14;1;0;60;1
65;16;0;0;40;1
37;13;0;0;60;1
38;15;0;0;60;1
50;15;0;0;55;1
55;6;0;0;40;1
38;14;0;0;70;1
22;10;1;0;55;1
47;14;0;0;55;1
43;15;0;0;40;1
66;13;0;0;55;1
47;15;0;0;40;1
57;9;0;0;40;1
27;1;0;0;24;-1
63;14;0;0;50;-1
17;6;0;1;32;-1
18;9;0;0;3;-1
19;9;0;1;20;-1
55;9;0;0;60;-1
20;10;1;0;10;-1
46;14;0;1;50;1
35;13;0;0;50;1
47;15;0;0;50;1
55;9;0;0;55;1
34;13;0;0;40;1
25;11;0;0;40;1
56;14;0;0;60;1
25;13;0;0;50;1
41;14;0;1;35;1
42;16;0;0;60;1
37;9;0;0;40;1
47;14;0;0;60;1
36;15;0;0;50;1
58;15;0;0;40;1
45;10;0;0;56;1
49;13;1;1;60;1
37;9;2;0;48;1
56;10;0;1;20;1
37;14;0;0;60;1
59;14;0;1;45;1
30;13;0;0;60;1
58;13;0;1;50;1
29;15;0;0;45;1
36;13;0;0;40;1
51;15;0;0;60;1
38;13;0;0;45;1
36;13;0;0;55;1
41;14;0;0;50;1
47;14;0;0;40;1
64;13;0;0;55;1
64;13;0;0;50;1
51;14;0;0;40;1
54;13;0;0;50;1
53;15;2;0;40;1
46;16;0;1;65;1
51;14;0;0;50;1
45;14;0;1;42;1
43;16;0;0;64;1
59;16;0;0;45;1
37;10;0;1;25;1
45;15;0;0;36;1
45;15;1;0;36;1
32;12;0;1;50;1
36;15;0;0;40;1
47;13;0;1;35;1
75;13;0;1;16;1
73;11;0;0;60;1
65;15;0;0;80;1
68;11;0;1;50;1
61;9;0;1;40;-1
67;15;0;0;48;1
65;14;0;0;40;1
63;10;0;1;10;1
64;9;0;1;40;1
90;14;0;0;60;1
79;16;0;0;35;1
67;14;0;0;60;1
90;15;0;0;72;1
68;16;0;0;55;1
65;15;0;0;60;1
68;16;0;0;50;1
62;9;1;0;72;1
69;10;0;0;50;1
67;16;0;0;40;1
66;13;0;0;40;1
67;16;0;0;5;1
70;13;0;0;35;1
68;10;0;0;40;1
68;13;0;0;40;1
74;10;0;0;25;1
71;10;0;0;40;1
67;9;0;1;30;1
68;13;0;0;40;1
77;16;0;0;40;1
71;10;0;0;50;1
76;13;0;0;50;1
83;6;0;0;50;1
68;13;0;0;45;1
79;14;0;0;40;1
69;13;0;0;45;1
66;16;1;0;35;1
73;10;0;1;36;1
67;12;0;1;4;1
66;13;0;0;40;1
66;15;1;0;55;1
67;15;0;0;25;1
67;10;0;0;20;1
79;8;0;0;45;1
67;14;0;0;2;1
74;9;0;1;40;1
67;9;0;1;40;1
67;14;0;1;72;1
67;9;0;1;16;1
69;9;0;0;40;1
74;13;0;0;8;1
44;13;0;0;60;1
58;9;0;1;35;1
57;14;0;0;40;1
46;16;0;0;60;1
38;13;0;0;60;1
38;13;0;0;80;1
46;15;0;0;45;1
43;10;0;0;60;1
33;13;0;0;60;1
39;13;0;0;45;1
39;13;0;0;50;1
54;9;0;0;52;1
33;14;0;0;44;1
54;16;0;0;45;1
51;14;0;0;50;1
47;13;0;0;50;1
53;9;0;0;35;1
64;13;0;0;55;1
30;11;0;0;65;1
55;14;0;0;50;1
52;13;0;1;60;1
48;14;0;0;40;1
44;13;0;0;50;1
53;9;0;1;40;1
64;13;0;0;35;1
39;14;2;0;40;1
50;14;0;0;45;1
57;14;0;0;65;1
59;13;0;0;40;1
44;14;0;0;40;1
37;13;0;0;40;1
56;13;0;0;50;1
64;13;0;0;40;1
32;13;0;0;40;1
39;12;0;0;55;1
57;15;0;0;50;1
35;10;0;0;60;1
51;13;0;0;50;1
44;13;0;0;50;1
57;15;0;1;35;1
47;9;1;1;40;1
51;16;0;0;60;1
50;9;0;0;55;1
52;10;0;0;45;1
47;9;0;0;40;1
34;13;0;0;60;1
37;13;0;0;55;1
49;10;0;0;50;1
54;10;0;0;60;1
39;9;0;0;50;1
39;15;0;0;60;1
32;13;0;0;50;1
34;15;0;0;40;1
53;14;0;0;65;1
53;16;0;0;60;1
52;10;0;0;50;1
37;13;0;1;50;1
53;14;0;0;55;1
37;13;1;1;40;1
47;11;0;0;50;1
58;9;0;0;60;1
39;13;0;0;50;1
46;10;0;0;45;1
49;14;0;0;50;1
46;10;0;0;40;1
32;13;0;0;45;1
50;13;0;0;60;1
61;10;0;0;18;1
33;13;0;0;75;1
31;10;0;0;56;1
39;15;0;0;50;1
45;9;0;0;55;1
35;14;0;1;50;1
36;14;0;0;45;1
40;14;0;1;30;1
47;9;0;0;50;1
41;14;0;0;70;1
52;15;0;0;60;1
43;11;0;0;40;1
55;16;0;0;30;1
39;13;0;0;40;1
61;13;0;0;50;1
46;13;0;0;60;1
49;12;0;0;60;1
52;10;0;0;60;1
58;13;0;0;40;1
49;13;1;0;40;1
46;9;0;0;44;1
47;14;0;0;50;1
47;13;0;0;60;1
36;9;0;0;40;1
63;15;0;0;50;1
37;14;0;0;45;1
46;13;0;0;40;1
39;15;0;1;47;1
53;10;0;0;40;1
30;10;0;0;60;1
32;15;0;0;60;1
47;16;0;0;50;1
55;13;0;0;48;1
57;9;0;0;40;1
39;13;0;0;99;1
37;9;0;0;60;1
32;15;2;1;50;1
50;13;0;0;40;1
41;15;0;0;50;1
43;13;0;0;45;1
45;13;0;0;60;1
40;14;0;1;37;1
55;13;0;0;50;1
59;10;0;0;50;1
63;13;0;0;40;1
34;13;0;1;36;1
50;14;0;1;40;1
51;13;0;0;40;1
36;14;0;0;50;1
54;13;2;0;60;1
42;9;2;0;40;1
40;14;0;0;50;1
42;10;0;0;40;1
36;13;0;0;50;1
32;10;0;0;50;1
53;14;0;0;38;1
46;15;0;0;55;1
52;14;0;0;60;1
30;14;0;0;60;1
33;14;0;0;40;1
32;10;0;0;60;1
43;15;0;0;55;1
50;9;0;0;50;1
38;13;0;0;40;1
43;13;0;0;40;1
53;12;0;0;40;1
30;14;0;0;60;1
59;13;0;0;55;1
44;15;0;0;80;1
41;14;0;0;50;1
38;14;1;1;2;1
60;9;0;0;40;1
42;13;0;0;60;1
42;16;0;0;40;1
48;13;0;0;50;1
55;13;0;0;42;1
49;13;0;0;40;1
50;14;0;0;40;1
55;9;0;0;35;1
44;14;0;0;45;1
46;13;0;0;45;1
40;13;0;0;50;1
39;13;0;0;50;1
30;10;0;0;40;1
44;16;0;1;32;1
60;9;0;1;15;1
60;10;0;0;40;1
36;15;0;1;45;1
36;13;0;0;45;1
39;8;0;0;70;1
40;12;0;0;50;1
51;10;0;0;40;1
45;14;0;0;60;1
51;14;0;0;60;1
47;13;0;0;40;1
59;13;0;0;50;1
47;12;1;1;40;1
46;15;0;0;50;1
35;13;0;0;50;1
39;10;0;0;40;1
52;13;0;0;55;1
32;15;0;0;50;1
40;15;0;0;45;1
61;9;0;1;38;1
57;13;0;0;50;1
48;14;0;0;40;1
51;14;0;0;50;1
34;13;2;0;70;1
62;13;0;0;40;1
42;15;0;0;40;1
59;13;0;0;40;1
57;15;2;0;50;1
59;14;0;0;80;1
50;13;0;0;40;1
61;15;0;0;20;1
44;13;0;0;55;1
41;16;0;0;50;1
43;13;0;1;50;1
46;14;0;0;65;1
42;15;2;1;40;1
37;11;0;0;50;1
46;10;0;0;50;1
46;15;0;0;40;1
47;13;0;0;50;1
46;12;0;0;50;1
59;10;0;0;60;1
43;13;2;0;40;1
48;13;0;0;45;1
47;15;0;0;55;1
43;13;0;0;50;1
44;13;1;1;40;1
45;14;0;0;50;1
43;15;0;0;45;1
40;14;0;1;24;1
50;14;0;0;65;1
52;13;0;0;50;1
52;14;0;1;40;1
40;15;0;1;30;1
44;16;2;0;40;1
47;13;0;0;40;1
58;11;0;0;40;1
50;14;0;0;50;1
54;13;0;0;40;1
50;13;0;0;40;1
43;9;0;0;50;1
52;10;0;0;55;1
44;9;0;0;60;1
58;9;0;0;60;1
45;11;0;0;40;1
30;13;0;0;35;1
40;15;0;0;40;1
49;10;0;0;50;1
52;14;0;0;60;1
35;9;0;0;80;1
49;10;0;0;50;1
50;12;1;0;45;1
31;13;2;0;48;1
53;14;0;1;40;1
34;13;0;0;40;1
19;8;0;1;40;1
46;13;0;0;40;1
44;15;0;0;75;1
45;13;0;0;40;1
50;16;0;0;50;1
49;15;0;0;65;1
49;13;0;0;60;1
41;16;0;0;55;1
58;14;0;0;40;1
44;13;0;0;65;1
36;10;0;0;60;1
57;14;1;0;40;1
39;15;0;1;48;1
55;13;0;0;55;1
42;13;0;0;45;1
47;14;0;0;55;1
55;15;0;0;40;1
45;10;1;0;99;1
32;13;1;0;50;1
58;10;0;0;40;1
31;10;0;0;50;1
49;11;0;1;60;1
52;11;0;0;40;1
28;9;1;0;40;1
55;15;0;0;40;1
42;15;0;0;65;1
46;13;0;0;40;1
40;15;0;1;40;1
45;16;0;0;40;1
51;14;0;0;40;1
42;14;0;0;50;1
48;15;0;0;40;1
53;10;0;0;50;1
46;13;0;0;40;1
41;13;0;0;40;1
42;13;0;0;50;1
47;14;2;0;40;1
51;13;2;0;40;1
38;9;0;1;40;1
52;9;0;0;40;1
50;16;0;0;60;1
45;14;0;0;60;1
45;9;0;0;80;1
49;13;0;0;40;1
54;10;0;0;40;1
51;16;0;0;40;1
56;13;0;0;50;1
58;9;0;0;40;1
43;13;0;0;60;1
46;14;0;0;50;1
43;13;0;0;50;1
59;15;1;0;50;1
47;14;0;0;35;1
33;13;0;0;50;1
56;13;0;0;40;1
41;13;0;0;45;1
64;15;0;0;45;1
43;14;0;1;32;1
47;14;0;0;55;1
42;10;0;0;32;1
48;15;0;0;50;1
61;10;0;1;34;1
60;13;0;0;45;1
38;13;0;0;65;1
28;13;1;1;45;1
54;11;1;0;38;1
48;14;0;0;40;1
31;9;0;0;40;1
38;13;0;1;40;1
32;13;0;0;50;1
42;10;0;0;50;1
41;15;0;0;40;1
40;15;0;0;55;1
44;14;0;0;35;1
57;15;0;0;60;1
34;10;0;0;45;1
52;13;0;0;55;1
37;9;0;0;45;1
56;11;0;0;40;1
38;13;0;0;50;1
47;13;0;0;50;1
53;9;0;0;60;1
37;13;0;0;40;1
31;10;0;0;45;1
47;13;0;0;50;1
46;13;0;0;55;1
55;10;1;0;40;1
43;15;0;0;60;1
46;15;0;0;60;1
45;13;0;0;40;1
43;10;0;0;45;1
61;12;0;0;40;1
49;14;0;0;50;1
39;13;0;0;50;1
54;9;0;0;50;1
62;16;0;0;50;1
51;16;0;0;84;1
40;13;0;0;99;1
46;9;2;1;40;1
38;13;0;0;70;1
57;13;0;0;60;1
39;12;0;1;45;1
28;13;0;1;28;1
36;15;0;1;50;1
63;13;0;0;45;1
41;13;0;0;60;1
56;11;0;0;40;1
51;15;0;0;60;1
45;15;0;0;43;1
43;14;0;0;40;1
41;12;0;0;60;1
44;13;0;0;45;1
30;14;0;0;60;1
42;11;0;0;55;1
39;13;0;0;60;1
46;15;0;0;40;1
47;15;0;0;40;1
51;16;2;0;40;1
41;14;0;0;40;1
37;15;0;0;45;1
52;9;0;1;40;1
45;16;0;0;40;1
52;14;0;0;50;1
39;14;1;1;60;1
62;16;0;0;50;1
38;13;1;1;45;1
44;9;0;1;40;1
31;13;0;1;50;1
31;9;0;0;40;1
45;14;0;0;48;1
37;9;0;0;40;1
53;14;0;1;50;1
23;7;2;0;40;1
53;13;0;0;55;1
43;13;0;1;40;1
44;9;0;0;40;1
39;9;0;0;40;1
49;10;0;0;45;1
35;12;0;1;40;1
41;9;0;1;40;1
35;11;0;1;40;1
38;11;0;1;40;1
29;13;0;1;40;1
22;13;2;1;40;1
54;6;0;0;68;1
36;12;1;0;40;1
58;9;0;0;48;1
24;10;0;0;50;1
52;9;1;0;40;1
29;13;0;1;50;1
29;11;1;0;40;1
44;10;0;0;40;1
31;14;0;1;50;1
40;14;0;1;55;1
42;14;0;1;50;1
44;15;0;0;40;1
55;13;0;0;45;1
30;13;1;0;45;1
52;10;0;1;16;1
36;13;0;0;40;1
42;14;0;1;60;1
31;15;0;0;50;1
51;13;0;0;50;1
58;13;0;1;40;1
28;9;2;0;40;1
56;13;0;0;45;1
48;15;0;0;63;1
37;9;0;1;35;1
36;14;0;1;40;1
37;16;0;0;45;1
54;13;0;1;40;1
40;15;0;1;50;1
34;9;2;0;35;1
59;10;0;0;60;1
31;13;0;0;50;1
49;10;0;0;44;1
55;14;0;1;40;1
53;16;0;0;50;1
33;14;0;1;50;1
40;13;0;0;40;1
48;12;0;1;40;1
45;13;0;0;45;1
49;9;0;1;30;1
31;13;1;1;60;1
37;15;0;0;36;1
39;15;0;1;35;1
47;9;1;1;38;1
62;13;0;0;40;1
51;9;0;0;40;1
63;10;0;1;60;1
44;14;0;0;56;1
32;14;0;0;40;1
58;7;1;1;40;1
40;13;2;0;40;1
53;13;0;1;43;1
35;14;0;0;55;1
24;9;1;0;50;1
41;9;0;0;44;1
26;13;0;0;50;1
22;13;0;0;55;1
32;14;0;1;60;1
36;7;1;0;40;1
31;13;0;1;50;1
36;14;0;0;50;1
32;7;2;0;60;1
32;13;0;0;48;1
43;11;0;1;40;1
36;10;1;0;40;1
30;13;0;0;45;1
45;9;0;0;50;1
39;13;0;1;50;1
27;13;2;0;40;1
25;13;0;0;35;1
39;10;0;1;45;1
29;13;0;1;35;1
32;15;0;1;50;1
55;9;0;0;40;1
35;10;0;0;60;1
27;13;0;0;46;1
44;10;0;0;50;1
65;10;0;0;50;1
71;13;0;0;45;1
71;14;0;0;40;1
65;13;0;0;20;1
63;13;0;0;40;1
80;15;0;0;10;1
67;10;0;0;10;1
66;13;0;0;40;1
65;13;0;0;40;1
69;13;0;0;10;1
65;9;0;0;60;1
59;13;0;0;50;1
68;10;0;0;20;1
67;16;0;0;35;1
62;9;0;0;40;-1
90;13;0;0;50;-1
63;10;0;0;45;-1
64;10;0;1;35;-1
70;10;0;0;40;-1
67;4;1;0;40;-1
39;9;0;0;40;1
40;13;0;1;40;1
45;9;0;0;48;1
51;13;1;0;40;1
45;13;0;1;50;1
54;10;0;1;30;1
36;14;0;0;45;1
48;14;0;1;50;1
33;10;0;0;40;1
37;13;0;0;40;1
45;9;2;0;40;1
44;15;0;0;40;1
38;12;1;1;50;1
38;14;0;1;50;1
47;13;1;0;45;1
29;9;0;0;40;1
43;14;0;1;50;1
44;13;0;0;40;1
62;13;0;0;50;1
28;11;0;0;50;1
42;13;0;0;50;1
50;16;0;0;50;1
53;16;0;1;40;1
32;13;0;1;40;1
28;13;0;0;60;1
26;13;0;0;64;1
27;11;0;0;65;1
23;13;0;0;40;1
51;9;0;0;40;1
36;12;1;0;43;1
30;15;0;0;50;1
25;10;0;0;50;1
44;14;0;0;45;1
27;13;0;0;45;1
33;13;0;1;45;1
30;14;0;0;40;1
60;9;0;0;40;1
57;13;0;0;40;1
28;10;0;1;40;1
62;14;0;1;33;1
47;12;0;0;45;1
57;14;0;0;32;1
35;13;0;0;45;1
48;14;1;1;40;1
43;14;1;1;40;1
27;9;0;0;50;1
42;13;0;0;45;1
65;7;0;0;59;1
67;13;0;0;60;1
65;9;0;0;40;1
90;13;0;0;15;1
77;14;0;0;6;1
72;10;0;0;30;1
90;9;0;0;50;1
71;13;0;0;30;1
67;10;0;0;24;1
78;13;0;0;45;1
65;9;0;0;10;1
64;12;0;0;45;1
67;9;0;0;50;1
69;10;0;0;72;1
70;14;0;0;30;1
70;11;0;0;50;1
65;6;0;0;50;1
61;10;0;0;40;1
69;9;0;0;12;1
69;8;0;0;60;1
69;13;1;0;50;1
57;10;0;1;40;1
42;12;0;1;40;1
42;13;0;1;45;1
26;14;0;0;40;1
37;11;0;0;40;1
39;14;1;0;52;1
37;11;0;1;45;1
39;10;0;1;40;1
53;14;0;1;35;1
22;13;0;1;40;1
35;9;0;0;40;1
28;13;0;0;40;1
36;9;0;0;45;1
45;13;0;0;48;1
42;16;0;1;60;1
62;10;0;1;39;1
34;12;2;1;60;1
35;14;0;0;40;1
51;9;0;0;40;1
43;14;1;1;47;1
37;13;0;1;40;1
35;13;0;0;45;1
53;10;0;0;50;1
53;13;0;0;50;1
33;10;1;0;40;1
37;10;0;0;55;1
64;9;0;0;40;1
29;13;0;0;45;1
40;13;0;1;40;1
58;9;0;0;52;1
36;13;0;0;40;1
48;10;0;0;60;1
60;13;0;1;48;1
58;13;0;0;40;1
29;12;0;1;40;1
56;13;0;1;55;1
39;9;0;0;50;1
31;13;0;0;40;1
42;14;0;1;50;1
25;10;0;0;40;1
40;12;0;0;50;1
47;9;1;0;44;1
46;13;0;0;40;1
48;9;0;0;40;1
44;11;0;0;40;1
43;9;0;1;43;1
35;9;0;0;40;1
43;13;0;0;40;1
59;14;0;1;60;1
29;13;0;1;40;1
24;12;2;0;40;1
35;13;0;1;45;1
31;13;0;0;40;1
30;10;0;0;50;1
64;9;0;1;50;1
46;14;0;1;55;1
67;10;0;0;35;-1
66;10;0;1;40;1
70;14;0;1;50;1
67;16;0;1;50;1
32;9;0;0;40;1
48;13;0;0;40;1
34;13;0;0;45;1
50;9;0;0;50;1
31;13;0;0;40;1
55;9;0;0;40;1
29;13;0;0;40;1
37;13;0;0;50;1
44;13;0;0;60;1
48;10;2;0;40;1
32;13;0;0;50;1
48;9;0;0;40;1
62;16;0;0;40;1
44;12;0;0;40;1
43;10;0;0;40;1
46;9;0;1;40;1
60;10;0;0;50;1
53;13;0;0;40;1
23;7;0;0;60;1
44;13;0;0;52;1
56;10;0;0;50;1
34;13;0;0;50;1
47;11;0;0;40;1
55;14;0;0;45;1
47;9;0;0;55;1
38;13;0;0;40;1
43;10;0;0;40;1
37;9;0;0;60;1
38;12;0;1;33;1
28;10;0;0;50;1
52;13;0;0;40;1
45;10;0;0;40;1
49;9;0;0;45;1
46;13;0;0;40;1
38;13;0;1;40;1
53;16;0;0;50;1
59;9;0;1;40;1
52;13;1;0;40;1
44;14;1;0;40;1
33;13;2;0;38;1
39;12;0;0;60;1
50;15;2;0;50;1
27;12;0;0;70;1
33;14;0;0;50;1
41;11;0;1;44;1
38;10;0;0;40;1
41;7;0;0;40;1
48;10;0;0;40;1
36;9;0;1;40;1
41;9;0;0;40;1
45;10;0;0;40;1
41;13;0;0;50;1
34;14;0;0;38;1
47;10;1;0;40;1
56;13;0;0;40;1
64;16;0;0;60;1
47;10;1;0;50;1
45;14;0;0;55;1
39;14;0;0;40;1
55;13;0;0;38;1
63;13;0;1;36;1
44;14;0;0;50;1
38;13;0;1;40;1
39;15;0;1;60;1
44;13;0;0;40;1
37;11;0;0;40;1
47;14;0;0;60;1
58;9;0;0;55;1
58;10;0;0;45;1
34;14;0;0;55;1
38;13;0;0;42;1
61;10;0;0;40;1
38;13;0;0;40;1
41;13;0;0;45;1
36;9;0;0;40;1
35;9;0;0;50;1
53;9;0;1;35;1
56;13;1;0;45;1
34;15;0;0;60;1
33;11;0;1;50;1
41;13;0;0;55;1
32;13;0;0;40;1
24;13;0;1;45;1
37;9;0;0;35;1
52;10;0;0;55;1
34;13;0;0;40;1
49;9;0;0;55;1
35;10;0;1;20;1
36;10;0;0;45;1
36;13;0;0;40;1
30;13;0;1;50;1
45;16;0;0;45;1
58;9;0;0;40;1
37;10;0;0;40;1
54;9;0;0;25;1
48;13;0;0;65;1
47;14;0;0;45;1
36;9;0;0;50;1
43;13;1;0;40;1
47;15;0;0;60;1
62;13;0;0;50;1
26;10;0;0;40;1
61;10;0;0;36;1
57;13;0;0;60;1
50;14;0;0;50;1
33;14;0;1;35;1
46;14;0;1;35;1
45;16;0;0;50;1
37;14;0;0;50;1
55;10;1;0;40;1
41;13;0;1;40;1
41;10;0;0;50;1
35;14;0;0;55;1
46;10;0;0;38;1
47;14;0;1;38;1
46;16;0;0;45;1
53;14;0;0;70;1
38;13;0;0;40;1
46;13;0;0;40;1
43;12;0;0;50;1
58;13;0;0;50;1
31;13;0;1;43;1
54;11;0;0;40;1
45;13;0;0;50;1
54;9;0;0;60;1
42;12;0;0;42;1
43;9;0;0;40;1
51;9;0;0;40;1
39;14;3;1;38;1
55;6;0;0;50;1
44;13;0;0;50;1
43;14;0;0;53;1
46;13;0;0;40;1
46;7;1;0;40;1
49;10;0;0;40;1
60;16;0;0;60;1
38;13;0;0;55;1
46;13;0;0;45;1
36;13;0;0;40;1
39;13;2;0;40;1
37;12;0;0;50;1
48;9;0;0;70;1
41;13;0;0;55;1
54;13;0;0;50;1
42;14;0;0;40;1
40;9;0;0;50;1
40;13;0;0;40;1
25;11;0;1;40;1
34;13;2;1;50;1
51;9;0;1;40;1
40;12;0;0;40;1
34;10;0;1;6;1
29;12;3;1;45;1
57;8;1;0;40;1
63;13;0;0;54;1
45;10;0;0;50;1
45;8;0;0;40;1
41;13;0;0;40;1
58;13;0;0;30;1
38;8;0;0;40;1
47;10;0;0;55;1
44;10;0;0;45;1
47;14;0;1;40;1
44;14;0;0;55;1
38;16;0;1;40;1
33;13;0;0;50;1
34;9;0;0;40;1
53;2;0;0;67;1
51;13;0;1;20;1
50;13;2;0;50;1
32;15;0;0;45;1
42;9;1;0;45;1
55;12;1;0;40;1
50;14;0;0;55;1
28;7;0;0;40;1
46;10;0;0;40;1
39;15;0;0;40;1
37;14;0;0;50;1
40;13;2;1;52;1
40;14;0;0;40;1
54;9;0;0;40;1
41;13;0;1;10;1
50;9;0;0;40;1
41;9;0;0;43;1
44;13;0;0;40;1
48;16;0;0;55;1
55;9;0;0;40;1
48;11;0;0;40;1
45;14;0;0;50;1
39;13;0;1;20;1
50;9;0;0;50;1
28;14;0;1;35;1
57;10;0;0;45;1
32;13;0;0;55;1
37;7;1;0;40;1
51;9;0;0;40;1
54;13;2;0;40;1
37;13;0;1;45;1
39;13;0;1;32;1
30;10;0;0;40;1
46;9;0;0;96;1
40;13;0;0;66;1
38;10;0;0;40;1
39;10;0;0;50;1
50;10;0;0;40;1
60;13;0;0;40;1
42;13;0;0;40;1
50;14;0;0;45;1
44;11;0;0;40;1
51;13;0;0;40;1
51;16;0;0;55;1
47;10;0;0;40;1
53;13;2;0;20;1
41;13;0;0;50;1
29;13;0;0;40;1
46;14;0;0;46;1
44;10;0;0;45;1
38;13;3;1;50;1
49;13;0;0;66;1
51;13;0;0;50;1
41;13;0;0;45;1
54;14;0;0;60;1
60;9;0;0;40;1
40;10;0;1;40;1
54;14;0;0;40;1
42;13;0;0;40;1
38;10;0;0;40;1
34;11;0;0;40;1
34;10;0;1;50;1
56;13;0;0;40;1
38;9;0;0;70;1
35;15;0;0;50;1
43;10;0;0;40;1
50;10;0;0;40;1
35;10;0;0;38;1
61;4;0;0;40;1
45;9;0;0;50;1
36;14;0;0;50;1
40;12;0;0;50;1
49;13;0;1;30;1
36;10;1;0;50;1
52;9;0;0;40;1
53;10;1;0;40;1
29;10;0;0;54;1
56;10;0;1;50;1
41;9;0;0;38;1
30;13;0;0;50;1
58;9;0;0;40;1
45;15;2;0;40;1
52;9;0;0;55;1
42;9;0;0;50;1
38;13;0;0;45;1
30;13;0;0;50;1
50;14;0;0;50;1
54;10;0;0;40;1
48;13;0;1;40;1
54;13;0;0;40;1
46;13;0;0;45;1
42;13;0;0;40;1
63;4;0;0;60;1
51;14;0;0;45;1
39;9;1;0;52;1
29;11;0;0;40;1
35;13;0;0;50;1
41;13;0;0;70;1
38;9;0;1;40;1
39;14;0;0;65;1
40;15;0;0;40;1
44;13;0;0;50;1
38;13;2;0;60;1
47;13;0;0;44;1
37;13;0;0;39;1
39;14;0;0;45;1
28;11;0;1;36;1
33;9;0;0;48;1
42;10;0;0;40;1
32;13;0;0;40;1
34;13;0;0;55;1
58;14;1;0;30;1
42;10;1;0;45;1
39;11;0;0;40;1
31;14;0;0;60;1
40;11;0;0;44;1
35;13;2;0;20;1
34;9;0;1;35;-1
38;10;0;1;40;-1
41;9;0;0;40;-1
35;10;0;1;40;-1
34;9;0;1;35;-1
37;13;0;1;45;1
42;7;0;0;50;1
35;13;0;0;40;1
41;14;0;1;36;1
49;14;1;1;40;1
41;13;1;0;45;1
45;14;0;0;70;1
42;15;0;1;44;1
42;15;0;0;40;1
35;14;0;0;40;1
36;13;1;0;36;1
44;10;0;0;40;1
24;10;0;1;48;1
34;14;2;0;35;1
38;11;0;0;40;1
36;9;0;0;40;1
42;13;0;0;45;1
30;13;0;0;40;1
42;10;0;0;52;1
50;9;0;0;40;1
35;16;0;0;40;1
40;12;0;0;36;1
38;13;0;0;40;1
35;11;0;0;50;1
41;9;0;0;40;1
29;14;0;0;40;1
36;10;0;0;44;1
60;9;0;0;40;1
50;13;0;0;40;1
41;13;0;0;50;1
52;9;0;0;40;1
37;10;0;1;45;1
39;9;0;0;50;1
33;9;0;0;45;1
34;13;0;0;60;1
31;13;0;0;50;1
59;11;0;0;40;1
41;10;2;0;50;1
39;9;0;0;48;1
51;9;0;0;60;1
46;13;0;0;40;1
38;10;0;0;50;1
33;10;0;0;50;1
25;9;0;0;84;1
35;9;0;0;40;1
52;9;0;0;50;1
25;9;0;0;40;1
49;10;0;0;40;1
39;13;0;0;55;1
43;10;0;0;40;1
42;10;0;0;45;1
53;14;0;0;60;1
51;11;0;0;40;1
34;10;0;0;40;1
50;9;0;0;45;1
50;14;0;0;40;1
36;9;0;0;50;1
32;9;0;0;40;1
58;9;0;0;40;1
47;9;0;0;45;1
31;16;0;0;55;1
36;3;0;0;40;1
36;9;0;0;60;1
54;14;0;0;40;1
43;13;0;0;40;1
37;10;0;1;36;1
35;13;0;1;8;1
39;13;0;0;40;1
57;3;0;0;84;1
39;9;0;0;40;1
24;10;0;0;40;1
37;13;3;0;50;1
35;9;0;0;40;1
39;9;0;0;40;1
48;13;0;0;50;1
59;12;0;0;20;1
48;10;0;0;60;1
38;9;0;0;50;1
47;9;0;0;40;1
60;13;0;0;40;1
48;13;0;0;60;1
32;11;0;0;42;1
54;14;2;0;40;1
28;10;0;0;40;1
44;13;0;0;48;1
45;9;1;0;40;1
51;10;0;0;40;1
37;13;2;0;40;1
38;14;0;0;60;1
49;13;0;0;40;1
47;10;0;0;40;1
51;10;0;0;40;1
46;8;0;0;40;1
36;10;0;0;40;1
53;14;0;0;40;1
45;14;0;0;50;1
34;13;0;0;54;1
41;9;0;0;50;1
38;10;0;0;40;1
57;13;0;0;40;1
46;13;0;0;65;1
53;13;0;0;40;1
37;11;0;0;40;1
50;14;2;0;40;1
40;13;0;0;40;1
33;11;0;0;40;1
29;13;0;0;42;1
42;9;0;1;40;1
44;13;0;0;40;1
34;11;0;0;45;1
38;13;0;0;50;1
64;9;0;0;45;1
36;4;0;0;45;1
37;10;0;1;40;1
48;9;1;0;38;1
47;7;0;0;40;1
42;15;0;0;35;1
51;16;0;0;40;1
45;13;0;0;40;1
33;9;0;0;45;1
43;10;0;0;50;1
40;10;0;0;40;1
51;9;0;0;50;1
38;13;0;0;50;1
36;9;0;0;40;1
60;13;0;0;48;1
54;9;0;0;60;1
41;10;0;0;42;1
42;11;0;1;35;1
50;13;0;0;50;1
52;12;0;0;40;1
38;10;0;0;40;1
59;14;0;0;55;1
36;13;0;0;50;1
55;13;0;0;40;1
39;14;0;0;40;1
40;13;0;0;48;1
41;11;2;0;60;1
38;10;0;0;60;1
32;9;0;0;40;1
60;13;0;0;60;1
50;13;0;0;40;1
62;11;0;0;50;1
49;9;0;0;43;1
46;9;1;0;40;1
44;11;0;0;51;1
30;13;0;0;50;1
61;14;0;0;60;1
31;9;0;0;40;1
53;10;0;0;45;1
36;13;0;0;40;1
40;10;0;1;40;1
30;10;0;0;48;1
50;9;0;1;30;1
63;10;0;0;48;1
38;13;0;0;50;1
33;13;0;0;80;1
45;9;1;0;40;1
41;10;0;1;40;1
37;13;0;0;40;1
35;9;1;0;35;1
33;14;0;0;60;1
35;13;0;0;35;1
35;9;0;0;60;1
51;9;0;0;40;1
46;9;0;1;40;1
44;11;0;0;48;1
34;10;0;1;40;1
36;11;0;1;55;1
35;13;2;0;40;1
40;10;0;0;40;1
38;13;0;0;50;1
33;10;0;1;21;1
55;14;0;0;40;1
28;10;0;1;32;1
43;9;0;0;40;1
40;9;0;0;45;1
51;9;0;0;48;1
40;14;0;0;35;1
49;9;0;0;40;1
39;12;1;0;40;1
27;9;0;0;40;1
45;10;0;0;40;1
60;11;0;0;40;1
60;10;0;0;40;1
47;10;0;0;40;1
43;13;0;0;40;1
31;10;0;0;50;1
62;10;0;0;40;1
52;10;0;0;45;1
34;10;1;0;40;1
44;14;0;0;40;1
49;14;0;0;40;1
50;9;0;0;40;1
26;10;0;0;55;1
46;10;0;0;45;1
45;13;2;0;40;1
36;10;0;1;39;1
41;14;0;0;70;1
60;10;0;0;40;1
45;10;0;0;50;1
44;9;0;0;50;1
34;10;0;0;50;1
51;10;0;0;40;1
35;13;0;0;40;1
54;10;0;0;50;1
53;9;0;0;40;1
51;9;0;0;50;1
40;13;0;0;50;1
42;13;0;0;45;1
50;14;0;0;50;1
51;14;0;0;50;1
33;14;0;0;45;1
48;9;0;0;40;1
40;9;0;1;40;1
36;9;0;0;40;1
27;13;0;0;55;1
37;13;0;0;40;1
54;13;0;0;55;1
36;14;0;0;55;1
46;13;0;0;50;1
38;13;0;0;60;1
38;10;0;0;43;1
45;13;0;0;55;1
48;10;0;1;40;1
60;9;0;0;65;1
58;10;0;0;60;1
42;13;0;0;45;1
51;9;0;0;40;1
42;13;0;0;50;1
44;10;0;0;45;1
32;13;0;0;45;1
60;10;0;0;40;1
49;10;0;0;40;1
31;13;0;0;55;1
45;10;0;0;50;1
55;13;0;0;60;1
61;3;2;0;40;1
57;10;1;0;40;1
47;13;0;0;40;1
40;10;0;0;50;1
47;13;0;0;44;1
29;11;2;0;32;1
52;14;0;0;60;1
28;13;0;0;42;1
30;9;0;1;40;1
35;14;1;0;40;1
28;14;0;1;40;1
36;13;0;0;55;1
41;14;0;0;60;1
30;11;0;1;16;1
45;9;0;0;60;1
38;13;0;0;40;1
42;13;0;0;40;1
48;9;0;0;50;1
52;14;0;1;60;-1
24;14;0;0;90;-1
34;9;0;0;55;-1
29;13;0;0;48;-1
35;7;0;1;60;-1
25;13;0;1;50;-1
40;10;0;0;40;-1
28;13;0;0;40;-1
59;10;0;1;40;-1
30;10;0;1;40;-1
26;13;0;0;65;-1
53;9;0;0;40;-1
40;9;0;1;38;-1
39;14;0;0;40;-1
25;9;2;0;40;-1
28;13;0;1;60;-1
35;9;0;1;40;-1
47;7;1;1;40;-1
35;7;0;0;40;-1
33;10;0;1;50;-1
39;9;2;1;40;-1
50;13;0;0;40;-1
40;9;2;0;43;-1
38;13;0;0;60;-1
55;11;0;1;40;-1
30;13;0;0;60;-1
35;11;0;1;40;-1
71;9;0;0;20;-1
65;11;0;0;60;-1
90;9;0;0;40;-1
66;13;0;0;20;-1
74;9;0;0;6;-1
72;11;0;1;25;-1
65;13;0;0;40;-1
67;13;0;0;7;1
65;14;0;0;35;1
65;10;0;0;40;1
71;10;0;0;40;1
69;14;0;0;40;1
57;3;0;0;40;-1
46;14;0;1;50;-1
45;10;1;1;35;-1
36;10;1;1;56;-1
35;9;0;0;65;-1
41;13;1;0;40;-1
38;10;0;1;35;-1
49;13;0;0;45;-1
47;13;1;1;40;-1
26;7;0;0;48;-1
46;12;0;1;40;-1
67;15;0;0;10;1
69;13;0;0;45;1
62;4;0;0;40;1
73;4;0;0;99;1
62;9;0;0;40;1
67;9;0;0;58;1
65;7;0;0;35;1
55;9;0;0;50;1
70;13;0;0;40;1
72;9;0;1;40;-1
68;14;0;1;20;-1
67;13;1;1;35;-1
71;4;0;0;40;1
38;10;0;1;44;-1
26;9;0;0;40;-1
28;9;0;1;40;-1
66;10;0;0;40;1
66;12;0;0;40;1
66;13;0;0;26;1
65;14;0;0;50;1
65;13;0;0;48;1
45;12;0;1;38;-1
42;9;1;1;50;-1
39;9;1;1;40;-1
47;14;0;1;45;-1
36;14;0;0;30;-1
39;13;0;1;60;-1
43;9;0;0;50;-1
45;9;1;0;40;-1
37;11;1;1;40;-1
40;13;0;1;40;-1
60;13;0;1;55;-1
42;13;0;0;40;1
42;10;0;0;40;1
36;10;0;0;50;1
32;9;0;0;48;1
44;10;0;0;60;1
50;9;0;1;40;1
54;9;0;0;50;1
32;9;0;0;45;1
61;13;0;0;50;1
51;13;0;0;60;1
40;15;0;0;40;1
32;9;0;0;50;1
34;10;0;0;40;1
48;10;0;1;40;1
45;5;1;0;40;1
35;9;0;0;90;1
41;9;0;0;40;1
31;9;0;0;45;1
29;9;0;0;40;1
37;13;0;0;40;1
26;13;0;1;42;1
36;9;0;0;40;1
42;9;0;0;40;1
47;9;0;0;30;1
40;10;0;0;40;1
30;11;0;0;52;1
37;13;0;0;40;1
36;15;0;0;60;1
40;10;0;0;60;1
33;13;1;0;40;1
49;13;0;0;40;1
42;13;0;0;40;1
38;7;0;0;40;1
26;12;0;0;40;1
54;15;0;0;50;1
46;10;0;0;38;1
32;9;0;0;40;1
25;13;0;0;40;1
44;10;0;0;50;1
30;16;0;0;75;1
25;7;0;0;40;1
37;10;0;0;75;1
28;13;0;0;50;1
31;14;0;0;40;1
44;14;0;0;40;1
44;7;0;1;36;1
39;9;0;0;50;1
51;13;0;0;40;1
27;9;0;1;40;1
31;9;0;1;35;1
53;3;3;0;40;1
37;10;0;0;40;1
48;13;0;0;40;1
56;13;0;0;44;1
35;9;0;0;50;1
50;9;0;0;40;1
42;9;0;0;50;1
58;12;0;0;60;1
35;9;0;0;40;1
46;10;0;0;40;1
34;13;0;0;55;1
43;14;0;0;40;1
39;14;0;1;38;1
46;11;0;0;40;1
55;9;0;0;72;1
38;13;0;0;40;1
63;5;0;0;40;1
27;9;0;0;40;1
47;9;0;0;40;1
47;12;0;0;50;1
36;7;0;0;40;1
43;10;0;0;40;1
44;13;0;0;40;1
36;9;1;0;40;1
51;12;0;0;45;1
57;9;0;0;60;1
32;10;0;0;50;1
39;12;0;0;48;1
35;13;0;0;50;1
62;9;0;1;40;1
45;13;2;1;40;1
39;11;0;0;40;1
31;10;0;0;40;1
53;9;0;0;45;1
54;9;0;0;40;1
37;9;0;0;40;1
55;11;0;0;50;1
45;9;0;1;40;1
59;11;0;0;50;1
33;10;0;1;40;1
47;9;0;0;40;1
28;13;0;0;40;1
47;9;0;0;40;1
38;13;0;0;50;1
34;13;0;1;25;1
54;9;0;0;40;1
58;6;0;0;40;1
24;10;0;1;30;-1
30;9;0;0;40;-1
43;14;0;0;45;-1
54;9;1;0;40;-1
45;10;0;0;40;-1
47;11;0;0;40;-1
40;9;0;1;20;-1
36;13;0;0;50;-1
26;14;0;0;40;-1
49;13;0;0;45;-1
44;9;0;0;60;-1
27;9;0;0;46;-1
41;10;0;0;70;-1
30;9;0;0;40;-1
29;6;0;0;40;-1
26;9;0;1;40;-1
30;9;0;0;40;-1
35;10;0;0;40;-1
30;12;0;0;45;-1
29;13;0;0;40;-1
46;9;0;0;50;-1
48;10;0;0;45;-1
52;11;0;0;40;-1
60;9;0;0;40;-1
43;10;0;0;40;-1
39;9;0;1;40;-1
31;9;0;0;40;-1
52;14;0;0;40;-1
26;9;0;0;60;-1
44;13;0;0;40;-1
35;10;0;0;70;-1
35;13;0;0;40;-1
45;13;0;0;45;-1
52;6;0;0;40;-1
28;13;0;0;55;-1
54;11;2;0;40;-1
56;4;0;1;45;-1
48;13;0;0;45;-1
59;13;0;0;40;-1
46;10;0;1;40;-1
45;9;0;0;40;-1
55;10;0;0;52;-1
50;9;0;0;45;-1
49;9;0;0;60;-1
33;9;0;0;40;-1
51;11;0;0;40;-1
42;13;0;0;40;-1
47;9;1;1;40;-1
32;9;0;0;55;-1
49;11;0;0;40;-1
49;9;0;0;50;-1
31;9;0;0;40;-1
52;9;0;0;40;-1
32;13;0;1;45;-1
63;14;0;0;40;-1
39;13;0;1;32;-1
56;9;0;0;40;-1
35;9;0;0;40;-1
53;9;0;0;35;-1
57;10;0;0;50;-1
29;10;0;0;40;-1
47;9;0;0;24;-1
52;10;0;0;40;-1
51;14;2;0;40;-1
24;13;0;0;30;-1
37;10;0;1;40;-1
43;14;0;0;12;-1
28;10;0;0;55;-1
36;9;0;0;40;-1
49;9;0;0;40;-1
45;13;0;1;50;1
40;10;0;0;47;1
37;13;0;1;32;1
60;11;0;0;40;1
52;9;0;0;36;1
43;10;0;0;51;1
43;14;0;0;40;1
75;16;0;0;3;-1
45;9;0;1;40;-1
34;14;0;0;60;-1
34;9;0;1;40;-1
26;13;0;1;35;-1
34;13;0;0;55;-1
27;9;0;0;50;-1
30;13;0;0;40;-1
36;9;0;1;40;-1
27;13;0;1;36;-1
61;9;0;0;40;-1
28;10;0;1;40;-1
52;12;0;1;30;-1
37;13;0;1;45;-1
59;4;0;0;40;-1
32;14;0;1;40;-1
25;11;0;1;40;-1
55;9;0;0;45;-1
34;14;0;1;40;1
64;16;0;1;40;1
51;16;0;1;60;1
40;10;1;0;50;1
51;9;0;1;24;1
58;9;0;0;39;1
39;16;0;0;40;1
34;14;0;1;45;1
61;13;1;0;48;1
30;13;0;1;45;1
58;13;0;0;40;1
35;9;0;0;40;1
46;13;0;1;25;1
52;14;0;1;60;1
46;13;0;0;45;1
39;10;1;0;40;1
35;15;2;0;45;1
38;13;0;1;43;1
49;14;0;0;45;1
30;12;0;0;50;1
53;9;0;0;46;1
59;14;0;1;60;1
52;14;0;1;44;1
45;13;0;1;35;1
42;14;1;1;35;1
39;9;0;1;50;1
29;13;0;0;40;-1
31;13;0;0;45;-1
35;9;0;0;50;-1
36;5;0;0;56;-1
36;8;0;0;50;-1
42;14;0;0;40;-1
53;10;0;1;40;-1
49;14;0;1;40;-1
39;9;2;0;48;-1
31;8;0;0;50;-1
30;9;0;0;40;-1
39;9;0;0;44;-1
25;14;0;1;37;-1
37;11;0;0;40;-1
35;10;2;0;20;-1
39;9;0;1;40;-1
40;13;0;0;40;-1
42;13;0;0;35;-1
34;14;0;0;30;-1
41;10;1;0;40;-1
35;13;2;1;40;-1
32;10;0;0;45;-1
42;14;0;1;40;-1
47;9;0;0;40;-1
28;11;0;1;40;-1
23;9;0;0;50;-1
55;10;0;1;20;-1
23;10;0;1;40;-1
45;10;0;0;40;-1
43;9;0;0;40;-1
38;10;0;1;72;-1
40;13;0;1;48;-1
50;14;0;1;70;-1
33;13;0;0;35;-1
31;10;0;0;40;-1
41;14;0;1;55;-1
60;9;0;0;40;-1
62;14;0;0;40;-1
50;10;0;0;22;-1
41;10;0;0;40;-1
32;11;1;0;40;-1
57;13;2;0;40;-1
32;1;2;1;40;-1
23;7;0;0;25;-1
39;9;0;0;24;-1
22;9;0;1;40;-1
56;13;0;0;40;-1
43;4;0;0;40;-1
28;5;0;0;40;-1
21;8;0;1;30;-1
34;9;0;0;90;-1
32;15;0;0;40;-1
38;13;0;0;40;-1
27;9;0;0;40;-1
25;9;0;0;42;-1
25;9;0;0;40;-1
50;13;0;0;45;-1
49;6;1;0;99;-1
33;9;0;0;40;-1
22;9;0;0;40;-1
56;10;0;0;60;-1
34;9;0;0;30;-1
54;9;0;1;25;-1
25;9;1;1;40;-1
20;10;0;1;25;-1
38;9;0;0;35;-1
55;9;0;0;40;1
40;11;0;0;40;-1
53;10;0;1;40;1
55;9;0;0;40;1
50;9;0;0;40;-1
45;13;0;0;35;1
38;11;0;0;40;1
53;4;0;0;50;1
46;9;1;0;40;1
42;9;0;0;48;1
51;9;0;0;55;1
43;9;1;0;40;1
47;9;0;0;40;1
51;9;0;0;40;1
31;12;0;0;45;1
30;14;0;0;40;1
44;6;0;0;60;-1
29;13;1;0;80;1
48;13;0;0;50;1
51;9;0;0;40;1
35;13;0;0;47;1
48;9;0;0;40;1
41;13;0;0;50;1
54;14;0;0;45;1
31;9;0;1;40;1
44;12;0;0;45;1
51;16;0;0;52;1
61;13;0;0;15;1
63;7;0;0;37;1
51;7;0;0;30;1
35;9;0;1;35;1
52;9;0;0;40;1
24;9;0;0;40;1
33;9;0;0;60;-1
44;11;0;0;40;1
57;13;0;0;13;1
47;9;0;0;45;1
44;12;0;0;40;1
45;14;0;0;40;-1
37;11;0;0;44;1
31;10;0;0;50;1
53;11;0;0;40;1
34;11;0;0;50;1
29;9;0;1;40;1
53;10;0;0;40;1
44;14;0;1;40;1
48;9;0;0;45;1
34;10;1;0;40;1
44;10;0;0;55;-1
29;10;0;0;45;1
51;9;0;0;40;1
37;9;0;0;45;1
34;10;0;1;20;-1
40;10;0;0;50;-1
46;10;0;0;38;1
37;10;0;0;50;1
36;13;0;0;50;1
31;11;0;0;40;1
53;14;2;0;40;1
46;9;0;0;70;-1
32;10;0;0;50;-1
38;9;1;0;48;-1
43;10;0;0;99;1
53;9;1;0;30;1
45;11;0;0;38;1
41;11;0;0;60;1
63;10;0;0;40;1
42;11;0;0;80;1
40;10;0;0;50;1
24;9;0;0;50;-1
21;10;0;1;40;-1
32;10;0;1;50;-1
56;12;0;1;40;-1
35;10;0;0;60;-1
43;9;0;1;40;-1
31;13;0;0;50;-1
56;9;0;1;40;-1
23;10;0;1;40;-1
21;9;0;1;40;-1
25;13;0;0;35;-1
31;9;0;0;40;-1
27;13;0;1;40;-1
37;11;3;1;35;-1
19;9;0;0;48;-1
23;10;0;0;40;-1
28;13;1;1;60;-1
54;8;0;0;40;-1
36;9;0;0;40;-1
25;9;2;0;60;-1
28;10;0;1;25;-1
59;10;0;0;40;-1
58;16;2;0;40;-1
43;10;0;1;15;-1
39;9;0;0;38;-1
26;13;0;0;50;-1
63;9;0;0;40;-1
32;9;0;1;22;-1
47;9;0;0;60;-1
35;10;0;0;35;-1
38;13;0;0;40;-1
52;6;0;0;45;-1
32;9;0;0;40;-1
35;10;0;0;40;-1
54;9;0;0;55;-1
49;13;0;0;44;-1
40;4;0;0;40;-1
40;3;3;0;40;-1
43;10;0;0;38;-1
31;13;0;0;40;-1
50;10;0;0;55;-1
46;9;1;0;40;-1
27;12;0;0;40;-1
34;10;0;0;40;-1
61;16;0;0;40;-1
55;9;0;0;40;-1
33;10;0;1;40;-1
31;13;0;1;30;-1
32;13;0;0;50;-1
49;9;0;0;50;-1
36;9;0;0;40;-1
42;9;0;0;40;-1
30;11;0;0;40;-1
38;9;0;0;40;-1
26;10;0;0;50;-1
47;13;0;0;60;-1
47;11;0;0;40;-1
51;11;0;0;55;-1
28;9;0;0;45;-1
34;9;0;0;50;-1
46;9;0;0;55;-1
45;9;3;0;40;-1
47;9;0;0;40;-1
41;10;0;0;40;-1
38;8;0;0;40;-1
29;7;0;0;50;-1
50;12;0;1;40;-1
45;9;0;0;40;-1
41;10;0;0;40;-1
23;9;0;1;40;-1
59;6;0;0;40;-1
38;4;0;0;84;-1
26;9;0;0;45;-1
35;9;0;1;35;-1
27;7;0;0;40;-1
61;2;0;0;20;-1
36;11;0;1;8;-1
45;11;0;0;40;-1
32;15;0;0;40;-1
36;9;0;0;55;-1
43;9;0;0;40;-1
59;7;0;1;28;-1
27;9;0;0;35;-1
24;13;0;0;40;-1
34;9;0;0;46;-1
31;9;0;0;40;-1
31;10;0;1;40;-1
32;9;1;1;40;-1
42;10;0;0;40;-1
38;13;0;0;70;-1
58;11;0;0;40;-1
51;4;2;0;47;-1
51;9;0;1;40;-1
44;14;0;0;50;-1
23;9;0;1;40;-1
27;10;0;0;40;-1
35;10;0;1;27;-1
33;9;0;0;40;-1
28;9;0;0;40;-1
42;9;0;0;45;-1
33;10;0;0;40;-1
21;6;0;0;40;-1
34;11;0;0;45;-1
31;13;0;0;50;-1
51;10;0;0;40;-1
35;10;0;0;60;-1
36;11;0;0;75;-1
58;9;0;0;40;-1
54;9;1;1;35;-1
37;9;0;1;40;-1
28;10;1;1;40;-1
32;10;1;1;40;-1
32;9;0;0;40;-1
32;10;1;1;40;-1
69;13;0;0;30;-1
67;9;0;0;11;-1
65;12;0;0;40;-1
65;9;2;0;40;-1
68;9;0;0;40;-1
77;13;0;0;14;-1
65;13;0;0;10;-1
37;5;0;0;50;-1
20;9;0;0;35;-1
32;9;0;0;40;-1
60;15;0;0;16;-1
50;16;0;0;40;-1
58;5;1;0;40;-1
33;9;0;0;40;-1
20;9;0;0;50;-1
21;10;0;1;40;-1
22;10;0;1;35;-1
52;9;3;0;40;-1
48;2;0;0;50;-1
35;7;1;0;40;-1
33;10;0;1;16;-1
36;13;0;1;40;-1
50;7;1;1;40;-1
23;10;0;1;40;-1
64;7;0;1;35;-1
21;9;0;0;50;-1
25;13;0;0;30;-1
44;9;0;0;50;-1
41;9;0;0;45;-1
29;12;0;0;40;-1
46;9;0;0;30;-1
32;2;0;0;40;-1
24;13;0;1;40;-1
61;9;0;0;40;-1
74;5;0;0;40;-1
63;9;0;1;40;-1
64;9;0;0;40;-1
73;9;0;0;40;-1
37;11;0;0;40;-1
72;10;0;0;20;-1
66;6;0;0;40;-1
39;14;2;1;40;-1
39;13;0;0;40;-1
38;9;0;0;40;-1
32;10;0;0;40;-1
40;9;1;1;20;-1
41;9;0;0;40;-1
36;9;0;0;30;-1
26;9;0;0;48;-1
29;9;0;0;40;-1
38;9;0;0;40;-1
27;9;0;1;40;-1
39;9;2;1;20;-1
54;9;0;0;40;-1
37;9;0;0;50;-1
31;11;0;0;38;-1
38;9;0;0;80;-1
31;10;0;0;45;-1
46;9;0;0;40;-1
37;10;0;0;40;-1
30;3;0;0;40;-1
32;10;0;0;40;-1
36;6;0;1;40;-1
55;13;0;1;40;-1
36;10;0;0;8;-1
75;9;0;0;40;-1
71;10;0;0;30;-1
70;9;0;0;40;-1
71;10;0;0;20;-1
66;9;0;0;20;-1
25;11;0;1;40;-1
33;6;0;1;35;-1
29;12;0;1;40;-1
25;10;1;1;30;-1
29;7;0;1;48;-1
27;10;0;0;40;-1
44;11;0;0;40;-1
62;4;0;0;50;-1
39;5;1;1;34;-1
62;11;0;0;40;-1
51;9;1;1;38;-1
40;9;0;0;40;-1
29;13;0;0;45;-1
47;7;0;0;40;-1
37;13;0;0;47;-1
30;9;2;0;40;-1
50;4;0;0;40;-1
44;10;0;0;40;-1
28;9;0;0;40;-1
26;7;0;0;40;-1
41;3;0;0;40;-1
61;3;0;0;45;-1
46;9;0;0;35;-1
56;5;0;0;50;-1
64;10;0;0;15;-1
38;9;0;0;25;-1
55;9;1;0;40;-1
29;10;0;0;70;-1
33;9;0;0;40;-1
51;10;0;1;40;-1
25;9;0;0;45;-1
49;10;0;0;45;-1
45;9;1;0;40;-1
45;9;0;0;40;-1
34;9;0;0;35;-1
24;10;0;1;52;-1
43;13;0;0;40;-1
58;9;0;0;30;-1
26;10;0;0;40;-1
29;9;0;0;40;-1
47;13;0;0;60;-1
47;9;2;1;45;-1
48;10;0;0;53;-1
26;13;0;0;40;-1
31;12;0;1;35;-1
22;10;0;0;40;-1
38;13;0;0;40;-1
21;9;0;0;60;-1
60;10;0;0;42;-1
51;15;0;0;40;-1
31;13;0;0;60;-1
29;13;0;1;45;-1
49;10;0;0;50;-1
35;9;0;0;50;-1
31;9;0;0;40;-1
28;10;1;1;50;-1
48;10;0;0;40;-1
40;14;0;1;40;-1
42;9;0;0;40;-1
33;9;0;0;50;-1
41;11;0;1;40;-1
40;11;0;0;40;-1
27;12;0;0;40;-1
36;10;0;1;45;-1
25;13;0;0;48;-1
25;13;0;0;40;-1
25;13;0;1;40;-1
27;13;2;1;43;-1
27;9;1;0;40;-1
26;9;0;0;40;-1
48;10;0;1;60;-1
46;9;0;0;45;-1
44;13;0;1;40;-1
30;10;0;0;50;-1
23;13;0;1;40;-1
46;10;0;0;55;-1
29;13;0;1;10;-1
42;10;0;1;40;-1
41;9;0;0;50;-1
52;9;0;0;40;-1
46;11;0;1;42;-1
59;10;0;0;40;-1
67;9;0;1;16;-1
66;11;1;1;40;-1
66;16;0;1;40;-1
73;10;0;1;40;-1
68;14;0;1;40;-1
69;6;0;0;45;-1
54;10;0;0;50;-1
31;5;0;0;40;-1
45;10;2;0;40;-1
38;9;0;0;45;-1
37;9;0;0;40;-1
41;10;1;0;40;-1
37;13;2;0;77;-1
64;9;0;0;40;-1
47;13;0;0;40;-1
29;9;0;0;48;-1
57;10;0;0;40;-1
25;10;0;0;40;-1
51;9;0;0;60;-1
28;11;0;1;40;-1
45;9;1;0;35;-1
37;5;0;0;40;-1
44;9;0;1;30;-1
39;13;2;0;40;-1
53;10;0;0;40;-1
44;9;0;0;50;-1
50;9;0;1;40;-1
50;9;0;0;47;-1
51;9;1;0;40;-1
60;4;0;0;40;-1
35;9;0;0;40;-1
40;9;0;0;40;-1
42;13;0;0;40;-1
37;9;0;0;30;-1
60;10;0;0;46;-1
31;11;0;0;50;-1
52;10;0;0;42;-1
36;9;0;1;40;-1
36;10;0;0;50;-1
38;10;0;0;50;-1
30;11;0;0;60;-1
31;9;0;0;45;-1
46;10;0;0;40;-1
33;13;0;0;47;1
37;7;0;0;44;1
50;9;0;0;40;1
41;13;0;0;40;1
26;10;0;0;40;1
51;11;0;0;50;1
33;9;0;0;40;1
36;9;0;0;40;1
39;9;0;0;44;1
51;9;0;0;40;1
36;13;0;0;45;1
48;10;0;0;40;1
32;9;0;0;55;1
50;9;0;0;40;1
50;11;0;0;55;1
41;10;0;0;40;1
52;12;0;0;48;1
44;13;0;0;40;1
56;9;0;0;40;1
37;10;0;0;50;1
35;9;0;0;40;1
34;11;0;0;60;1
62;13;0;0;40;1
43;13;0;0;40;1
28;13;0;0;40;1
43;11;0;0;48;1
57;13;0;0;40;1
47;10;2;0;40;1
50;11;0;0;40;1
33;11;0;1;50;1
54;10;0;0;40;1
47;13;0;0;60;1
33;13;0;0;43;1
52;15;0;1;30;1
39;10;0;0;50;1
55;9;0;0;40;1
57;13;0;0;50;1
40;16;2;0;40;1
60;14;0;1;40;1
26;9;0;0;40;1
36;11;0;0;40;1
32;9;0;0;40;1
39;9;0;0;60;1
51;12;0;0;30;1
27;10;0;0;50;1
41;10;0;1;40;1
61;14;0;0;50;-1
38;6;0;0;40;1
40;14;0;0;50;-1
43;10;0;0;40;1
46;10;0;0;40;1
54;13;0;0;40;1
36;13;0;0;42;1
49;9;0;0;45;1
52;10;0;0;55;1
55;9;0;0;40;1
38;13;2;0;60;1
39;13;0;0;50;1
59;10;0;0;35;1
34;13;0;0;55;1
42;10;0;0;45;1
46;10;0;0;60;1
53;9;1;0;72;-1
51;9;0;0;60;1
34;10;0;0;40;1
35;11;0;0;55;-1
51;10;0;0;48;1
50;12;0;0;40;1
55;14;0;0;55;1
37;9;0;0;45;1
48;9;0;0;46;1
25;10;0;0;50;1
39;13;0;0;48;1
45;8;1;1;40;1
45;10;0;0;42;-1
46;13;0;0;40;1
28;9;0;1;20;-1
18;9;0;1;40;-1
46;9;0;1;52;1
34;14;2;0;40;1
30;13;0;0;60;1
25;10;1;1;40;1
56;9;0;0;45;1
44;9;0;1;40;1
29;13;0;0;45;1
61;9;0;0;40;1
46;13;0;0;37;1
30;13;0;1;55;1
46;13;0;0;40;1
44;10;0;0;40;1
60;9;0;0;60;1
45;13;0;0;40;1
53;14;0;0;40;1
55;14;0;1;45;1
41;13;2;0;35;1
30;9;0;0;70;1
37;10;0;0;40;1
69;5;0;0;40;-1
70;9;0;1;20;-1
40;10;2;1;35;-1
40;13;1;1;40;-1
35;13;2;1;45;-1
34;9;0;1;50;-1
36;4;0;1;40;-1
39;9;0;0;40;-1
32;9;1;1;35;-1
42;13;1;1;40;-1
78;9;1;1;40;-1
71;10;0;1;60;-1
69;12;0;1;6;-1
69;4;1;1;40;-1
79;4;0;1;30;-1
66;11;0;1;30;-1
70;9;0;1;12;-1
90;9;0;0;12;-1
69;9;0;1;35;-1
51;4;0;0;40;-1
62;9;0;0;30;-1
20;7;0;0;35;-1
66;14;0;0;20;-1
81;6;0;1;28;-1
58;4;0;0;50;-1
59;10;0;0;40;-1
26;6;0;1;40;-1
23;13;0;1;40;-1
36;9;0;1;40;-1
26;7;0;0;50;-1
56;13;0;1;52;-1
31;9;0;0;99;-1
22;9;0;0;40;-1
23;13;0;0;40;-1
25;5;1;0;40;-1
18;10;0;0;30;-1
59;13;0;1;30;-1
41;9;0;0;40;-1
35;9;0;0;40;-1
56;9;0;0;45;-1
47;9;0;0;32;-1
35;9;0;0;40;-1
36;9;0;0;40;-1
56;16;2;0;40;-1
55;9;0;1;40;-1
27;9;2;0;40;-1
22;13;2;1;25;-1
48;9;0;0;15;-1
27;9;0;0;40;-1
34;9;0;0;80;-1
47;13;2;0;65;-1
26;9;0;0;40;-1
61;4;0;0;40;-1
42;10;2;0;30;-1
25;10;0;0;43;-1
28;9;0;0;40;-1
42;11;2;0;40;-1
42;9;0;0;45;-1
50;5;0;0;40;-1
24;9;0;0;50;-1
27;10;0;0;70;-1
38;9;0;0;30;-1
35;10;0;0;55;-1
26;10;0;0;40;-1
39;10;0;0;90;-1
39;10;0;0;65;-1
36;12;0;0;40;-1
40;9;0;0;40;-1
32;9;0;0;40;-1
41;9;0;0;40;-1
25;13;0;0;60;-1
29;9;0;1;40;-1
35;9;0;0;45;-1
62;10;0;0;24;-1
39;9;0;0;40;-1
30;4;0;0;40;-1
54;10;0;0;30;-1
43;9;2;0;60;-1
47;9;0;0;65;-1
31;9;0;0;40;-1
34;15;0;0;50;-1
27;10;0;0;40;-1
40;11;0;0;40;-1
45;6;0;0;40;-1
28;9;1;0;40;-1
61;9;0;0;45;-1
41;10;0;0;40;-1
29;7;2;1;14;-1
62;4;0;0;40;-1
53;9;0;0;40;-1
45;13;0;0;60;-1
75;9;0;1;14;-1
70;5;0;1;40;-1
70;10;0;0;70;-1
75;9;0;0;20;-1
90;4;0;0;40;-1
24;4;0;0;38;-1
29;9;0;1;40;-1
39;7;1;0;37;-1
33;9;0;0;16;-1
37;6;0;1;40;-1
54;9;0;0;40;-1
64;9;0;0;10;-1
39;6;0;0;40;-1
64;9;0;0;40;-1
64;9;0;0;24;-1
35;5;0;0;30;-1
22;9;0;1;40;-1
25;10;0;0;48;-1
26;9;0;0;40;-1
21;10;0;0;45;-1
19;9;0;0;40;-1
25;14;0;1;31;-1
60;9;0;1;40;-1
26;10;0;0;40;-1
25;9;0;0;40;-1
24;9;0;1;40;-1
32;12;0;0;48;-1
53;9;0;1;40;-1
26;10;2;0;48;-1
25;13;0;1;50;-1
32;10;0;1;40;-1
23;9;1;0;40;-1
60;9;1;0;55;-1
49;12;0;1;40;-1
23;10;0;0;50;-1
25;6;0;0;50;-1
40;10;0;0;40;-1
37;4;0;0;60;-1
28;9;0;0;40;-1
22;4;0;0;40;-1
63;9;0;0;20;-1
24;4;0;0;40;-1
30;5;0;0;40;-1
27;9;0;0;45;-1
55;6;1;0;40;-1
59;3;0;0;15;-1
40;10;0;0;40;-1
64;4;0;0;50;-1
69;9;0;0;40;-1
23;9;0;1;40;-1
26;15;2;0;50;-1
48;9;0;1;40;-1
34;13;0;0;50;-1
36;10;0;0;40;-1
34;9;0;0;40;-1
31;10;0;1;38;-1
24;7;0;0;40;-1
28;11;0;1;35;-1
26;13;0;0;35;-1
30;11;2;0;40;-1
61;9;0;1;5;-1
67;6;0;0;80;-1
67;4;0;0;40;-1
68;9;0;0;40;-1
65;9;0;0;20;-1
65;9;0;0;30;-1
59;9;0;0;15;-1
72;6;0;0;12;-1
30;13;0;0;40;-1
50;14;0;0;98;-1
35;10;0;0;40;-1
39;7;0;0;70;-1
31;10;0;0;65;-1
26;10;0;0;50;-1
25;9;0;0;40;-1
28;11;0;0;40;-1
42;11;0;0;40;-1
45;8;0;0;50;-1
42;11;0;0;40;-1
53;12;0;0;99;-1
24;10;0;0;40;-1
32;9;0;0;40;-1
22;10;0;0;40;-1
36;13;0;0;40;-1
55;9;1;1;35;-1
49;4;0;0;50;-1
59;9;0;0;60;-1
69;9;1;1;40;-1
25;12;0;0;45;-1
44;15;0;1;99;-1
24;12;0;0;40;-1
42;14;0;1;16;-1
44;12;0;1;40;-1
38;11;0;1;40;-1
37;10;0;1;40;-1
28;9;0;0;40;-1
35;9;0;0;40;-1
41;9;1;0;40;-1
26;9;0;1;40;-1
68;10;1;1;40;-1
75;9;0;0;15;-1
72;9;0;0;40;-1
69;13;0;1;15;-1
65;10;0;1;40;-1
70;3;0;1;40;-1
71;13;0;1;16;-1
67;9;0;1;15;-1
70;9;0;1;20;-1
65;9;0;1;75;-1
72;14;0;0;60;-1
78;9;0;1;12;-1
65;9;0;0;40;-1
63;9;0;0;20;-1
66;12;0;0;30;-1
65;10;0;0;40;-1
72;9;0;0;10;-1
73;4;0;0;10;-1
60;5;0;0;37;-1
78;9;0;0;32;-1
70;9;0;0;24;-1
55;14;0;0;50;-1
28;9;0;1;48;-1
31;12;0;0;38;-1
29;10;0;0;50;-1
53;11;1;1;40;-1
58;11;0;0;56;-1
33;13;0;0;50;-1
44;10;1;0;45;-1
55;9;0;1;35;-1
23;10;1;0;80;-1
29;13;2;1;40;-1
39;10;0;1;44;-1
28;13;0;1;50;-1
50;14;1;1;30;-1
38;13;0;0;45;-1
24;13;0;0;30;-1
22;13;0;0;4;-1
17;7;0;0;18;-1
49;6;0;0;40;-1
20;10;0;0;25;-1
18;9;0;0;25;-1
21;9;0;0;40;-1
20;10;0;1;12;-1
21;10;0;1;20;-1
20;10;0;1;20;-1
28;15;0;0;40;-1
19;9;0;0;45;-1
36;13;0;0;20;-1
63;7;0;1;30;-1
33;4;0;0;35;-1
25;9;0;1;40;-1
21;10;0;1;40;-1
18;10;0;1;35;-1
48;10;0;0;40;-1
27;3;0;1;40;-1
39;9;1;0;40;-1
20;10;0;1;40;-1
18;10;0;0;40;-1
18;10;0;0;20;-1
21;9;1;0;40;-1
39;13;0;0;40;-1
40;13;0;1;40;-1
25;10;0;0;40;-1
29;11;0;1;45;-1
41;9;0;0;40;-1
23;13;0;1;40;-1
28;10;0;0;55;-1
36;10;0;0;60;-1
39;9;0;0;40;-1
33;12;0;1;55;-1
28;13;0;1;40;-1
39;10;0;1;45;-1
26;14;0;1;40;-1
29;11;0;1;40;-1
32;12;0;0;40;-1
36;13;1;1;50;-1
34;10;0;0;40;-1
29;15;0;1;72;-1
40;9;0;0;60;-1
58;9;0;1;40;-1
57;13;0;0;37;-1
24;9;0;1;40;-1
32;9;0;0;40;-1
41;9;0;0;40;-1
27;9;1;0;40;-1
37;10;0;0;40;-1
48;9;1;1;40;-1
57;9;0;0;40;-1
41;10;0;0;45;-1
26;10;1;0;75;-1
63;9;0;0;40;-1
45;11;0;0;50;-1
21;11;0;1;60;-1
31;9;0;0;40;-1
28;11;0;1;36;-1
62;9;0;1;40;-1
41;9;0;0;41;-1
29;10;1;1;40;-1
24;13;0;0;45;-1
29;9;0;0;50;-1
43;10;0;0;40;-1
47;9;0;1;40;-1
25;13;2;0;40;-1
32;13;1;1;60;-1
43;10;0;0;45;-1
25;10;1;1;50;-1
27;9;0;0;40;-1
27;9;1;0;40;-1
51;6;0;0;45;-1
31;6;0;0;40;-1
63;9;2;0;40;-1
23;9;0;1;40;-1
24;4;0;0;50;-1
21;10;1;1;20;-1
52;9;0;0;40;-1
37;12;0;0;50;-1
33;9;1;0;40;-1
81;5;1;1;5;-1
67;2;0;1;34;-1
66;9;0;0;55;-1
67;5;0;1;40;-1
69;10;0;1;24;-1
66;6;0;0;40;-1
71;14;0;0;20;-1
46;10;0;1;60;-1
34;9;0;0;30;-1
38;9;0;1;20;-1
19;10;1;1;30;-1
67;14;0;1;40;-1
65;8;0;0;44;-1
70;9;0;1;40;-1
69;9;0;1;40;-1
69;9;0;1;12;-1
65;10;0;1;20;-1
65;9;0;1;50;-1
69;4;0;0;10;-1
69;10;0;0;1;-1
41;9;0;1;40;-1
33;9;1;1;40;-1
44;10;0;0;50;-1
36;9;0;1;40;-1
29;10;0;1;40;-1
40;10;0;1;30;-1
47;9;0;1;38;-1
65;7;0;0;40;-1
69;3;0;0;40;-1
67;4;0;0;40;-1
65;3;0;0;21;-1
74;6;2;0;30;-1
78;4;0;0;15;-1
67;9;0;0;20;-1
34;11;0;1;20;-1
45;14;0;1;45;-1
46;10;0;1;50;-1
36;13;0;1;45;-1
44;10;0;1;45;-1
39;14;0;1;40;-1
41;9;0;1;50;-1
40;12;0;1;40;-1
37;9;0;0;40;-1
39;12;0;0;40;-1
49;9;1;1;40;-1
40;14;0;1;40;-1
43;13;0;1;36;-1
49;13;0;1;35;-1
42;7;0;0;50;-1
41;14;0;1;40;-1
61;9;0;1;35;-1
34;13;2;0;40;-1
32;9;0;1;38;-1
33;8;0;1;40;-1
48;9;0;1;40;-1
53;10;0;1;40;-1
40;12;0;1;32;-1
72;13;0;0;6;-1
69;5;0;0;35;-1
76;9;0;0;24;-1
69;9;0;0;6;-1
66;9;0;0;50;-1
66;5;0;0;1;-1
66;9;0;0;40;-1
75;5;1;0;5;-1
68;9;0;0;15;-1
79;4;0;0;35;-1
80;9;0;0;40;-1
76;6;0;0;40;-1
73;13;0;0;75;-1
57;4;0;1;45;-1
42;9;0;0;50;-1
35;9;0;1;40;-1
38;13;0;1;40;-1
37;13;0;1;35;-1
30;9;0;0;30;-1
24;10;3;0;40;-1
44;12;1;1;50;-1
34;9;0;1;48;-1
70;5;0;1;15;-1
66;6;0;1;20;-1
78;9;0;1;20;-1
67;9;0;0;35;-1
65;15;0;0;60;-1
17;5;0;0;24;-1
26;13;0;0;40;-1
21;9;0;1;40;-1
17;6;0;0;30;-1
20;10;0;0;50;-1
17;7;0;1;20;-1
64;9;0;0;40;-1
19;9;0;1;12;-1
17;6;2;1;20;-1
33;9;0;1;40;-1
33;13;0;1;40;-1
18;7;0;0;20;-1
19;8;0;1;40;-1
18;9;0;1;30;-1
21;9;0;1;30;-1
26;7;1;0;32;-1
43;10;2;1;40;-1
18;9;0;0;25;-1
21;10;0;1;32;-1
62;5;1;1;22;-1
19;8;0;0;40;-1
20;10;0;0;20;-1
17;7;0;1;18;-1
22;13;0;1;30;-1
23;10;0;0;20;-1
90;13;0;1;10;-1
72;13;0;1;7;-1
67;9;0;1;18;-1
69;9;0;1;18;-1
65;9;0;0;20;-1
54;9;0;0;40;-1
33;13;0;1;40;-1
55;14;0;1;50;-1
41;9;0;0;40;-1
25;5;0;0;40;-1
48;9;0;1;40;-1
40;10;0;1;40;-1
43;14;0;1;40;-1
34;9;1;0;60;-1
52;8;1;0;40;-1
56;9;1;1;20;-1
18;10;0;1;15;-1
18;5;0;0;40;-1
57;10;0;1;10;-1
20;10;0;1;16;-1
21;9;0;0;40;-1
18;7;0;0;30;-1
17;7;0;0;10;-1
19;10;0;1;10;-1
43;9;0;0;16;-1
20;10;1;1;20;-1
26;11;0;1;35;-1
43;10;0;1;20;-1
49;9;0;1;10;-1
18;10;0;0;10;-1
28;16;0;0;50;-1
38;9;0;0;50;-1
19;10;0;1;20;-1
44;11;0;0;25;-1
18;8;0;0;20;-1
18;7;0;1;4;-1
24;9;0;0;40;-1
17;6;0;0;30;-1
20;10;3;1;35;-1
19;10;0;0;40;-1
20;7;1;0;20;-1
19;10;0;0;24;-1
22;10;0;1;25;-1
18;8;0;0;14;-1
21;10;0;1;4;-1
24;9;0;1;15;-1
17;7;0;0;40;-1
77;9;0;0;20;-1
90;9;0;0;4;-1
38;9;1;1;38;-1
20;5;1;1;20;-1
39;10;0;1;45;-1
33;5;0;0;55;-1
38;6;1;0;40;-1
25;9;0;1;40;-1
50;13;0;0;13;-1
38;9;0;0;40;-1
53;7;1;0;40;-1
28;13;1;1;40;-1
37;14;0;1;40;-1
49;5;1;1;16;-1
52;9;0;0;45;1
37;10;1;0;80;1
30;13;2;0;40;1
23;13;0;1;30;-1
32;12;1;0;50;-1
40;11;2;0;40;1
34;4;2;0;45;-1
25;9;0;0;35;-1
32;9;0;0;40;-1
38;7;0;0;50;-1
43;14;0;1;45;1
40;16;0;0;60;1
54;9;1;1;20;-1
35;5;1;0;40;-1
59;9;0;1;40;-1
56;13;0;0;40;1
19;9;0;0;40;-1
54;10;2;0;60;1
39;9;0;0;80;-1
49;9;0;0;40;-1
23;12;0;0;52;-1
20;10;1;0;44;-1
30;10;0;0;40;-1
22;10;1;0;15;-1
48;7;0;0;40;-1
21;10;0;0;40;-1
19;9;0;1;25;-1
31;10;0;0;38;1
48;12;0;0;40;-1
31;5;0;0;43;-1
53;13;0;0;40;-1
24;13;0;0;50;-1
49;9;0;1;40;-1
25;9;0;0;35;-1
57;13;1;0;40;1
53;9;0;0;38;-1
44;14;0;1;40;-1
41;11;0;0;40;-1
29;11;0;0;43;-1
25;10;3;1;40;-1
18;9;0;1;30;-1
50;13;0;0;55;1
47;9;0;0;60;-1
43;10;0;0;40;1
46;3;0;0;40;-1
35;11;0;0;40;-1
41;9;0;0;48;-1
32;4;0;0;40;-1
48;9;0;0;40;-1
42;16;0;0;45;1
29;10;0;0;58;-1
36;9;0;0;40;-1
28;10;0;1;40;-1
53;9;0;1;40;1
49;10;0;0;50;1
25;10;0;0;40;-1
19;10;0;0;32;-1
31;13;1;1;40;-1
29;13;0;0;70;1
23;10;0;0;40;-1
79;10;0;0;20;-1
27;9;0;0;40;-1
40;12;0;0;40;-1
67;6;0;0;2;-1
18;7;0;1;22;-1
31;4;0;0;40;-1
18;9;0;0;30;-1
52;13;0;0;40;-1
46;9;0;1;40;-1
59;9;0;0;48;-1
53;9;0;1;35;-1
49;9;0;0;40;1
33;14;0;0;50;-1
30;5;0;0;40;-1
43;16;0;1;50;1
57;11;0;0;40;-1
37;10;0;1;40;-1
28;10;1;1;25;-1
34;13;0;0;40;1
29;10;0;0;50;-1
37;10;0;0;48;1
48;12;0;1;40;-1
32;9;1;0;40;-1
76;14;0;0;40;1
47;14;0;1;50;-1
20;10;0;1;40;-1
29;9;0;0;40;-1
30;7;0;0;40;-1
31;9;0;1;40;-1
42;9;0;0;40;-1
24;13;0;0;40;-1
38;15;0;0;40;1
36;9;0;1;40;-1
53;5;0;0;50;-1
56;10;0;0;50;-1
49;11;1;0;40;1
55;10;0;0;56;-1
22;9;0;0;41;-1
21;10;0;1;40;-1
40;13;0;0;60;-1
30;13;1;0;40;-1
29;13;0;0;50;1
19;10;1;0;35;-1
47;13;0;1;40;1
31;12;0;0;40;1
35;9;0;0;40;-1
39;10;0;0;40;-1
28;12;0;1;60;-1
37;13;0;0;50;-1
46;12;1;1;36;-1
38;14;0;0;40;1
43;9;0;0;60;-1
27;11;0;1;35;-1
20;10;0;0;20;-1
49;10;2;0;40;1
61;9;0;0;40;-1
27;10;0;1;40;-1
19;10;0;0;30;-1
70;10;0;0;40;-1
31;9;1;1;30;-1
22;10;0;0;24;-1
36;9;0;1;24;-1
43;10;0;1;40;-1
47;10;0;1;38;-1
34;9;0;1;40;-1
33;13;2;1;40;-1
21;9;0;0;35;-1
52;9;0;0;45;1
48;9;0;0;46;-1
23;13;0;0;40;-1
29;9;0;0;60;-1
42;13;1;0;50;-1
68;2;0;1;20;-1
25;9;0;1;40;-1
44;14;2;1;40;-1
28;9;2;1;40;-1
45;14;0;0;40;1
36;10;0;1;40;-1
39;12;0;0;42;-1
46;14;0;0;40;-1
18;7;0;0;16;-1
66;11;0;1;20;-1
28;9;0;0;40;-1
27;13;0;0;50;-1
28;13;0;0;40;1
27;9;0;1;25;-1
21;9;1;0;40;-1
34;9;1;0;40;-1
18;9;0;0;12;-1
33;13;0;0;65;-1
44;10;1;0;38;1
43;10;0;1;40;-1
30;10;1;0;45;-1
40;4;0;0;40;1
37;10;0;0;42;1
34;9;1;0;40;-1
41;13;0;1;40;-1
53;13;0;1;50;-1
31;14;0;1;50;-1
58;16;0;0;1;1
38;10;1;1;28;-1
24;10;0;0;40;-1
41;13;1;0;40;-1
47;10;0;0;45;-1
41;13;0;0;24;-1
23;3;0;0;40;-1
36;10;0;0;40;-1
24;9;0;0;40;-1
19;9;0;0;40;-1
51;13;0;0;50;1
37;9;0;1;35;-1
18;7;0;1;40;-1
35;9;0;0;60;-1
17;7;0;1;12;-1
44;9;1;0;40;-1
37;9;0;0;40;1
35;10;2;1;40;-1
60;9;2;0;40;-1
54;4;0;0;40;1
37;13;1;0;60;1
50;12;0;1;40;-1
38;13;0;0;50;-1
45;13;0;0;55;-1
25;6;0;0;40;-1
31;10;0;0;40;-1
64;2;0;0;40;-1
54;9;1;0;20;-1
53;1;0;1;35;-1
18;9;0;1;40;-1
60;6;2;1;10;-1
75;11;0;1;20;-1
65;9;0;1;40;-1
41;9;1;1;38;-1
25;10;0;0;42;-1
33;10;3;1;40;-1
28;15;0;0;55;1
59;9;0;0;40;-1
40;10;0;1;38;-1
41;13;0;0;50;1
38;14;0;0;70;1
23;9;0;0;40;-1
40;13;0;0;40;1
41;9;0;1;20;-1
24;12;0;0;50;-1
20;10;0;0;20;-1
56;9;0;0;35;-1
58;9;0;0;45;1
32;9;0;1;34;-1
45;9;0;0;40;-1
41;15;0;1;40;1
42;13;1;1;40;-1
59;6;1;1;30;-1
19;10;0;0;40;-1
58;10;0;0;20;-1
42;9;2;0;40;1
20;9;0;1;40;-1
32;9;0;1;30;-1
45;11;0;1;45;-1
50;4;0;0;40;-1
36;13;0;1;40;-1
45;9;0;0;60;-1
17;7;0;0;12;-1
26;7;0;0;40;-1
37;10;2;0;75;1
19;10;0;0;24;-1
64;9;0;0;40;1
33;13;0;1;45;-1
33;9;0;1;40;1
61;9;0;0;40;1
27;14;0;0;35;-1
30;9;0;1;40;-1
43;9;1;0;40;-1
35;10;0;1;40;-1
25;10;0;1;40;-1
22;13;0;1;15;-1
34;12;1;1;45;-1
60;13;0;1;42;-1
21;9;0;0;40;-1
41;15;0;0;60;1
50;10;0;0;45;-1
25;13;0;1;40;-1
50;4;0;0;40;-1
36;13;0;0;45;-1
31;9;0;1;40;-1
29;13;0;0;56;-1
21;10;0;0;45;-1
27;13;1;1;40;-1
65;9;0;0;16;-1
37;13;0;1;60;-1
24;9;0;0;40;-1
38;9;0;0;80;-1
21;10;2;1;25;-1
31;9;0;0;45;1
24;10;2;1;40;-1
43;9;0;1;40;-1
26;12;0;0;45;-1
46;12;0;1;33;-1
35;12;0;0;40;1
41;10;0;0;54;1
26;13;0;0;40;-1
19;10;1;1;25;-1
36;13;1;1;40;1
22;10;0;0;15;-1
24;10;0;0;40;-1
77;10;0;0;40;-1
22;3;0;1;40;-1
29;10;0;1;40;-1
62;9;0;1;24;-1
39;9;0;0;40;-1
35;9;0;0;45;-1
29;7;0;1;40;-1
76;14;0;0;10;-1
63;9;0;0;45;-1
23;11;1;1;15;-1
58;9;0;0;40;-1
41;10;1;0;45;-1
26;13;0;0;40;-1
47;11;0;0;40;-1
55;6;0;0;40;-1
53;9;0;0;40;-1
17;3;0;0;48;-1
30;9;0;0;40;-1
49;14;0;0;60;-1
19;9;1;0;30;-1
45;9;1;0;40;-1
26;12;0;0;40;-1
33;9;0;0;20;-1
22;10;1;1;40;-1
43;13;0;0;42;-1
67;7;0;0;8;-1
30;11;0;1;40;-1
56;12;0;0;25;-1
31;13;0;0;25;-1
33;13;0;0;40;1
26;9;0;0;40;-1
33;13;0;0;40;1
46;7;0;0;30;-1
59;13;0;0;40;1
38;9;0;0;40;1
65;7;3;0;40;-1
40;11;0;0;40;1
42;9;0;1;35;-1
26;5;0;0;40;-1
36;6;0;1;24;-1
62;14;0;0;40;1
43;13;0;0;45;-1
22;9;0;0;55;-1
28;9;0;0;40;-1
56;10;0;0;45;-1
22;12;0;1;15;-1
57;13;0;1;45;1
39;9;0;1;40;-1
26;10;0;1;15;-1
17;7;0;0;10;-1
40;11;0;0;38;1
45;9;1;0;40;-1
44;9;1;0;40;-1
20;10;0;1;10;-1
33;9;0;1;40;-1
23;10;0;0;40;-1
46;14;0;0;30;-1
38;9;0;0;50;-1
54;9;0;0;40;-1
25;10;0;0;40;-1
46;10;0;1;40;-1
36;10;0;1;40;-1
23;9;0;1;25;-1
29;9;0;0;40;-1
19;10;0;1;16;-1
19;9;0;1;40;-1
35;9;0;1;40;1
27;13;0;0;50;-1
46;12;0;0;40;-1
34;9;0;1;35;-1
44;10;0;0;40;-1
45;10;0;1;40;-1
20;9;0;1;35;-1
25;13;0;0;55;1
52;13;0;0;50;1
20;10;0;0;40;-1
28;10;0;1;40;-1
50;13;0;0;40;1
34;11;0;1;64;-1
28;9;0;0;40;-1
46;9;0;0;25;-1
32;10;0;0;50;-1
41;10;1;1;24;-1
24;9;1;1;40;-1
33;10;0;1;40;-1
31;10;0;0;40;-1
35;8;0;0;50;1
52;2;0;0;40;-1
30;7;0;1;19;-1
34;7;1;0;40;-1
34;9;0;1;40;-1
20;10;0;0;30;-1
32;13;0;1;40;1
29;9;0;0;40;-1
33;6;0;1;35;-1
25;9;0;0;60;-1
23;9;0;0;72;-1
63;9;0;0;40;1
47;14;0;0;40;-1
80;9;0;0;24;-1
17;7;0;0;40;-1
30;12;0;1;25;1
33;14;0;0;50;1
34;10;0;1;40;-1
23;10;0;0;40;-1
42;10;0;1;40;-1
29;13;0;0;40;-1
45;9;0;1;28;-1
24;9;0;0;40;-1
44;10;0;0;40;1
27;5;0;0;40;-1
20;10;0;0;35;-1
44;9;1;1;40;-1
51;9;2;0;40;-1
20;9;0;0;40;-1
17;7;0;1;5;-1
19;9;1;1;40;-1
45;10;0;0;55;1
60;9;0;0;40;1
42;12;1;0;40;1
44;9;0;1;40;1
40;11;2;0;40;1
30;9;0;1;40;-1
38;10;1;0;50;-1
23;9;0;0;60;-1
32;10;0;0;40;-1
44;12;0;0;40;-1
54;9;1;0;40;-1
32;13;0;0;50;-1
50;2;0;0;40;-1
24;13;0;1;20;-1
37;9;0;1;60;-1
52;9;0;0;40;-1
38;10;0;0;40;-1
30;13;0;1;16;1
60;10;0;0;40;1
22;10;0;0;40;-1
35;9;0;0;40;-1
30;9;0;0;60;-1
67;11;0;1;24;-1
46;13;0;1;40;-1
17;5;0;0;6;-1
22;10;0;0;30;-1
27;6;0;0;40;-1
23;9;0;1;35;-1
33;12;0;0;45;-1
43;10;0;0;20;-1
28;13;0;0;20;-1
41;9;0;1;40;-1
25;10;1;1;20;-1
63;2;0;0;35;-1
59;9;0;0;45;-1
45;13;0;1;40;-1
40;9;0;1;35;-1
46;9;0;0;40;-1
35;12;0;1;60;-1
34;9;0;1;25;-1
33;13;0;0;20;-1
41;9;0;1;36;-1
20;10;0;0;40;-1
23;3;0;0;40;-1
26;10;0;1;35;-1
72;9;0;0;20;-1
23;9;0;0;40;-1
62;9;0;0;40;-1
52;10;0;0;40;-1
58;10;0;1;42;-1
25;13;0;1;40;-1
24;13;1;0;40;-1
19;10;0;0;8;-1
43;10;0;0;40;-1
47;9;1;1;40;-1
39;9;0;1;40;-1
53;3;1;1;30;-1
32;11;0;0;45;-1
34;10;0;0;50;1
28;9;0;0;45;-1
57;11;0;1;38;-1
25;10;2;1;20;-1
20;10;0;0;24;-1
21;10;0;1;35;-1
34;13;0;0;50;1
24;10;1;0;50;-1
37;10;0;0;45;1
44;10;0;0;58;1
28;10;0;1;40;-1
42;13;0;0;40;1
74;10;0;1;9;-1
38;9;0;0;50;-1
44;14;0;0;40;-1
44;7;3;1;46;-1
26;9;0;0;40;-1
36;9;1;0;40;-1
41;12;0;1;50;1
39;8;0;0;50;-1
57;2;1;1;30;-1
29;11;0;0;40;-1
31;13;0;1;45;-1
34;9;1;1;40;-1
44;10;0;0;40;-1
29;16;0;0;40;-1
30;10;0;1;40;-1
27;9;0;0;40;-1
27;10;0;0;50;-1
32;9;0;1;45;-1
58;6;0;1;8;-1
35;10;0;0;40;-1
21;9;0;0;36;-1
28;10;0;0;40;-1
46;10;0;0;50;-1
36;9;0;1;40;-1
72;7;0;1;40;-1
35;9;1;1;40;-1
33;11;1;1;40;1
69;7;0;1;40;-1
35;9;0;0;40;-1
31;9;0;1;20;-1
34;9;0;1;32;-1
30;7;0;0;40;-1
28;13;0;0;55;-1
54;13;0;0;35;1
47;10;0;0;50;1
24;9;1;1;40;-1
52;13;0;0;60;1
20;9;2;0;48;-1
45;4;0;1;40;-1
29;9;0;0;35;-1
47;14;0;0;42;-1
24;9;0;0;40;-1
51;9;0;0;40;-1
17;7;0;0;12;-1
27;16;0;1;70;-1
29;13;0;0;40;1
18;8;0;0;25;-1
36;12;0;1;35;-1
58;13;0;1;40;-1
26;10;0;0;45;-1
65;10;0;0;30;1
57;9;0;0;40;1
59;9;0;0;40;-1
27;9;0;0;40;-1
31;13;0;0;40;-1
21;10;0;1;24;-1
29;10;0;0;60;-1
18;7;0;0;40;-1
57;13;0;0;80;-1
42;9;0;0;40;-1
55;9;2;1;40;-1
60;4;0;0;48;1
23;13;0;1;40;-1
27;9;0;0;40;-1
23;10;2;1;25;-1
49;13;0;1;45;-1
32;13;0;0;40;-1
19;10;0;0;28;-1
60;4;0;1;40;-1
42;5;0;0;40;-1
35;12;0;0;40;-1
48;9;1;1;37;-1
51;14;0;0;40;1
29;9;2;0;40;-1
36;9;1;0;40;-1
17;6;0;1;21;-1
24;9;0;0;40;-1
24;9;0;0;50;-1
27;13;0;1;20;-1
39;9;0;0;60;-1
30;9;1;0;45;-1
50;9;0;0;32;-1
52;13;0;0;55;-1
23;13;0;1;20;-1
45;7;1;1;20;-1
65;5;1;1;24;-1
29;11;0;0;55;-1
47;5;0;0;40;-1
30;9;1;0;60;-1
34;9;0;0;45;1
38;9;0;0;64;-1
33;10;0;0;40;1
49;13;0;0;26;1
47;10;1;1;40;-1
49;6;1;1;40;-1
30;13;1;1;40;1
58;9;0;0;60;-1
19;9;0;1;14;-1
21;13;0;0;40;-1
47;3;0;0;50;-1
52;16;0;0;60;1
26;9;0;0;55;-1
60;9;0;0;40;-1
21;10;0;0;40;-1
31;10;0;0;45;-1
50;16;0;0;40;1
31;9;0;1;40;-1
71;9;0;0;15;-1
58;9;0;0;50;-1
30;13;0;0;40;1
20;10;0;0;20;-1
35;16;2;0;40;1
38;10;0;1;45;-1
27;9;0;1;32;-1
29;10;2;1;40;-1
34;9;0;0;45;-1
44;4;0;0;35;-1
43;9;0;0;40;1
44;8;1;0;40;1
35;14;0;0;60;-1
27;10;0;0;40;-1
43;14;0;0;38;-1
20;10;0;1;25;-1
42;9;1;0;40;1
48;10;0;0;40;-1
17;7;0;1;20;-1
17;7;0;0;10;-1
33;13;0;0;40;1
50;9;0;0;50;1
17;8;0;0;16;-1
32;10;0;0;40;-1
31;9;0;0;45;-1
58;9;0;0;50;-1
29;9;0;0;48;-1
37;11;0;0;40;1
34;9;0;0;40;1
23;10;1;0;40;-1
18;7;0;1;5;-1
34;9;0;1;40;-1
66;4;0;0;4;-1
45;13;0;1;55;-1
41;14;0;0;35;-1
26;9;0;0;30;-1
54;10;0;0;40;-1
24;10;1;1;45;-1
42;10;0;0;50;-1
20;10;0;0;20;-1
23;13;0;1;20;-1
25;12;0;0;45;-1
35;14;0;0;60;1
30;13;0;1;40;-1
19;9;0;1;20;-1
36;13;0;0;50;-1
21;10;0;0;30;-1
31;10;0;0;40;-1
44;13;0;1;50;1
40;8;1;0;40;-1
45;10;1;0;40;-1
60;9;0;0;35;-1
18;7;0;0;25;-1
28;13;0;0;40;-1
36;10;1;1;40;-1
36;13;0;0;40;-1
36;13;0;1;35;-1
31;9;1;1;40;-1
33;9;0;0;40;-1
19;9;0;1;40;-1
22;10;0;1;15;-1
34;13;0;0;45;1
33;9;0;0;40;-1
50;9;0;0;42;1
43;13;0;0;40;1
44;9;0;1;40;-1
20;10;0;1;20;-1
31;9;0;0;40;-1
23;10;0;1;24;-1
55;10;2;1;40;-1
25;11;0;1;15;-1
45;10;1;1;40;-1
36;10;1;1;36;-1
43;13;0;0;50;-1
42;13;0;0;40;1
19;10;0;1;25;-1
55;9;0;0;72;-1
26;11;0;0;40;-1
17;8;0;0;20;-1
42;13;0;1;40;1
32;10;1;1;40;-1
29;7;1;0;40;-1
46;13;0;0;37;-1
22;13;0;0;20;-1
58;6;0;0;40;-1
23;9;0;0;50;-1
39;9;0;0;40;-1
27;11;0;0;38;-1
54;9;0;0;40;1
33;13;0;1;45;-1
46;9;0;1;40;1
37;9;1;0;40;-1
36;9;0;1;18;-1
59;9;0;1;38;1
34;9;0;0;40;-1
53;16;0;0;70;1
51;13;0;0;55;1
32;6;0;1;42;-1
31;10;0;0;40;-1
22;10;0;1;30;-1
47;13;0;1;50;-1
32;9;0;0;40;-1
26;10;0;1;38;-1
37;3;0;0;32;-1
31;9;0;0;55;-1
37;11;0;1;24;1
55;9;0;0;38;-1
23;11;0;0;56;-1
36;10;0;1;40;-1
34;14;0;0;40;-1
43;13;0;0;50;1
54;10;0;0;40;-1
43;10;0;0;40;-1
40;11;0;0;50;1
41;10;0;0;60;-1
40;13;3;1;55;1
42;10;1;1;38;-1
18;8;0;0;30;-1
59;9;0;0;16;-1
48;11;0;0;50;1
41;13;0;0;40;-1
18;10;0;0;33;-1
60;9;0;0;60;1
22;10;1;0;20;-1
61;9;0;0;40;-1
25;9;1;0;40;-1
46;14;0;0;35;1
43;12;0;0;40;-1
68;7;0;0;20;-1
31;9;0;1;38;-1
17;7;0;1;20;-1
50;14;0;0;40;-1
64;13;0;0;40;1
20;9;0;0;30;-1
30;9;0;1;36;-1
22;10;1;0;40;-1
43;10;0;0;45;-1
22;10;0;0;40;-1
17;6;0;0;20;-1
47;9;0;1;75;-1
41;11;0;1;60;-1
56;10;0;0;50;1
64;9;0;0;45;-1
47;9;0;0;50;1
48;11;0;0;40;-1
31;14;0;1;46;-1
29;11;0;0;40;-1
30;9;0;1;40;-1
62;9;0;1;40;-1
39;9;0;1;24;-1
43;10;0;0;25;-1
24;13;0;0;40;-1
42;7;0;0;15;-1
26;10;0;0;40;-1
73;9;0;0;40;-1
72;7;0;1;24;-1
55;9;0;0;40;-1
25;9;0;0;40;-1
41;13;0;1;50;1
24;13;0;0;50;-1
63;9;0;0;6;-1
17;7;0;0;20;-1
35;10;0;0;50;-1
51;10;0;0;40;1
62;13;0;1;48;-1
43;10;0;0;40;-1
40;9;0;1;50;-1
37;13;0;0;45;1
39;13;0;0;40;-1
31;9;0;0;18;-1
61;14;0;1;40;1
26;11;0;1;55;-1
46;9;0;0;50;-1
26;13;0;1;40;-1
48;16;0;0;50;1
34;9;0;0;40;-1
34;9;0;1;40;-1
59;9;0;0;40;1
34;13;0;1;40;-1
49;13;0;1;56;1
18;7;0;1;20;-1
43;9;0;0;40;-1
48;7;0;0;50;-1
28;10;0;0;70;-1
33;9;0;0;40;-1
24;10;0;1;15;-1
21;6;0;0;40;-1
17;7;0;0;28;-1
39;10;0;0;50;1
29;13;0;0;40;-1
44;13;0;0;40;1
24;10;0;0;50;-1
55;3;1;0;25;-1
41;13;0;0;60;1
23;9;1;1;7;-1
38;11;0;1;40;-1
39;9;0;0;40;1
19;9;0;1;30;-1
49;5;0;1;40;-1
32;13;0;0;40;1
27;9;0;0;70;-1
38;13;0;0;50;1
33;10;0;1;60;-1
63;10;0;0;15;-1
23;13;0;0;28;-1
33;10;0;0;60;-1
54;9;1;0;40;-1
48;10;1;1;30;-1
35;13;0;0;40;-1
28;11;2;1;40;-1
42;15;0;0;65;1
40;14;0;0;40;-1
47;10;0;0;55;-1
22;13;0;1;50;-1
30;13;0;0;45;1
28;9;0;0;40;-1
63;4;0;0;55;-1
51;5;0;0;20;-1
22;9;0;1;40;-1
27;12;2;0;40;-1
35;9;0;0;45;-1
46;9;0;1;38;-1
37;10;0;0;52;-1
24;13;1;0;15;-1
37;9;0;0;10;-1
53;10;0;0;40;-1
27;9;0;0;30;-1
38;10;0;0;44;-1
53;6;0;0;60;-1
34;10;0;0;40;-1
23;9;1;0;40;-1
43;14;2;1;50;-1
67;9;2;0;40;1
81;9;0;0;30;-1
21;10;0;0;20;-1
23;10;0;0;25;-1
25;10;0;0;40;-1
42;3;0;1;38;-1
38;10;1;1;40;-1
64;9;0;0;5;-1
32;9;0;0;40;-1
37;9;0;0;40;-1
51;14;0;0;60;1
22;10;0;1;42;-1
33;2;0;1;40;-1
42;9;0;0;55;-1
19;10;0;1;10;-1
51;1;0;0;40;-1
23;9;0;1;40;-1
37;9;0;0;99;1
47;14;0;1;25;-1
33;9;0;0;30;-1
31;13;0;0;40;1
31;12;2;1;40;-1
35;9;1;0;40;-1
38;9;0;0;40;1
18;9;0;1;45;-1
20;9;0;0;40;-1
54;10;1;1;35;-1
40;10;0;1;40;-1
43;10;0;0;35;-1
44;10;0;0;40;-1
44;9;0;1;40;1
43;14;0;0;43;1
51;4;1;1;40;-1
18;9;0;1;20;-1
51;10;0;0;40;-1
41;6;0;0;30;-1
44;10;0;0;70;1
33;6;0;0;40;-1
33;13;0;0;40;1
42;12;0;0;40;1
25;10;0;0;45;-1
32;9;0;1;38;-1
32;13;0;0;70;-1
36;6;0;1;40;-1
28;9;0;0;40;-1
20;9;0;1;20;-1
35;10;0;0;60;1
55;9;0;0;20;-1
48;13;2;0;40;1
36;11;0;1;20;-1
34;9;0;0;35;1
28;13;0;1;35;-1
37;9;0;0;40;-1
44;9;0;0;70;-1
25;10;0;1;40;-1
40;14;0;0;35;1
34;9;0;0;40;-1
49;9;0;1;44;-1
22;12;0;1;40;-1
23;9;1;1;40;-1
60;9;0;0;42;-1
45;9;0;0;40;1
63;11;0;1;20;-1
41;9;1;1;35;-1
47;9;0;1;40;-1
44;9;0;0;40;-1
41;11;0;0;40;-1
50;9;0;0;30;-1
47;9;0;0;50;1
35;9;0;0;45;-1
56;9;0;0;55;1
45;14;0;0;45;-1
48;13;0;0;58;1
20;10;0;0;40;-1
38;9;0;1;40;1
23;13;0;1;60;-1
31;9;0;0;16;-1
58;13;0;0;40;-1
66;9;1;0;40;-1
39;9;0;0;40;1
26;10;0;0;50;-1
51;9;0;1;40;-1
34;11;0;0;40;-1
42;10;0;0;44;1
38;14;0;0;25;-1
48;4;0;0;40;-1
33;11;0;1;40;1
51;9;0;1;32;-1
22;9;0;0;40;-1
19;9;0;0;30;-1
41;10;0;0;50;-1
48;14;0;0;35;1
42;9;0;1;30;-1
34;10;0;0;40;-1
23;9;1;1;40;-1
56;9;0;0;50;-1
30;13;1;0;45;-1
45;9;0;0;55;1
48;6;0;1;40;-1
48;14;2;0;50;-1
31;11;0;1;40;-1
27;10;0;0;40;-1
32;9;1;1;40;-1
76;4;0;0;2;-1
37;9;0;0;75;-1
34;9;1;1;30;-1
34;7;0;1;8;-1
90;9;0;1;40;-1
23;10;1;1;40;-1
43;10;0;1;40;-1
24;10;0;1;37;-1
28;15;0;0;55;-1
64;12;0;1;20;-1
23;10;0;0;40;-1
20;10;0;1;50;-1
61;9;0;0;40;-1
53;13;0;0;40;1
52;10;0;0;55;1
38;10;0;0;40;-1
32;13;0;0;40;-1
30;8;0;0;75;-1
41;11;0;1;40;-1
45;9;0;0;47;1
43;9;0;0;35;-1
54;9;0;0;32;-1
34;12;0;1;40;-1
49;10;0;0;80;1
38;10;0;0;40;-1
36;8;0;0;40;-1
30;13;0;0;50;-1
36;12;0;1;60;-1
22;13;0;1;20;-1
37;9;0;0;50;1
17;7;0;0;15;-1
19;10;0;0;20;-1
22;13;2;0;50;-1
49;9;0;0;40;-1
43;11;0;1;40;1
43;13;0;1;40;-1
19;9;0;1;35;-1
58;9;0;0;60;-1
41;10;0;0;40;1
31;10;0;0;40;-1
30;11;0;0;40;-1
32;9;0;0;40;-1
29;13;0;0;35;-1
38;9;0;0;28;-1
41;12;0;0;40;1
44;13;0;0;50;1
31;16;2;0;60;-1
34;9;0;0;40;-1
21;10;0;0;40;-1
22;13;2;0;20;-1
62;6;0;0;40;-1
19;9;0;1;40;-1
43;10;0;1;40;-1
68;4;0;0;8;-1
45;13;0;0;60;1
41;13;1;0;50;-1
34;12;0;1;25;1
34;9;0;1;33;-1
31;13;0;0;47;-1
29;9;0;0;25;-1
41;11;0;0;55;-1
35;14;0;0;45;1
33;13;0;1;45;1
37;13;0;0;38;-1
69;9;0;1;40;-1
34;9;0;1;40;-1
36;10;0;0;40;-1
41;9;0;0;50;-1
58;13;0;1;40;1
53;13;2;0;40;-1
29;10;0;0;40;-1
34;10;0;0;38;-1
36;13;0;0;40;-1
48;10;1;1;35;-1
20;11;0;1;40;-1
35;9;0;0;50;1
63;9;1;0;40;-1
41;10;0;0;45;-1
28;13;0;0;45;-1
30;10;1;1;40;-1
34;9;0;1;40;-1
31;9;0;1;40;-1
37;11;0;1;38;-1
42;10;0;0;40;-1
31;10;0;0;50;1
46;14;0;0;45;1
35;9;1;0;60;1
27;9;0;0;53;-1
41;2;0;0;35;-1
19;10;0;1;20;-1
20;10;0;0;45;-1
59;9;0;1;40;-1
40;13;0;0;37;-1
56;10;0;0;60;-1
30;10;0;1;60;-1
46;9;0;0;50;-1
61;9;0;0;35;1
25;9;0;0;30;-1
40;10;0;1;39;-1
24;10;0;0;40;-1
51;9;0;0;54;-1
43;9;0;0;40;-1
34;10;0;0;54;-1
46;9;0;0;45;1
28;14;0;1;50;1
26;13;2;0;40;-1
20;9;0;0;28;-1
51;9;0;0;40;-1
33;13;0;0;60;1
54;12;0;0;40;1
33;9;1;1;40;-1
22;10;0;1;8;-1
88;15;0;0;40;-1
40;9;0;0;40;-1
51;9;0;1;43;-1
50;7;1;1;40;-1
25;14;0;0;99;1
20;11;0;0;30;-1
47;9;0;0;40;-1
58;10;0;0;40;1
22;11;0;1;30;-1
50;9;0;0;48;1
47;9;0;1;40;-1
24;7;2;0;45;-1
50;9;0;0;40;1
40;13;0;1;45;1
36;13;0;0;40;-1
32;9;0;0;40;-1
44;9;0;0;40;-1
51;14;0;0;40;-1
59;10;1;1;40;-1
65;9;0;0;30;-1
24;13;0;1;65;-1
27;13;0;0;35;-1
51;11;0;0;40;-1
48;10;0;0;40;1
39;9;0;0;60;-1
28;13;0;0;40;-1
19;10;0;1;25;-1
49;13;1;1;40;-1
51;12;0;0;60;-1
59;14;0;0;55;-1
18;9;0;1;40;-1
45;9;1;0;80;1
30;13;0;0;50;1
37;13;0;0;35;-1
44;13;0;0;40;1
33;10;1;0;40;-1
61;14;0;0;40;1
61;9;0;0;40;-1
38;13;0;0;42;1
22;10;0;0;30;-1
36;9;0;0;45;-1
37;10;0;0;62;-1
31;10;0;1;20;-1
20;10;0;0;16;-1
63;13;0;1;40;1
33;9;2;1;41;-1
38;15;0;0;40;1
45;9;0;0;40;1
48;9;0;0;40;-1
53;10;0;0;40;-1
55;9;0;1;40;-1
38;14;0;0;72;1
29;9;0;1;40;-1
36;13;0;0;60;1
42;10;0;0;60;-1
50;9;0;1;40;-1
75;15;0;0;35;-1
52;9;0;1;40;-1
27;13;0;1;40;-1
43;9;0;0;45;-1
31;7;1;1;42;-1
23;10;0;1;30;-1
34;9;0;1;24;-1
41;9;0;1;40;-1
31;9;0;1;30;-1
42;10;0;1;40;-1
35;14;0;0;45;1
55;9;0;1;25;-1
36;9;0;1;40;-1
65;9;0;0;59;1
38;10;0;0;12;-1
62;10;0;1;20;-1
49;9;0;0;40;-1
34;9;0;1;40;-1
32;9;0;1;40;-1
48;10;0;0;60;-1
30;9;0;0;40;-1
52;9;0;1;43;-1
29;9;2;0;40;-1
38;13;0;1;50;-1
57;9;0;0;50;1
43;13;0;0;40;1
37;10;0;0;40;-1
30;9;0;0;40;-1
53;9;0;0;48;1
69;11;0;1;1;-1
73;9;0;1;37;-1
22;10;0;0;35;-1
31;9;0;1;45;-1
50;10;0;0;35;-1
37;10;0;0;37;-1
44;13;0;0;40;-1
47;13;1;1;45;-1
27;10;0;0;40;-1
28;12;0;1;80;-1
25;9;1;1;40;-1
20;10;0;1;40;-1
51;13;0;0;40;1
47;9;0;0;35;-1
42;9;0;0;40;-1
42;12;2;1;40;1
65;9;0;0;40;1
21;10;1;0;10;-1
46;10;0;0;40;-1
57;6;0;0;40;-1
37;13;0;0;45;-1
50;9;0;0;40;-1
58;8;0;0;40;-1
63;2;0;1;30;-1
39;9;0;0;65;-1
46;14;1;0;35;-1
36;9;0;0;40;-1
21;10;0;0;57;-1
41;12;0;0;40;-1
44;10;1;0;40;-1
22;9;0;0;40;-1
29;10;1;0;60;-1
29;9;1;1;40;-1
58;10;0;1;40;1
36;15;0;0;50;-1
30;11;0;0;48;-1
37;13;0;0;43;1
29;11;0;0;40;-1
26;3;0;1;40;-1
43;9;0;0;45;-1
49;9;0;1;40;1
45;13;0;0;40;-1
28;13;0;1;40;-1
20;10;0;1;25;-1
51;9;0;1;40;-1
32;10;0;0;50;1
24;9;0;1;40;-1
35;12;0;0;55;-1
41;13;0;0;40;1
48;13;0;0;45;1
20;10;0;0;30;-1
27;9;0;0;50;1
55;10;0;0;24;1
39;9;0;0;40;1
17;6;0;0;20;-1
47;9;0;0;40;-1
52;9;2;1;40;1
24;9;1;1;20;-1
29;7;1;1;40;-1
25;9;0;0;40;-1
20;10;0;1;40;-1
23;9;1;0;35;-1
57;15;0;0;60;-1
51;11;0;0;40;1
39;13;0;0;40;-1
40;9;0;0;40;1
38;10;0;0;40;-1
28;15;0;0;40;-1
57;14;0;1;40;-1
47;10;0;0;40;-1
59;9;0;0;40;-1
26;9;3;0;40;-1
35;13;0;1;40;-1
61;13;0;0;50;1
17;7;0;1;30;-1
36;13;2;0;60;1
34;10;0;0;50;1
42;9;0;1;40;-1
39;10;0;0;40;-1
58;3;1;0;40;-1
40;6;1;0;55;-1
31;13;0;0;37;-1
36;9;0;0;50;-1
23;10;0;0;40;-1
33;9;0;0;41;-1
52;9;0;0;40;1
22;9;0;1;24;-1
51;10;0;1;40;-1
31;11;0;1;40;-1
49;9;0;1;40;-1
49;9;1;1;40;-1
53;10;1;1;40;-1
20;6;0;0;40;-1
26;12;1;0;40;-1
61;9;0;0;6;-1
43;14;0;1;30;-1
46;13;0;0;52;-1
43;11;0;1;35;-1
41;9;1;1;40;-1
44;9;0;0;55;-1
54;9;0;0;40;-1
32;13;0;1;40;-1
25;10;0;0;40;-1
23;13;0;0;50;-1
25;13;0;0;45;-1
19;10;0;0;50;-1
37;9;0;0;60;-1
45;10;0;0;45;-1
37;9;1;0;44;-1
19;10;0;0;40;-1
17;7;0;0;5;-1
27;13;0;1;40;-1
19;9;1;1;40;-1
43;6;1;0;40;-1
42;6;0;0;40;1
54;14;0;0;50;-1
50;9;0;0;60;1
40;9;0;1;40;-1
55;12;0;0;25;-1
50;9;0;1;40;-1
31;9;0;0;50;-1
42;9;1;1;32;-1
24;9;0;0;45;1
30;7;0;0;40;-1
39;12;0;1;50;1
37;9;0;0;50;-1
33;9;0;0;40;-1
48;9;0;1;40;-1
43;9;2;0;78;-1
39;13;0;0;40;1
53;10;0;0;45;1
52;6;0;0;60;-1
28;10;2;0;20;-1
32;9;0;0;52;-1
31;13;1;0;90;1
31;13;0;1;40;1
47;10;0;1;40;-1
19;10;0;0;50;-1
40;11;1;0;40;-1
40;12;0;1;45;-1
41;7;0;0;40;-1
53;9;1;0;40;-1
46;7;2;0;43;-1
19;9;0;0;40;-1
49;11;0;1;40;-1
59;9;0;1;40;-1
32;11;0;0;50;1
35;10;1;0;40;-1
58;6;0;1;40;-1
28;13;0;0;43;-1
36;12;0;1;40;1
41;14;0;1;35;-1
47;9;0;0;40;1
61;9;0;0;16;-1
36;9;0;0;50;1
38;11;0;0;40;-1
50;11;0;0;45;-1
44;9;0;0;66;-1
51;10;0;0;45;1
44;10;0;0;50;1
25;9;0;0;50;-1
60;7;1;0;40;-1
49;14;0;0;50;1
46;9;1;0;60;1
56;9;1;1;38;-1
22;10;0;0;40;-1
76;9;1;1;2;-1
41;15;0;0;60;1
46;6;1;0;40;-1
30;10;0;0;40;1
39;9;0;0;40;1
40;6;2;0;40;-1
70;9;1;0;40;-1
49;14;0;1;75;-1
24;11;0;0;60;-1
61;15;0;0;5;1
25;13;2;0;40;-1
28;13;0;1;40;-1
69;14;0;0;11;-1
22;10;0;1;36;-1
47;9;0;0;38;-1
38;9;0;1;48;-1
26;11;0;1;40;-1
17;7;2;1;24;-1
33;10;0;0;35;-1
43;9;0;0;40;-1
58;11;0;0;40;1
26;9;0;0;25;-1
43;13;1;0;40;1
25;9;0;1;25;-1
57;9;0;1;40;-1
37;14;0;0;60;1
32;10;0;0;48;-1
26;9;0;1;41;-1
45;9;0;0;40;1
27;9;2;0;40;-1
28;7;0;0;50;1
32;7;0;0;43;1
36;10;0;0;55;1
19;10;0;0;40;-1
37;13;0;0;80;1
20;10;0;0;45;-1
60;14;0;0;40;-1
32;12;0;0;42;-1
58;9;0;0;40;-1
42;9;0;0;50;-1
20;10;1;1;14;-1
42;10;1;0;40;-1
25;10;1;0;40;-1
37;13;0;0;35;1
66;11;0;0;50;-1
59;13;0;0;40;1
44;13;2;0;40;-1
46;9;0;0;58;1
17;5;1;0;9;-1
47;13;0;0;40;-1
47;5;0;1;40;-1
30;10;0;1;40;-1
20;10;0;1;40;-1
20;10;1;0;15;-1
33;9;0;0;40;-1
48;9;0;0;40;-1
37;9;0;1;12;-1
47;9;1;0;40;-1
40;6;0;0;40;1
48;14;0;1;40;1
49;6;1;0;42;1
50;10;0;1;40;-1
30;12;0;1;40;-1
34;10;0;0;40;-1
43;9;0;0;40;-1
22;6;0;1;40;-1
35;9;1;0;40;-1
26;9;0;1;30;-1
39;9;0;0;40;-1
59;10;0;0;40;-1
69;3;0;0;40;-1
27;13;0;0;40;-1
17;6;0;0;30;-1
38;13;0;0;40;-1
27;6;0;1;40;-1
23;9;0;1;40;-1
17;6;0;0;24;-1
56;4;0;1;40;-1
24;10;0;1;40;-1
44;8;1;0;40;-1
23;13;0;0;30;-1
41;9;0;0;50;-1
25;9;0;0;65;-1
21;10;1;1;8;-1
18;8;0;0;6;-1
45;10;0;0;40;-1
51;4;0;0;40;-1
42;9;1;1;40;-1
47;10;1;1;35;-1
29;10;0;0;40;-1
33;7;1;0;40;-1
43;13;0;0;40;-1
20;10;0;0;16;-1
19;13;1;1;40;-1
24;10;0;0;30;-1
19;10;0;0;40;-1
52;11;0;0;40;-1
38;9;0;0;52;-1
24;10;0;0;50;-1
32;13;0;0;50;-1
72;9;0;1;8;-1
26;9;0;0;50;1
31;13;2;0;40;-1
29;13;0;0;50;-1
48;9;0;0;50;-1
40;10;0;0;45;1
51;10;0;0;45;-1
28;9;0;0;40;-1
22;9;0;1;20;-1
23;13;0;1;40;-1
65;10;0;0;16;-1
26;13;0;0;40;-1
38;13;0;0;10;-1
33;9;0;0;60;1
33;9;0;1;60;-1
37;13;1;1;40;-1
19;7;0;0;60;-1
24;13;0;0;50;-1
30;7;0;0;45;-1
57;9;0;1;50;-1
22;10;0;1;20;-1
57;9;1;0;40;1
46;9;0;0;40;-1
67;9;0;0;35;-1
35;9;1;1;40;-1
47;9;0;0;40;-1
39;6;0;0;40;-1
50;10;2;0;40;-1
58;8;0;1;52;-1
36;12;0;1;30;1
45;14;0;0;36;1
54;9;0;0;40;1
26;13;0;0;30;-1
60;9;0;0;40;1
26;10;0;1;35;-1
32;7;0;0;40;-1
38;9;0;0;40;-1
48;10;0;0;70;1
37;9;2;1;40;-1
44;10;0;0;40;-1
31;9;3;1;35;-1
61;15;0;0;35;1
51;9;0;0;40;-1
36;12;1;1;21;-1
67;9;0;1;24;-1
40;12;0;0;40;1
27;3;0;0;35;-1
37;2;0;0;40;-1
57;10;0;0;50;1
27;6;0;1;40;-1
34;13;0;0;60;1
52;9;1;1;38;-1
42;13;0;0;45;1
55;15;0;1;10;-1
71;9;0;1;20;1
33;10;1;0;40;-1
30;9;0;0;40;-1
35;13;0;0;55;1
59;6;1;1;40;-1
19;10;0;0;20;-1
36;5;0;0;30;-1
26;9;0;0;40;-1
34;9;0;0;40;-1
41;9;1;0;40;1
26;9;0;1;40;-1
47;9;0;0;48;-1
18;10;0;0;16;-1
55;6;0;0;18;-1
44;13;0;0;40;1
43;13;0;0;40;-1
62;4;0;0;40;-1
44;9;1;0;40;-1
39;9;0;1;40;-1
50;10;0;0;60;1
35;7;0;0;45;-1
52;9;0;0;40;-1
46;15;0;0;60;1
43;10;0;0;50;-1
20;10;0;0;20;-1
47;12;0;1;40;1
43;14;0;0;50;-1
64;9;0;0;40;1
24;10;0;0;40;-1
27;10;0;0;50;-1
32;9;0;0;40;-1
37;9;0;1;12;-1
26;9;0;0;60;-1
50;9;0;1;40;-1
20;9;0;0;80;-1
43;9;1;1;45;-1
53;5;0;1;36;-1
44;16;0;0;40;1
25;9;0;1;40;-1
19;9;0;0;50;-1
44;10;0;0;50;-1
49;9;0;1;43;-1
35;10;0;0;40;-1
44;9;0;0;45;-1
54;14;0;0;60;-1
37;10;1;1;35;-1
18;10;0;1;15;-1
24;10;0;0;40;-1
29;9;0;1;50;-1
22;10;0;1;35;-1
35;9;0;0;40;-1
56;9;0;0;48;1
32;4;0;1;40;-1
24;13;2;0;45;-1
73;9;0;1;15;-1
47;10;0;0;40;-1
49;8;0;0;39;-1
38;13;0;0;40;1
31;9;1;0;40;-1
39;10;2;1;40;-1
42;13;0;1;40;-1
41;14;2;0;45;1
35;13;0;0;45;1
38;9;0;0;45;-1
31;9;0;1;40;-1
51;9;0;0;70;-1
38;13;0;0;48;1
40;10;0;0;42;1
21;9;0;1;30;-1
44;10;0;0;40;-1
55;9;0;0;40;1
29;9;0;0;45;-1
49;14;0;1;50;1
31;11;0;0;42;-1
46;10;1;0;40;-1
26;9;1;0;40;-1
35;13;0;0;38;-1
27;11;0;0;50;-1
26;13;0;0;40;-1
45;13;0;0;45;1
57;9;0;0;72;-1
30;13;0;0;40;1
45;7;0;1;32;-1
50;4;0;1;30;-1
38;13;0;1;40;-1
43;10;0;0;60;-1
42;10;0;1;55;-1
32;13;0;0;40;-1
20;9;0;1;40;-1
27;9;0;1;35;-1
45;7;0;1;40;-1
40;9;0;1;40;-1
38;9;0;0;60;-1
37;9;0;1;40;-1
60;6;0;1;40;-1
53;9;1;0;45;1
25;13;0;1;40;-1
47;13;2;0;60;-1
40;9;0;0;70;-1
51;9;0;0;40;-1
19;10;0;1;10;-1
42;10;0;1;50;1
65;9;0;0;40;-1
41;13;0;1;40;-1
28;6;1;0;45;-1
24;9;1;0;40;-1
32;7;0;0;40;-1
29;9;0;0;40;-1
17;6;0;1;20;-1
49;9;1;1;40;1
31;6;0;0;40;-1
23;7;0;0;40;-1
17;6;0;0;30;-1
37;9;0;0;40;-1
29;6;0;0;40;-1
39;13;0;0;50;1
35;14;0;1;35;1
40;12;0;1;40;-1
66;3;0;1;40;-1
30;5;0;0;40;-1
43;12;0;0;40;-1
47;5;0;1;50;-1
45;14;2;1;40;-1
31;10;1;0;40;-1
32;13;0;0;40;-1
28;12;1;0;40;-1
50;9;0;0;40;1
63;4;0;1;40;-1
28;13;0;0;40;-1
38;10;1;1;40;-1
52;9;0;1;38;-1
38;15;2;0;40;1
50;14;0;0;38;-1
59;7;0;0;40;-1
32;9;0;0;49;-1
52;9;0;0;38;-1
57;9;0;0;60;-1
51;13;0;0;56;1
22;7;1;1;35;-1
49;9;0;0;40;1
22;9;1;0;40;-1
48;9;0;1;40;-1
52;9;0;0;40;-1
43;13;0;0;50;1
25;4;0;0;40;-1
31;4;0;0;40;-1
19;10;0;0;36;-1
19;10;0;0;45;-1
51;9;0;0;84;1
51;13;0;0;40;1
37;9;1;1;35;-1
19;10;0;1;30;-1
45;9;0;1;55;-1
21;10;0;0;10;-1
52;9;0;1;40;-1
46;10;0;0;24;-1
42;14;0;1;38;-1
56;9;0;0;40;-1
23;9;0;1;40;-1
58;14;0;0;40;-1
70;9;0;0;30;-1
30;10;0;0;40;-1
45;13;2;0;40;-1
23;10;0;0;44;-1
38;13;0;1;40;-1
24;11;0;0;40;-1
53;4;2;0;40;-1
21;10;0;1;40;-1
21;10;0;1;40;-1
34;13;0;1;40;-1
21;9;0;0;40;-1
63;14;0;0;30;-1
23;5;1;0;36;-1
28;13;0;0;50;-1
29;9;1;0;45;-1
25;13;0;1;40;-1
44;14;0;1;60;-1
18;9;0;1;8;-1
26;9;0;0;24;-1
47;12;0;1;35;1
23;9;0;0;40;-1
46;10;0;0;40;-1
25;9;0;0;40;-1
38;9;2;0;54;1
60;13;1;1;15;-1
23;10;0;0;20;-1
36;9;0;1;48;-1
46;5;0;0;25;-1
32;13;0;0;45;1
40;6;0;0;40;-1
31;9;1;0;40;-1
31;10;0;0;65;1
32;13;0;0;37;-1
21;10;0;0;10;-1
63;10;1;0;40;1
44;10;0;0;45;1
42;13;0;0;60;-1
23;13;0;0;35;-1
30;10;0;1;45;-1
24;9;0;0;40;-1
42;13;0;0;40;1
44;9;0;1;40;1
27;13;1;0;48;-1
27;10;0;0;40;-1
22;9;0;1;45;-1
68;9;0;1;40;-1
55;10;0;0;99;1
22;9;0;0;40;-1
25;10;0;1;15;-1
68;9;0;0;45;-1
62;10;0;1;16;-1
26;9;0;0;40;-1
34;14;0;0;55;1
68;10;0;0;40;-1
42;13;0;0;45;1
45;13;0;0;55;-1
26;7;0;0;40;-1
25;9;0;0;45;-1
23;13;0;0;50;-1
65;4;0;1;50;-1
31;9;0;0;50;-1
26;9;0;1;40;-1
39;10;0;0;50;1
44;9;0;0;40;1
26;14;0;1;50;-1
26;6;0;0;35;-1
36;5;0;0;50;-1
38;7;0;0;45;-1
39;9;0;0;48;-1
52;15;0;0;40;-1
39;2;0;0;45;-1
41;10;0;0;40;-1
47;13;0;0;70;-1
28;11;1;0;46;-1
25;13;0;0;35;-1
35;13;0;1;40;-1
32;9;0;1;40;-1
38;14;1;0;40;1
44;10;0;0;18;1
21;10;0;1;40;-1
27;13;0;1;40;-1
30;13;0;0;55;1
20;9;0;0;40;-1
57;14;0;0;80;-1
43;10;0;0;48;-1
50;7;1;1;40;-1
28;4;2;1;48;-1
25;9;0;1;48;1
25;9;0;0;40;-1
90;13;0;0;45;-1
38;13;1;0;40;-1
35;13;0;1;40;-1
50;13;0;0;40;1
26;9;0;1;40;-1
39;10;0;0;45;-1
56;6;0;0;40;-1
24;9;1;1;40;-1
18;7;0;1;25;-1
57;14;0;1;40;-1
43;9;1;1;40;-1
29;13;0;0;25;-1
40;14;0;0;40;1
44;13;0;0;40;-1
77;9;0;0;6;-1
30;13;1;0;40;-1
21;9;0;0;40;-1
66;6;0;0;40;-1
40;7;0;0;35;-1
68;9;0;0;40;-1
64;9;0;1;38;-1
26;13;0;1;50;-1
32;10;0;0;40;1
32;9;0;0;38;-1
51;14;0;0;40;1
49;13;0;0;50;1
28;13;0;0;20;-1
29;9;0;1;36;-1
21;10;0;0;30;-1
28;9;1;1;40;-1
55;6;0;0;40;-1
45;9;2;0;50;1
35;10;0;0;40;-1
31;7;1;0;40;-1
30;9;0;0;55;-1
33;9;0;0;20;-1
23;13;0;0;40;-1
35;10;0;1;40;-1
48;7;0;0;50;1
39;6;1;0;40;-1
53;15;0;1;50;-1
49;9;0;0;40;1
31;13;1;1;40;-1
29;9;0;0;48;-1
54;10;0;0;45;1
28;12;0;1;3;-1
34;9;0;0;50;-1
30;10;1;1;35;-1
19;9;0;1;45;-1
26;9;0;0;40;-1
47;10;0;0;70;1
50;9;0;0;38;-1
30;13;0;1;45;1
44;10;0;0;50;-1
49;9;0;0;60;1
75;14;0;1;50;-1
37;13;0;0;55;1
51;9;0;0;38;-1
35;9;0;0;35;-1
28;10;0;1;40;-1
72;5;2;1;48;1
39;13;0;0;50;-1
27;9;1;0;30;-1
57;10;1;1;40;-1
28;9;0;0;70;-1
23;10;0;1;50;-1
23;10;0;1;20;-1
31;10;0;1;40;-1
27;13;0;1;40;-1
31;15;0;1;80;-1
39;14;0;0;40;1
23;7;0;0;40;-1
24;12;0;1;40;-1
36;16;0;0;40;-1
32;10;0;0;40;-1
35;12;0;1;40;-1
36;13;0;0;40;-1
23;13;0;1;50;-1
47;11;0;0;40;1
35;9;0;0;40;-1
44;10;0;0;40;-1
32;14;0;0;50;-1
34;11;0;0;40;-1
47;9;1;0;40;-1
27;7;1;0;35;-1
23;9;0;1;42;-1
19;10;2;1;40;-1
50;6;0;0;38;-1
49;10;0;0;40;-1
36;10;0;0;40;1
23;13;0;0;40;-1
61;4;1;1;38;-1
41;10;0;0;16;-1
27;13;0;0;60;1
53;13;0;0;70;-1
17;6;0;0;10;-1
23;9;0;0;30;-1
53;10;0;0;40;-1
24;13;0;1;40;-1
22;10;0;1;20;-1
53;13;0;0;50;1
18;7;1;0;20;-1
24;10;0;0;50;-1
20;9;0;1;40;-1
30;4;0;0;40;-1
34;9;0;0;40;-1
19;9;0;0;30;-1
20;8;0;1;40;-1
47;9;2;1;40;-1
20;10;0;0;32;-1
22;13;0;1;40;-1
60;10;0;1;40;-1
32;9;0;1;40;-1
46;9;0;0;40;1
66;9;0;1;40;-1
37;13;2;1;30;1
34;10;0;0;44;-1
45;13;0;0;46;-1
35;7;0;0;40;-1
63;9;0;0;40;-1
51;10;1;0;40;1
36;10;0;0;40;1
25;9;1;0;40;-1
51;9;0;1;38;-1
25;10;0;0;40;-1
19;9;0;0;45;-1
47;10;0;0;45;-1
59;9;1;1;40;-1
34;13;0;0;40;1
40;10;0;1;60;-1
42;9;0;0;45;-1
28;9;0;1;17;-1
37;14;0;0;60;1
51;12;0;0;38;1
25;9;0;0;36;-1
31;9;0;1;40;1
37;9;0;0;44;1
42;12;0;0;45;1
29;13;0;0;40;-1
35;10;0;0;50;-1
51;13;0;0;47;1
22;10;0;0;36;-1
26;13;2;0;16;-1
56;9;0;1;46;-1
52;10;0;0;45;1
61;14;0;0;4;-1
47;13;0;1;40;1
52;11;0;0;40;-1
30;9;0;1;40;-1
35;10;2;0;40;-1
17;8;0;0;40;-1
26;10;1;1;35;-1
58;9;0;0;40;-1
30;9;0;0;60;1
46;10;0;1;40;-1
57;9;0;1;40;-1
25;13;0;0;40;-1
21;10;0;1;10;-1
45;14;0;1;30;-1
61;16;0;1;5;-1
39;9;0;0;40;-1
42;9;0;1;53;-1
20;9;0;1;40;-1
23;9;1;0;16;-1
25;13;0;0;40;-1
47;3;0;1;40;-1
24;9;0;0;45;-1
20;10;2;1;15;-1
35;9;0;0;70;-1
44;9;1;1;38;1
47;10;0;0;50;-1
28;7;2;1;40;-1
41;14;0;1;60;-1
31;9;0;1;40;-1
27;14;0;1;25;-1
44;9;2;1;40;-1
61;10;0;1;40;-1
42;10;0;1;40;-1
46;9;0;1;28;-1
46;13;0;0;50;1
54;14;0;1;38;-1
49;9;0;0;40;-1
56;10;0;1;40;-1
52;14;0;1;40;-1
34;9;0;0;40;-1
25;9;0;0;40;-1
18;7;0;1;40;-1
58;9;0;0;40;-1
31;13;0;0;40;-1
29;10;0;0;55;-1
28;7;1;0;40;-1
30;10;0;0;48;-1
21;10;0;0;30;-1
75;6;0;1;70;-1
66;7;0;0;40;-1
26;10;1;0;40;-1
33;13;0;0;50;1
47;3;0;0;55;1
21;10;0;1;37;-1
17;7;0;0;17;-1
61;13;0;0;55;-1
47;9;0;1;8;1
22;10;1;1;15;-1
47;9;0;0;40;-1
45;13;0;0;40;1
32;11;0;0;50;-1
59;6;1;1;30;-1
38;9;0;0;50;-1
33;9;0;1;40;-1
41;9;0;0;40;-1
51;5;0;0;40;-1
42;9;0;0;48;-1
27;13;0;1;40;1
60;10;0;0;45;-1
64;9;0;1;35;-1
37;12;0;0;40;1
54;13;0;0;45;1
36;12;0;1;50;1
34;13;0;0;40;1
41;14;0;0;5;1
35;4;0;0;75;-1
63;14;0;0;68;1
46;9;0;0;40;-1
47;14;0;0;40;-1
24;13;0;0;65;-1
29;10;0;0;30;-1
74;10;0;1;18;-1
50;7;0;0;70;1
22;10;0;1;40;-1
48;8;1;1;40;-1
30;5;0;0;40;-1
32;13;0;0;40;-1
39;9;0;0;40;-1
49;10;0;0;40;1
25;13;0;1;40;-1
50;13;0;1;40;1
44;9;0;0;40;-1
28;12;0;0;60;-1
55;13;0;1;40;-1
49;13;0;1;50;-1
31;9;0;1;12;-1
47;9;1;1;40;1
45;9;0;0;40;1
35;9;1;1;40;-1
34;13;2;0;60;-1
49;9;1;0;40;-1
39;10;0;1;35;-1
27;9;0;1;42;-1
42;9;0;0;40;-1
60;3;0;0;30;1
33;10;0;0;48;1
23;10;0;1;40;-1
45;14;0;0;50;1
34;9;1;1;40;-1
53;9;0;1;37;-1
22;6;0;0;30;-1
57;9;0;1;35;-1
20;10;0;1;8;-1
23;4;1;0;40;-1
31;7;0;0;40;-1
23;13;0;0;22;-1
30;9;0;1;40;-1
32;13;0;1;50;1
42;12;1;1;40;1
51;4;0;0;40;-1
36;13;0;1;40;-1
45;9;1;0;40;-1
35;11;0;0;50;1
33;4;0;0;40;-1
43;11;0;1;40;-1
60;9;0;1;40;1
37;13;0;0;55;1
35;10;0;1;40;-1
36;10;0;0;52;-1
54;4;0;0;40;-1
51;11;0;0;40;1
45;12;0;0;45;1
63;10;0;1;40;-1
51;10;0;0;40;1
58;14;0;0;18;-1
64;9;0;1;40;-1
20;10;0;0;40;-1
44;13;2;0;40;1
39;13;0;1;48;-1
45;10;0;1;40;-1
44;16;0;0;55;1
22;10;0;1;40;-1
63;9;0;0;40;1
26;11;1;0;40;-1
42;13;0;0;45;-1
20;9;0;1;25;-1
25;9;0;0;40;-1
27;13;0;0;50;-1
46;11;0;1;40;-1
31;10;0;0;60;-1
24;11;0;0;35;-1
43;10;0;0;50;1
23;8;0;0;21;-1
32;9;1;1;37;-1
44;9;0;0;40;-1
40;13;0;0;40;-1
38;9;0;0;40;-1
23;11;0;0;40;-1
41;10;0;0;40;-1
48;9;0;0;40;-1
47;12;0;1;35;-1
42;9;0;0;40;-1
17;6;0;1;10;-1
29;15;0;1;70;-1
21;10;0;1;20;-1
18;7;0;0;27;-1
31;9;0;0;40;1
27;13;0;1;40;-1
29;16;0;0;40;-1
23;13;0;1;45;-1
41;14;2;0;55;1
46;13;0;0;35;1
34;10;1;1;25;-1
42;9;0;0;24;-1
46;9;0;0;37;-1
18;7;0;0;15;-1
52;10;0;0;40;1
56;9;0;1;40;-1
21;11;0;0;40;-1
22;9;0;0;20;-1
31;13;0;1;45;-1
41;9;0;0;60;-1
25;10;0;1;40;-1
43;13;0;0;60;-1
45;9;0;1;40;-1
26;10;0;0;60;-1
90;10;2;0;35;-1
30;13;0;1;40;1
42;10;0;0;40;-1
20;10;0;0;35;-1
64;9;0;1;38;-1
56;4;0;0;20;-1
42;10;0;0;40;1
26;13;0;1;40;1
31;12;2;1;40;-1
40;13;0;1;40;-1
58;10;0;0;40;-1
41;13;0;0;40;-1
58;9;0;0;47;-1
62;14;0;0;60;1
40;10;0;0;40;-1
45;10;0;0;40;1
22;9;0;0;55;-1
23;10;2;0;20;-1
63;14;0;0;50;1
37;10;0;0;40;-1
25;13;0;0;40;-1
56;7;0;0;50;-1
32;10;0;0;50;-1
32;11;0;0;40;-1
35;7;0;0;90;-1
19;10;0;1;20;-1
41;7;0;0;40;-1
22;6;0;0;25;-1
23;9;0;1;40;-1
36;14;2;0;40;1
27;10;0;1;25;-1
45;11;0;0;40;-1
23;9;0;0;25;-1
21;7;1;1;40;-1
29;13;0;0;40;1
36;11;0;0;60;-1
62;8;0;0;40;1
25;10;1;0;40;-1
34;12;0;1;45;-1
33;13;0;0;40;-1
22;10;0;1;30;-1
28;12;0;0;30;-1
22;10;0;0;25;-1
47;9;0;0;40;1
20;6;0;0;40;-1
34;13;0;0;70;-1
28;9;0;0;40;-1
22;9;1;0;40;-1
47;10;1;1;35;-1
33;11;0;0;45;-1
25;9;0;0;40;-1
36;9;0;0;40;-1
61;13;0;0;30;-1
57;10;0;0;40;-1
55;16;0;0;40;-1
20;9;1;1;40;-1
43;9;1;1;44;-1
54;9;0;0;40;1
25;10;0;1;40;-1
23;10;0;1;35;-1
17;7;0;0;10;-1
63;4;2;1;40;-1
19;10;0;1;30;-1
33;13;0;0;45;1
37;13;0;0;50;-1
27;4;0;0;45;-1
36;13;0;0;40;-1
30;9;0;0;65;1
22;13;0;0;55;-1
20;9;0;0;45;-1
18;10;0;1;40;-1
21;10;0;1;40;-1
19;9;0;1;35;-1
34;9;0;0;30;-1
32;10;1;1;40;-1
20;10;2;0;40;-1
70;4;0;0;25;-1
57;13;0;0;40;1
34;11;0;0;40;-1
48;10;0;0;40;1
42;7;0;1;40;-1
27;10;0;0;40;-1
51;6;0;0;40;-1
36;10;0;1;65;-1
33;10;2;0;40;-1
50;10;0;0;40;-1
39;14;0;0;40;1
55;5;0;0;25;-1
24;10;0;1;40;-1
35;9;0;0;40;-1
32;8;0;0;40;-1
29;7;0;0;60;-1
24;13;0;0;40;-1
61;5;0;0;40;-1
34;9;0;0;44;1
20;10;0;0;36;-1
41;9;0;1;40;-1
36;9;0;0;84;-1
61;9;0;0;52;1
35;15;2;0;35;-1
42;13;0;0;50;1
26;13;0;0;40;-1
44;10;1;1;40;-1
31;14;0;0;25;-1
39;9;1;0;40;-1
20;10;0;1;24;-1
32;10;0;0;40;-1
32;9;0;0;40;-1
61;5;1;0;20;-1
54;10;0;1;40;-1
23;12;0;0;40;-1
19;9;0;0;3;-1
31;10;2;0;40;-1
35;3;0;0;40;-1
29;9;0;1;25;-1
29;9;1;1;40;-1
25;6;0;1;25;-1
46;13;0;1;40;-1
35;11;0;1;30;-1
20;6;3;0;40;-1
24;9;0;1;40;-1
48;9;0;1;37;-1
37;9;0;1;40;-1
60;9;0;0;40;-1
39;9;0;0;40;-1
29;10;0;1;38;-1
31;11;0;0;20;-1
26;12;0;0;40;-1
46;11;1;0;40;-1
69;9;0;0;8;-1
48;9;0;1;55;-1
46;9;0;1;40;-1
39;9;1;1;54;1
50;14;0;0;40;1
24;13;0;1;40;-1
30;11;0;1;40;1
29;9;0;0;40;-1
23;7;0;1;38;-1
21;11;0;0;40;-1
32;6;0;0;40;-1
55;9;0;0;40;-1
41;10;0;0;50;-1
18;7;0;0;40;-1
74;13;0;0;10;-1
40;16;0;0;40;1
27;9;0;0;40;-1
55;9;0;1;40;-1
52;4;2;0;40;-1
54;10;0;1;48;-1
36;9;0;0;48;-1
76;10;0;0;8;-1
26;9;0;1;40;-1
18;7;0;0;20;-1
38;9;0;0;50;-1
19;10;0;1;25;-1
32;10;0;0;60;1
57;13;0;0;40;1
20;9;1;0;40;-1
27;10;0;1;40;-1
60;3;0;1;40;-1
52;9;0;1;50;-1
61;4;0;0;40;-1
57;9;0;0;55;1
19;10;0;0;40;-1
59;15;0;0;25;-1
34;9;0;0;45;1
31;12;2;0;50;1
42;9;1;0;35;-1
70;10;0;1;6;-1
47;13;2;0;40;1
29;10;0;0;45;1
27;7;1;0;40;-1
25;8;0;1;40;-1
28;9;1;1;40;-1
35;13;0;0;40;-1
36;10;0;0;60;1
54;14;0;1;40;-1
46;11;0;0;40;-1
52;11;0;1;35;-1
65;4;0;0;40;-1
43;11;0;0;40;-1
41;9;2;1;40;-1
47;13;0;0;30;-1
49;14;0;0;56;1
21;10;0;1;25;-1
20;10;0;1;25;-1
18;8;0;0;40;-1
27;10;1;0;40;-1
34;9;0;0;50;-1
38;10;0;1;40;-1
24;9;0;0;40;-1
34;10;0;0;65;-1
47;9;0;0;50;1
27;9;1;1;40;-1
63;11;0;1;8;-1
34;10;1;0;40;1
25;10;0;0;50;-1
19;10;0;1;35;-1
35;9;0;1;50;-1
24;10;0;0;70;1
26;10;2;1;35;-1
59;11;0;1;40;-1
43;16;0;1;40;-1
20;10;0;1;40;-1
41;9;0;0;40;-1
51;10;0;0;40;-1
27;9;3;1;40;-1
36;9;0;0;40;-1
25;10;0;0;60;-1
55;13;0;0;50;1
22;10;0;1;21;-1
39;11;0;1;20;1
40;5;1;1;40;-1
46;9;0;0;45;-1
54;9;0;1;20;-1
19;10;1;0;30;-1
24;9;0;0;40;-1
53;9;0;0;40;-1
24;14;0;0;13;-1
29;9;0;0;65;-1
54;9;0;0;40;1
21;10;0;1;30;-1
34;5;0;0;40;-1
56;7;0;1;40;-1
19;6;1;1;40;-1
32;9;0;0;65;1
48;9;0;1;52;-1
67;14;1;0;40;1
47;9;0;0;25;-1
52;9;0;0;60;1
40;2;0;1;40;-1
28;6;0;0;50;-1
57;2;0;0;40;-1
51;9;0;1;40;-1
26;7;0;1;35;-1
36;13;2;0;45;-1
33;10;0;0;50;1
46;13;0;0;45;1
50;9;2;1;40;-1
33;10;0;0;40;-1
67;9;0;0;3;-1
35;12;0;1;24;-1
23;6;1;1;40;-1
41;9;0;0;50;1
60;12;0;0;35;1
32;13;0;0;55;-1
56;9;2;0;40;-1
45;11;0;1;40;-1
24;9;0;1;45;1
18;6;0;0;27;-1
31;9;3;0;40;-1
21;10;0;0;50;-1
23;10;0;1;40;-1
45;10;0;0;40;-1
18;7;2;1;25;-1
25;9;1;0;30;-1
31;9;0;0;40;-1
19;9;0;0;45;-1
41;13;0;0;40;1
74;15;1;1;20;-1
27;3;0;0;40;-1
23;9;0;1;40;-1
31;11;0;0;40;1
40;9;0;0;40;-1
41;9;0;0;40;1
25;14;0;0;20;-1
42;9;2;0;60;-1
24;13;0;1;40;-1
42;12;0;0;50;1
45;6;0;0;70;-1
34;11;0;0;40;-1
32;9;0;0;60;-1
54;9;0;0;45;-1
40;10;0;1;20;-1
55;13;0;0;60;1
66;7;0;0;30;-1
52;14;0;0;40;-1
21;10;0;1;15;-1
33;13;0;1;40;1
52;11;0;0;50;1
28;3;0;1;40;-1
27;7;0;0;40;-1
42;13;0;1;50;-1
27;10;0;1;45;-1
19;9;0;1;40;-1
46;10;0;0;40;-1
55;9;0;1;25;-1
50;4;3;0;49;-1
28;9;0;1;40;-1
23;9;1;1;40;-1
43;14;0;0;50;-1
34;13;0;0;40;1
19;10;2;0;40;-1
37;10;2;0;55;-1
27;13;2;1;40;-1
18;9;0;1;24;-1
31;10;0;1;40;-1
49;9;0;0;50;-1
26;15;0;0;60;-1
48;9;0;0;45;1
39;9;1;0;40;-1
41;9;0;1;40;-1
48;11;0;1;56;1
70;13;0;0;70;1
20;9;0;0;43;-1
38;3;0;0;75;-1
37;10;0;1;40;-1
49;10;0;1;40;1
43;2;0;0;40;-1
38;15;0;0;50;-1
18;7;0;0;36;-1
23;4;0;0;25;-1
34;9;0;0;40;-1
62;10;0;0;24;-1
33;10;0;0;40;-1
31;10;0;1;45;-1
64;10;0;1;40;-1
26;13;0;0;28;-1
55;10;0;0;40;-1
61;13;0;0;40;-1
37;9;0;0;40;1
78;13;0;0;15;-1
27;10;1;1;40;-1
49;9;0;0;42;-1
42;13;0;0;58;-1
22;9;0;1;40;-1
61;5;0;0;40;-1
64;13;0;0;5;-1
46;9;0;0;40;-1
24;13;0;0;40;-1
18;10;0;0;15;-1
48;9;0;0;50;-1
50;9;0;0;40;-1
40;14;0;1;45;-1
56;6;0;0;40;-1
56;13;0;0;40;-1
18;7;0;0;20;-1
21;10;0;1;25;-1
40;9;0;1;40;-1
27;9;0;0;50;-1
46;9;0;1;30;-1
23;9;0;1;40;-1
50;10;0;0;45;1
19;10;0;0;50;-1
20;9;0;0;40;-1
24;7;0;0;35;-1
72;11;0;1;40;-1
42;14;0;1;20;1
42;13;0;0;45;-1
51;13;2;0;50;-1
39;9;0;0;50;1
34;10;0;0;55;1
19;7;0;0;40;-1
26;9;0;1;40;-1
28;14;0;1;40;1
30;13;0;0;40;1
32;9;0;1;40;-1
19;10;0;1;25;-1
21;9;0;0;35;-1
54;9;1;1;20;-1
62;15;0;0;30;1
49;10;0;1;32;-1
32;9;0;0;40;1
37;9;0;0;40;1
58;9;0;1;40;-1
41;9;0;1;40;-1
47;9;0;0;40;-1
42;9;1;0;35;-1
34;9;1;0;40;-1
46;7;0;0;40;-1
32;10;0;0;55;-1
20;5;0;1;11;-1
47;11;0;0;50;-1
55;9;0;0;20;-1
43;13;0;0;65;1
80;4;0;0;30;-1
24;10;0;1;40;-1
22;9;0;0;40;-1
40;10;1;0;40;-1
48;9;0;0;50;1
56;9;0;0;25;-1
34;7;0;0;84;-1
51;9;0;0;45;1
24;9;0;1;40;-1
19;9;0;1;40;-1
34;10;0;1;30;-1
24;9;0;0;40;-1
41;13;0;0;48;1
24;9;0;1;38;-1
22;10;0;0;40;-1
32;10;0;1;40;-1
41;13;0;1;55;-1
20;10;0;0;35;-1
31;9;1;0;40;-1
55;13;0;0;18;1
26;13;0;0;40;-1
27;9;0;0;70;-1
35;9;0;1;40;-1
40;9;0;0;60;-1
59;10;0;0;34;-1
61;10;0;0;45;1
31;9;1;1;40;-1
43;14;0;0;60;1
54;12;0;1;30;-1
30;10;0;0;50;-1
20;10;0;1;50;-1
27;14;0;1;50;-1
44;10;0;0;60;-1
64;10;0;1;40;-1
55;9;0;1;40;-1
61;9;0;1;35;-1
28;13;0;0;40;-1
34;9;1;1;40;-1
26;13;0;0;45;-1
35;7;2;0;40;-1
36;13;0;0;38;-1
47;13;0;0;40;1
17;7;1;1;25;-1
35;10;0;0;60;-1
33;14;0;0;20;-1
25;12;0;1;40;-1
18;6;0;0;10;-1
47;14;0;0;38;-1
44;9;1;1;30;-1
41;9;0;1;30;-1
30;13;0;1;40;-1
53;10;0;0;50;-1
53;9;1;1;20;-1
27;13;0;0;40;-1
50;3;0;0;37;-1
36;7;0;0;50;-1
41;2;0;0;40;1
41;14;0;1;40;-1
31;9;0;1;40;-1
32;13;0;0;40;-1
22;10;0;0;48;-1
22;6;0;0;40;-1
18;8;0;0;30;-1
39;13;1;0;30;-1
38;9;0;1;55;-1
35;9;0;0;40;-1
23;10;0;0;40;-1
54;13;0;0;40;1
36;14;0;0;60;1
63;9;0;0;55;-1
39;10;0;0;48;-1
57;10;0;0;60;1
29;13;2;1;40;-1
17;7;0;1;20;-1
40;9;0;0;40;-1
69;10;0;1;15;-1
28;6;0;1;40;-1
38;5;0;0;40;-1
33;13;1;0;40;-1
50;10;0;0;45;1
48;13;0;0;50;-1
26;9;1;1;40;-1
36;10;0;0;60;1
21;10;0;1;37;-1
37;12;0;0;40;-1
20;10;0;1;20;-1
54;9;0;1;30;-1
28;9;0;1;40;-1
27;10;0;0;40;-1
33;11;1;1;40;-1
46;9;0;0;40;-1
28;7;0;1;58;-1
17;6;0;0;40;-1
47;14;0;0;40;1
44;2;0;1;40;-1
25;8;0;0;43;-1
35;13;0;0;55;-1
29;10;0;1;25;-1
30;9;0;0;40;-1
30;10;0;0;40;-1
56;4;0;1;40;-1
25;13;0;0;30;-1
28;9;1;0;40;-1
43;5;0;0;40;-1
47;9;0;0;60;1
46;13;0;0;40;-1
41;14;0;1;35;-1
29;9;1;0;40;-1
25;3;0;0;40;-1
56;7;0;0;45;-1
31;4;0;0;40;-1
22;7;0;0;40;-1
31;9;0;0;40;-1
28;10;0;1;40;-1
53;13;1;0;40;-1
45;14;0;1;50;1
71;1;1;0;10;-1
65;9;0;1;40;-1
19;9;0;1;40;-1
34;13;0;1;40;-1
36;9;0;0;45;-1
40;9;0;1;40;-1
90;10;0;1;40;-1
56;15;0;0;16;-1
21;9;0;1;40;-1
48;13;0;0;45;1
45;10;0;1;27;-1
46;9;0;0;40;1
64;6;0;1;35;-1
29;14;2;0;40;-1
22;9;0;1;30;-1
47;9;0;0;48;1
43;9;0;0;40;-1
42;10;0;0;40;-1
53;7;0;1;40;-1
17;8;0;1;8;-1
55;15;0;0;50;1
28;9;0;0;30;-1
24;10;0;1;40;-1
40;9;0;1;45;-1
30;14;0;1;40;-1
24;7;0;1;40;-1
26;14;0;1;40;-1
38;10;0;1;38;-1
30;9;0;0;40;1
33;13;0;0;50;-1
40;9;0;0;60;1
63;9;0;0;98;-1
23;4;0;0;36;-1
56;9;1;0;40;-1
42;11;0;0;60;-1
40;9;0;0;40;-1
35;9;2;0;40;-1
52;9;1;1;35;-1
28;13;0;1;40;-1
35;6;0;0;70;-1
21;10;0;1;5;-1
43;9;0;0;35;-1
32;11;0;1;2;-1
29;15;0;0;50;1
23;13;0;0;25;-1
34;10;1;0;40;-1
19;9;0;0;40;-1
47;7;1;1;40;-1
37;10;0;0;40;-1
25;9;1;1;35;-1
75;10;0;0;35;1
24;9;0;0;40;-1
28;13;2;0;20;-1
17;7;0;1;16;-1
31;9;1;0;40;-1
31;1;0;1;35;-1
18;9;0;0;10;-1
45;13;0;0;55;1
31;9;0;0;42;-1
27;13;0;0;42;1
22;9;0;1;22;-1
34;13;1;0;30;-1
26;9;1;1;40;-1
53;10;0;0;40;-1
60;13;0;0;35;1
49;14;0;1;50;-1
40;10;0;1;40;-1
48;6;0;0;80;-1
23;13;0;0;50;-1
68;4;1;0;10;-1
42;11;0;0;40;1
37;9;0;0;85;-1
27;9;0;1;45;-1
38;10;0;0;44;1
27;9;0;0;35;-1
75;9;0;1;40;-1
49;13;0;0;52;1
27;10;0;0;20;-1
36;13;0;0;50;-1
35;9;0;0;35;-1
36;9;0;0;40;1
53;7;1;0;40;-1
27;10;1;1;40;-1
61;10;0;0;44;1
29;9;0;0;56;-1
40;10;1;1;35;-1
37;14;0;0;40;1
22;5;0;0;30;-1
43;10;0;0;40;-1
55;9;0;0;30;-1
28;10;0;1;40;-1
23;13;0;1;30;-1
64;7;1;0;40;1
46;10;0;0;40;-1
29;10;0;0;40;-1
44;14;2;0;48;-1
20;10;0;0;25;-1
62;10;0;0;40;-1
49;11;0;1;35;-1
29;6;2;1;40;-1
35;13;0;0;60;-1
39;7;0;0;30;-1
39;13;0;0;45;-1
37;9;0;1;32;-1
72;9;0;0;8;-1
31;4;0;0;40;-1
55;4;0;0;60;-1
38;10;0;1;40;-1
33;10;0;1;25;-1
25;12;0;1;40;-1
19;10;0;0;30;-1
37;11;0;1;52;-1
49;10;0;0;35;-1
26;9;0;0;40;-1
35;9;0;0;43;-1
44;9;0;1;60;-1
37;14;0;0;45;1
42;13;0;0;45;1
28;9;0;0;40;1
40;13;0;0;40;-1
55;13;0;0;40;1
21;9;0;0;65;-1
49;10;1;1;40;-1
51;16;0;0;40;1
51;13;0;0;40;1
38;6;1;0;40;-1
45;9;0;0;40;-1
28;9;0;0;45;-1
22;10;0;0;40;-1
28;14;0;0;40;-1
60;9;0;1;40;-1
47;10;0;0;75;1
40;9;0;0;25;-1
30;9;0;0;60;-1
61;14;0;0;60;1
71;13;0;1;6;-1
42;9;0;1;40;-1
44;8;0;0;55;-1
46;10;0;0;60;1
50;15;1;1;52;1
27;13;0;0;9;-1
40;11;0;0;15;-1
21;10;0;1;40;-1
25;9;0;0;35;-1
54;10;0;0;30;-1
31;13;0;0;40;-1
53;10;0;0;30;-1
48;13;0;1;44;-1
30;10;0;0;56;1
35;9;0;0;60;-1
42;9;0;0;50;-1
34;9;0;0;40;-1
59;9;0;0;40;1
69;6;0;0;20;-1
29;10;0;1;40;-1
40;9;0;0;40;-1
21;10;0;0;15;-1
40;12;0;1;40;-1
43;10;0;0;40;-1
36;9;0;0;40;-1
41;9;2;0;40;1
72;9;0;0;30;-1
20;10;0;0;30;-1
41;13;0;1;40;-1
34;10;0;0;50;-1
48;7;1;1;40;-1
27;9;0;1;40;-1
28;9;1;0;40;-1
27;9;1;0;40;-1
20;10;0;0;40;-1
18;10;0;1;15;-1
32;13;0;0;40;-1
38;14;0;0;60;1
23;10;0;0;40;-1
28;13;0;0;45;1
40;15;0;0;38;1
35;9;0;1;40;-1
74;10;0;0;40;-1
28;9;0;0;40;-1
23;10;0;0;30;-1
44;9;1;1;56;-1
46;9;0;1;25;-1
20;10;0;0;40;-1
40;10;0;1;40;-1
48;13;0;0;40;1
46;13;0;1;70;-1
48;13;0;0;40;1
22;9;1;1;35;-1
24;13;0;1;40;-1
45;10;0;1;40;-1
18;8;0;1;35;-1
39;9;0;0;40;-1
22;10;0;1;40;-1
20;10;0;1;20;-1
28;10;0;0;40;-1
61;16;0;0;40;1
18;10;0;1;20;-1
24;13;2;0;40;-1
45;16;0;0;56;1
24;9;0;0;40;-1
20;10;0;0;30;-1
52;13;0;0;60;-1
19;3;0;0;36;-1
35;13;0;0;20;-1
54;10;0;1;40;-1
21;10;0;0;40;-1
26;9;0;1;40;1
42;11;0;1;40;-1
19;10;0;1;40;-1
44;9;0;0;40;-1
25;13;0;0;55;-1
26;10;0;0;40;-1
64;12;0;1;40;1
41;7;3;1;40;-1
25;10;1;0;40;-1
43;10;0;0;40;-1
48;13;0;0;44;1
60;9;0;0;40;-1
45;10;0;0;50;-1
37;9;0;1;40;-1
22;10;0;0;30;-1
44;9;0;0;65;1
27;9;0;0;50;-1
47;9;0;0;40;-1
40;13;0;0;50;1
41;9;0;0;40;-1
32;6;0;1;40;-1
26;13;0;1;40;-1
47;10;2;0;40;-1
55;9;0;0;45;-1
38;9;0;0;40;-1
24;13;0;0;15;-1
64;16;0;0;25;1
56;13;0;0;40;1
41;9;0;0;49;1
33;15;0;0;42;1
21;10;0;0;40;-1
59;9;1;0;40;-1
58;11;0;0;40;1
43;14;0;0;40;-1
21;9;1;0;40;-1
45;9;0;0;40;-1
53;9;0;1;50;1
41;15;0;0;50;1
27;6;0;1;40;-1
53;10;0;0;50;1
38;14;0;0;35;1
31;13;0;0;70;1
41;9;0;0;35;-1
22;10;0;1;40;-1
43;14;0;0;60;-1
41;10;0;0;40;-1
27;10;0;1;35;-1
41;10;0;0;40;-1
49;13;0;1;40;1
20;9;0;0;45;-1
58;9;0;1;45;-1
35;8;1;1;40;-1
30;9;0;0;40;1
21;9;0;0;40;-1
29;12;0;0;45;-1
40;9;0;1;40;-1
54;13;2;1;40;1
35;13;0;0;60;1
35;13;0;0;50;-1
40;13;0;1;40;-1
59;9;1;1;40;-1
43;10;0;0;50;-1
39;6;0;0;60;1
51;4;1;1;30;-1
33;8;1;1;40;-1
28;9;1;0;35;-1
30;9;0;0;40;-1
20;3;0;0;40;-1
51;9;0;0;50;-1
39;9;0;1;40;1
62;10;2;0;40;1
37;9;0;0;60;-1
28;5;0;0;50;-1
23;9;2;0;48;-1
39;13;0;1;30;-1
50;13;0;0;65;1
31;4;0;0;40;-1
23;13;3;0;40;-1
47;6;0;0;40;-1
59;9;0;1;18;-1
32;12;0;0;40;-1
82;4;0;0;5;-1
74;9;0;0;17;-1
22;10;0;0;35;-1
32;10;0;0;55;-1
34;13;0;0;50;1
59;13;0;0;60;1
36;13;0;0;50;1
59;7;0;1;40;-1
47;13;0;0;70;1
25;10;0;0;35;-1
44;13;1;0;65;-1
58;6;0;0;40;-1
32;9;1;0;40;-1
45;4;0;0;48;-1
47;13;1;1;35;1
52;10;0;0;50;-1
56;2;0;0;25;-1
52;9;0;1;40;-1
34;9;1;1;35;-1
36;4;0;0;35;-1
41;9;0;0;40;-1
30;10;0;0;40;-1
44;13;3;0;40;-1
17;10;2;1;40;-1
34;10;0;1;40;-1
41;10;1;0;40;-1
29;9;0;0;40;-1
25;5;0;0;48;-1
42;13;0;0;40;-1
26;11;0;0;55;-1
46;13;0;0;45;-1
49;7;0;0;40;-1
23;10;1;1;20;-1
46;13;0;1;40;1
30;9;0;0;55;-1
49;9;0;0;40;1
47;11;0;0;40;-1
44;13;0;0;50;1
19;9;0;0;50;-1
26;9;0;0;40;-1
38;9;0;0;40;1
31;10;0;1;43;-1
36;12;0;0;50;-1
31;13;0;0;60;1
30;13;0;0;40;-1
37;9;0;0;40;1
30;13;1;0;50;1
21;9;1;1;30;-1
73;6;0;1;10;-1
38;14;0;0;40;1
30;6;0;0;50;-1
33;9;0;0;50;1
58;10;0;1;46;-1
34;14;0;1;50;-1
35;9;0;0;40;-1
59;9;0;0;40;1
45;13;0;1;40;-1
27;10;0;0;48;-1
31;16;0;0;50;1
45;10;0;0;50;-1
40;9;0;1;25;-1
27;15;0;0;40;-1
19;9;0;0;20;-1
29;3;0;0;25;-1
34;10;0;0;72;-1
32;12;0;0;40;-1
49;7;0;0;40;-1
33;7;0;1;40;1
74;4;0;0;2;-1
62;13;0;0;50;1
39;9;0;0;40;-1
43;9;0;1;40;-1
22;10;0;1;60;-1
24;9;0;0;45;-1
76;9;0;0;40;1
25;10;1;1;40;-1
19;10;0;1;28;-1
31;12;0;1;41;-1
53;7;0;1;40;-1
61;9;0;0;3;-1
47;13;0;0;40;-1
37;9;0;1;45;-1
50;13;0;0;30;-1
27;10;0;0;44;-1
58;9;0;1;40;-1
43;9;1;0;40;-1
39;12;0;0;40;-1
36;10;0;1;35;-1
56;13;0;0;50;-1
26;9;0;0;55;-1
23;13;0;1;38;-1
47;7;1;0;40;-1
68;8;0;1;30;-1
47;10;1;0;40;-1
26;10;0;0;60;-1
46;10;0;1;40;-1
37;12;0;0;50;1
37;10;0;0;45;-1
43;10;0;0;42;-1
59;14;0;1;40;-1
39;9;0;1;40;-1
63;10;0;0;16;-1
45;13;0;0;60;1
59;13;0;1;40;-1
36;8;0;0;35;-1
26;9;0;0;40;-1
34;9;0;1;40;-1
41;9;0;0;40;1
26;9;1;0;40;-1
53;9;0;1;40;-1
33;9;0;1;35;1
46;13;0;0;50;1
79;9;1;1;30;-1
31;9;0;1;40;-1
24;9;0;0;40;-1
57;9;0;1;62;-1
40;9;0;1;47;-1
20;10;0;0;26;-1
45;7;1;1;40;-1
27;11;0;1;40;-1
36;3;0;0;40;-1
30;9;0;0;40;-1
36;13;0;1;40;1
25;9;3;0;40;-1
31;9;0;1;40;-1
26;7;0;0;20;-1
25;13;0;0;40;-1
29;11;0;1;40;-1
41;9;0;0;40;1
35;14;0;0;40;1
57;13;0;1;40;1
21;7;0;1;40;-1
29;6;1;1;32;-1
36;10;0;0;40;-1
20;10;0;1;25;-1
51;13;0;0;40;1
39;7;0;0;40;-1
61;9;0;0;50;-1
38;15;0;0;60;-1
20;10;0;0;35;-1
21;9;0;1;35;-1
40;9;0;1;40;-1
46;6;0;0;45;-1
21;10;0;0;54;-1
35;6;1;0;50;-1
39;13;0;0;40;-1
38;9;0;0;60;-1
30;9;0;1;40;-1
28;5;3;0;40;-1
32;13;0;0;40;1
46;11;0;0;40;1
40;11;0;0;40;-1
44;6;0;0;40;-1
51;9;0;0;20;1
46;13;0;0;40;1
20;10;0;1;20;-1
44;13;0;0;45;-1
33;11;0;0;45;-1
18;9;0;1;30;-1
61;15;0;0;40;1
50;13;0;1;40;-1
47;9;1;0;40;-1
34;13;0;0;50;1
53;9;1;0;60;-1
39;10;0;0;40;-1
58;9;0;0;40;1
66;9;1;0;18;-1
26;7;0;0;50;-1
41;3;0;0;40;-1
47;10;0;0;40;-1
31;11;2;0;40;-1
52;10;0;0;40;1
29;12;0;0;50;1
43;5;1;1;50;-1
42;14;0;0;40;1
35;10;1;1;30;-1
52;10;0;0;40;-1
61;10;0;0;40;-1
39;9;0;0;40;-1
19;10;0;1;25;-1
39;10;0;0;45;-1
22;10;0;0;50;-1
30;9;0;1;40;-1
40;11;0;1;32;-1
37;3;0;0;36;-1
23;12;0;0;20;-1
39;12;0;0;59;-1
54;14;0;0;40;-1
46;10;0;0;60;-1
20;10;0;1;40;-1
50;13;0;1;50;1
17;6;0;1;15;-1
36;9;0;0;40;-1
37;9;0;0;45;-1
53;9;0;1;38;-1
50;9;0;0;40;1
38;9;0;0;40;-1
63;9;0;0;32;-1
53;9;0;0;50;1
40;13;0;1;50;-1
23;10;0;0;50;-1
20;9;0;0;43;-1
46;10;1;0;40;1
28;6;2;0;40;-1
59;14;0;0;50;-1
41;13;0;0;40;1
33;1;0;0;40;-1
56;8;0;0;40;-1
31;13;0;1;50;-1
41;11;0;0;50;-1
25;12;0;1;40;-1
18;9;3;1;12;-1
49;13;1;1;40;-1
39;10;0;0;40;-1
22;10;0;1;20;-1
21;10;0;1;25;-1
35;13;0;0;40;-1
21;9;0;1;40;-1
38;9;0;0;40;1
55;4;0;1;20;-1
31;9;0;0;55;-1
17;7;0;0;20;-1
25;13;0;0;40;-1
39;14;0;0;55;1
50;4;0;0;40;-1
38;13;0;1;20;1
50;10;0;0;60;-1
63;6;0;0;40;-1
31;9;0;0;50;-1
23;13;0;1;40;-1
18;10;0;0;20;-1
43;13;0;1;48;-1
34;10;0;0;50;1
18;7;0;0;35;-1
35;13;0;1;40;1
46;14;0;1;38;-1
31;4;0;1;30;-1
27;9;0;1;37;-1
41;14;0;0;40;-1
42;9;1;0;40;-1
55;13;0;0;40;1
34;9;1;1;40;-1
44;9;0;1;40;-1
36;11;0;1;40;1
33;10;0;1;40;-1
30;11;0;0;40;-1
35;9;0;1;16;1
25;13;0;1;40;1
21;10;1;0;40;-1
18;7;1;0;15;-1
35;10;0;0;60;1
20;9;0;0;50;-1
46;13;0;0;40;-1
31;13;0;1;36;-1
31;13;0;1;40;-1
32;16;0;0;40;-1
23;10;0;0;40;-1
25;14;0;0;40;-1
37;10;0;0;50;-1
18;10;0;1;20;-1
55;9;0;1;38;-1
52;5;0;1;40;-1
26;9;0;1;40;-1
37;10;0;0;40;1
39;9;0;1;45;-1
62;13;0;1;40;1
19;10;0;1;25;-1
47;9;0;0;45;1
51;13;0;0;40;1
55;9;0;1;40;-1
30;9;0;0;35;-1
59;10;0;0;36;-1
45;6;0;0;65;-1
21;9;0;0;20;-1
31;9;0;0;55;-1
29;10;1;0;40;-1
24;9;0;0;40;-1
17;6;0;0;24;-1
47;9;1;1;40;-1
46;10;0;0;50;1
32;9;0;1;28;-1
34;6;0;0;44;-1
63;8;0;0;40;-1
21;10;0;0;25;-1
18;9;1;0;36;-1
49;16;0;0;50;1
81;9;0;1;20;-1
36;12;0;0;40;1
47;9;0;0;40;1
36;14;0;0;50;1
39;11;0;0;60;-1
46;13;0;1;35;-1
39;13;0;1;35;-1
29;10;0;1;40;-1
23;9;1;1;16;-1
57;6;0;0;43;-1
38;9;1;1;42;-1
25;13;0;1;40;-1
39;10;0;0;40;-1
24;10;1;0;40;-1
39;8;0;1;40;-1
23;11;0;1;60;-1
17;7;3;1;20;-1
41;13;2;0;50;-1
24;13;0;1;50;-1
30;9;0;1;60;-1
56;9;0;0;32;-1
51;9;0;0;38;-1
57;10;0;0;55;-1
34;10;0;1;40;-1
24;13;0;0;40;-1
57;9;0;0;40;-1
38;9;0;0;40;1
23;9;0;1;40;-1
35;4;0;0;40;-1
58;9;0;0;52;-1
19;4;0;0;40;-1
17;7;0;1;20;-1
37;16;1;0;99;1
21;13;2;0;25;-1
63;9;0;0;40;1
31;10;0;0;50;-1
29;9;0;0;40;-1
27;15;0;1;65;1
25;9;0;0;32;-1
28;9;0;1;40;-1
54;9;0;1;35;-1
74;10;0;1;12;-1
31;10;2;1;32;-1
23;10;0;0;48;-1
19;13;0;1;30;-1
39;1;0;1;20;-1
27;11;0;1;36;1
19;10;1;1;20;-1
23;9;0;0;40;-1
25;9;2;1;35;-1
40;10;0;0;48;1
53;7;0;1;37;-1
32;13;0;0;45;-1
61;4;0;0;40;-1
42;9;0;0;40;-1
73;9;0;0;16;-1
41;10;0;0;40;-1
23;10;1;1;20;-1
23;9;0;1;40;-1
65;11;0;0;15;-1
45;9;0;1;50;-1
24;13;1;1;27;-1
23;11;0;0;40;-1
30;10;0;1;40;-1
26;13;0;0;40;-1
37;9;0;0;56;-1
17;9;0;0;40;-1
31;9;0;0;40;-1
52;9;0;1;40;-1
63;13;0;0;27;-1
27;9;0;1;60;-1
71;9;0;1;35;-1
35;13;0;0;60;-1
44;9;0;1;38;-1
36;14;2;0;40;-1
22;13;0;1;20;-1
30;13;0;1;40;-1
60;9;0;0;40;-1
25;10;0;1;40;-1
76;4;0;1;12;-1
41;9;0;0;40;-1
26;4;3;0;40;-1
45;8;2;0;40;-1
32;10;0;1;40;-1
22;9;0;0;40;-1
63;13;0;0;40;-1
23;12;0;1;40;-1
61;6;0;0;40;-1
31;11;0;0;40;-1
25;5;0;0;45;-1
39;9;0;1;36;-1
53;13;2;1;40;-1
26;13;0;1;40;-1
21;10;0;0;32;-1
18;9;1;0;40;-1
31;9;0;0;50;-1
44;9;0;0;40;1
43;9;0;0;44;-1
21;10;1;1;30;-1
30;9;0;0;40;1
55;9;0;0;60;-1
57;10;0;1;40;-1
37;9;0;0;50;-1
32;9;0;0;40;1
62;13;0;0;60;1
31;13;1;0;40;1
51;13;0;0;50;1
45;3;0;0;38;-1
47;10;0;0;40;-1
31;9;0;0;75;-1
75;7;0;0;30;-1
43;14;3;0;50;-1
30;13;0;0;40;1
27;3;0;0;40;-1
44;9;2;0;40;-1
53;14;0;1;35;1
40;13;0;0;40;-1
18;7;0;1;20;-1
33;13;1;0;40;-1
20;9;0;0;40;-1
38;10;1;0;50;-1
48;9;0;1;35;-1
46;9;0;0;40;-1
51;9;0;0;40;-1
35;9;0;1;30;-1
24;4;0;0;40;-1
30;10;0;0;50;-1
70;9;0;0;30;-1
26;9;0;0;44;-1
46;9;0;0;40;1
70;9;0;1;5;-1
37;10;0;0;40;-1
36;10;0;1;35;-1
23;5;0;1;40;-1
44;10;0;0;50;1
53;10;0;0;60;1
23;10;0;0;40;-1
26;9;1;0;40;-1
21;10;0;0;40;-1
34;14;0;1;50;-1
43;7;0;0;40;-1
22;10;1;0;20;-1
36;9;2;0;40;-1
42;10;0;0;60;-1
27;11;0;1;35;-1
41;9;0;0;40;-1
32;13;2;1;40;1
21;10;2;0;20;-1
44;13;1;0;50;1
29;13;0;0;40;-1
19;10;0;1;22;-1
21;10;0;0;40;-1
46;9;0;0;40;-1
38;13;0;0;55;1
43;10;0;0;48;1
54;9;0;0;50;1
18;10;0;0;40;-1
50;9;0;1;40;1
30;11;0;1;36;1
30;5;0;0;40;-1
28;9;2;1;35;-1
26;11;0;1;45;-1
37;10;0;0;43;-1
64;14;0;1;5;1
18;9;0;1;28;-1
30;10;0;0;30;-1
18;7;1;0;30;-1
27;9;0;0;40;-1
49;5;0;0;40;-1
46;9;0;0;43;1
37;9;0;0;40;-1
30;10;0;0;40;-1
29;9;3;1;30;-1
22;9;0;0;40;-1
25;9;0;0;30;-1
38;9;1;1;30;-1
32;13;0;1;40;-1
35;10;0;0;50;-1
56;14;0;0;80;1
29;10;0;1;40;-1
41;9;0;0;40;-1
47;9;0;0;40;-1
23;13;2;1;40;-1
46;13;0;0;45;1
39;13;0;1;20;-1
42;10;0;1;50;-1
68;4;0;0;30;-1
57;15;0;1;40;-1
22;10;1;1;30;-1
24;11;0;0;30;1
19;10;0;0;50;-1
55;12;1;1;30;-1
37;9;0;0;40;-1
37;10;1;1;40;-1
28;13;0;0;50;-1
27;9;0;1;40;-1
40;13;0;1;20;-1
51;9;0;1;40;-1
52;11;0;0;56;-1
74;10;0;1;3;-1
20;10;0;1;40;-1
40;10;0;1;50;-1
63;10;0;0;40;-1
63;9;0;0;45;1
51;10;0;1;40;-1
23;9;0;1;40;-1
66;9;0;0;20;-1
33;9;0;0;66;-1
49;9;0;0;43;-1
20;10;0;0;32;-1
26;10;0;0;40;-1
52;9;0;0;50;1
33;13;0;0;50;1
47;13;0;0;45;-1
23;9;1;0;75;-1
53;12;0;0;40;-1
19;10;0;0;20;-1
53;4;0;0;60;1
65;9;0;0;10;-1
68;13;0;0;30;-1
30;6;0;0;18;-1
28;7;0;0;45;-1
54;6;0;0;45;-1
30;9;0;0;10;-1
22;10;0;0;50;-1
25;9;0;0;30;-1
19;7;0;0;20;-1
19;10;0;1;35;-1
32;15;0;0;40;1
23;13;0;1;40;-1
51;13;0;0;45;-1
25;10;0;0;44;1
46;13;1;1;40;-1
38;10;0;1;50;-1
26;9;2;0;40;1
46;9;0;1;40;-1
25;13;0;1;40;-1
29;14;0;0;35;-1
51;14;0;0;50;1
40;10;0;0;52;-1
24;10;0;1;40;-1
24;13;0;0;50;-1
31;11;2;1;24;-1
54;9;0;1;30;-1
34;12;0;0;60;-1
19;10;0;0;66;-1
21;9;1;0;40;-1
21;6;0;0;70;-1
23;10;0;0;24;-1
37;10;0;0;40;-1
40;14;0;0;46;1
57;9;0;0;30;-1
24;7;2;0;40;-1
43;10;0;0;40;-1
32;13;0;1;20;-1
40;9;0;1;40;-1
49;9;0;0;40;-1
62;9;0;0;40;-1
29;11;0;0;40;-1
49;9;0;1;40;-1
55;10;1;1;40;-1
20;10;2;0;72;-1
37;13;0;0;40;-1
43;13;0;0;40;1
29;10;0;1;40;-1
44;9;0;1;40;1
28;10;0;0;40;1
38;10;0;1;45;-1
22;10;0;0;40;-1
19;10;0;1;20;-1
20;8;0;0;40;-1
60;9;0;0;40;-1
30;9;0;1;40;-1
22;10;2;0;40;-1
51;10;0;1;60;-1
31;13;1;1;40;-1
48;9;0;1;40;-1
51;9;1;0;40;-1
50;9;1;0;40;1
46;9;0;1;40;1
68;9;0;0;45;1
23;12;0;0;30;-1
49;14;0;1;35;-1
24;6;0;0;40;-1
30;9;1;0;40;-1
34;9;0;1;35;-1
22;10;0;0;40;-1
30;4;0;0;40;-1
61;4;0;0;31;-1
36;9;0;0;40;-1
51;11;0;0;40;-1
43;3;2;1;40;1
54;10;0;0;48;1
63;9;0;1;25;-1
51;10;0;0;40;1
63;6;0;0;40;-1
51;14;0;0;60;1
27;9;0;1;35;-1
35;12;0;0;40;1
31;13;0;1;25;1
46;9;0;0;40;-1
53;11;1;0;40;1
26;10;0;0;24;-1
43;9;0;0;40;-1
54;9;0;0;40;1
62;10;0;1;45;1
57;10;0;1;40;-1
19;10;1;0;24;-1
29;9;0;0;20;-1
20;9;1;0;40;-1
18;10;0;0;40;-1
22;10;0;0;40;-1
23;9;0;0;40;-1
69;7;0;0;20;-1
53;13;1;0;35;-1
28;9;0;0;40;-1
28;13;1;0;40;-1
33;9;2;0;84;1
48;9;0;1;30;-1
61;9;0;0;40;1
48;10;0;0;40;-1
32;4;0;0;40;-1
51;9;0;0;40;1
27;13;0;0;40;-1
19;10;0;0;14;-1
47;9;0;0;50;-1
25;13;0;0;60;-1
72;10;1;0;40;-1
29;7;0;0;40;-1
22;9;0;1;40;-1
57;9;1;0;48;-1
50;12;0;0;60;-1
45;10;0;0;30;-1
52;10;0;0;40;1
53;14;0;0;48;1
36;9;0;0;48;-1
46;9;0;0;40;1
20;9;0;1;20;-1
75;3;1;0;10;-1
32;9;0;0;40;1
28;9;0;0;40;-1
53;14;0;1;40;-1
17;7;0;1;35;-1
46;11;0;1;38;-1
39;12;0;1;30;-1
38;10;0;0;40;-1
36;9;0;0;60;-1
63;13;1;1;21;-1
28;2;0;0;43;-1
28;13;0;0;45;-1
49;9;0;1;35;-1
43;10;0;0;40;-1
38;13;0;0;45;1
39;9;0;0;62;-1
42;9;1;1;40;-1
40;9;0;0;40;-1
45;9;0;1;10;-1
29;9;0;1;40;-1
30;10;0;0;50;1
44;10;1;0;40;-1
40;9;0;0;24;-1
30;9;0;1;35;-1
52;11;0;1;35;-1
42;10;1;0;40;1
39;10;0;0;52;1
43;10;0;0;45;-1
30;11;0;0;40;-1
83;9;0;1;20;-1
39;13;0;0;55;1
41;9;0;1;20;-1
25;7;0;0;40;-1
59;12;0;0;8;-1
44;13;0;0;40;-1
40;9;0;0;40;-1
21;9;1;1;35;-1
41;10;0;1;38;-1
24;13;0;1;50;-1
67;9;0;0;60;-1
24;13;0;0;38;-1
50;13;0;0;60;-1
48;14;0;0;35;-1
55;12;1;0;20;1
50;13;0;1;36;-1
64;6;0;0;40;1
49;5;1;0;37;-1
20;9;1;0;52;-1
30;9;0;1;40;-1
37;13;2;0;30;-1
52;9;0;0;40;1
22;10;0;0;25;-1
77;9;0;1;14;-1
19;10;0;0;15;-1
52;9;0;0;55;1
42;13;2;1;40;-1
35;9;0;1;36;-1
27;10;0;1;50;-1
54;9;1;1;38;-1
37;6;0;0;35;-1
28;4;0;0;30;-1
63;13;0;0;40;-1
19;9;0;0;42;-1
28;13;0;1;40;-1
23;10;0;0;40;-1
44;15;0;1;40;1
31;10;0;0;40;1
35;13;2;0;50;1
64;9;0;1;50;-1
40;9;0;0;40;1
59;12;0;1;50;-1
22;10;0;1;40;-1
40;10;0;1;44;-1
35;4;0;0;40;-1
20;10;0;1;15;-1
35;9;0;0;40;-1
28;10;0;0;48;-1
28;9;0;0;40;-1
37;10;0;0;20;-1
25;12;0;0;60;-1
37;9;0;1;40;-1
19;10;0;1;45;-1
31;11;0;1;38;-1
41;9;0;1;40;-1
31;6;0;0;40;1
44;9;0;0;40;-1
20;10;1;0;47;-1
57;10;0;0;50;-1
26;9;0;1;12;-1
29;9;0;0;40;-1
40;11;0;0;40;1
21;12;1;0;35;-1
21;10;0;0;70;-1
34;15;0;0;48;1
24;13;0;1;15;-1
28;6;0;1;40;-1
35;9;0;0;50;-1
35;9;0;0;40;-1
38;13;0;1;40;-1
44;9;1;1;40;-1
39;13;0;1;40;1
57;9;0;1;40;-1
19;10;0;1;40;-1
29;11;0;0;48;-1
23;9;1;0;40;-1
50;9;0;1;40;-1
51;10;0;0;20;-1
28;11;2;0;40;-1
44;13;0;0;60;-1
29;13;1;0;40;-1
31;9;0;0;45;-1
27;13;0;0;45;1
34;13;0;0;45;-1
27;10;0;0;40;1
31;11;1;1;40;-1
46;12;0;0;40;1
39;10;2;1;40;-1
40;13;0;0;55;1
28;7;0;0;40;-1
18;9;0;1;40;-1
51;9;0;1;40;-1
58;9;0;0;50;-1
66;9;0;0;40;-1
36;9;2;1;20;-1
38;7;0;1;60;-1
25;12;0;0;40;-1
25;9;0;1;22;-1
90;7;0;0;40;-1
41;10;0;1;40;-1
34;9;1;1;40;-1
33;9;0;1;40;-1
39;9;1;1;20;-1
59;9;0;0;60;-1
19;10;0;0;40;-1
27;9;0;1;40;-1
52;4;0;0;40;-1
59;9;0;1;24;-1
28;10;0;1;40;-1
37;9;0;1;50;-1
50;6;0;0;99;-1
36;13;0;0;50;1
34;13;0;0;60;1
23;10;0;0;40;-1
19;7;0;1;30;-1
27;14;0;0;52;-1
31;14;0;0;40;-1
21;6;0;0;36;-1
31;9;0;0;54;-1
59;9;0;0;40;1
19;7;0;0;40;-1
47;9;0;0;50;-1
34;13;0;0;40;-1
57;9;0;0;78;-1
51;5;1;0;40;-1
21;10;0;0;20;-1
30;10;0;0;50;-1
46;10;0;0;45;-1
40;13;0;1;45;-1
52;1;0;0;40;-1
23;13;2;0;50;-1
25;9;0;1;50;-1
43;10;0;0;45;-1
38;10;2;1;40;1
22;11;0;1;30;-1
65;11;0;0;20;-1
50;9;0;0;15;-1
25;9;0;0;40;-1
54;10;0;1;40;-1
49;9;0;0;40;1
44;10;0;0;40;-1
24;5;0;1;40;-1
25;13;0;0;38;-1
65;9;0;0;20;-1
56;9;1;0;45;-1
23;13;0;1;40;-1
20;10;0;1;20;-1
24;3;0;0;40;-1
40;10;0;0;50;-1
55;9;0;0;50;1
38;9;0;1;48;-1
23;9;1;1;40;-1
44;13;0;0;50;-1
20;10;0;1;12;-1
29;9;0;0;40;-1
43;9;0;0;40;-1
30;8;0;0;40;-1
28;10;0;1;38;-1
31;9;0;0;40;1
52;9;0;1;40;-1
36;13;0;1;50;1
38;9;0;0;45;-1
66;10;0;0;40;-1
63;11;0;0;40;-1
21;10;0;0;35;-1
33;9;0;0;40;-1
20;10;0;0;20;-1
33;16;0;0;55;1
66;4;1;0;30;-1
20;10;0;1;30;-1
28;9;0;0;40;-1
46;9;0;1;28;-1
25;10;1;0;45;-1
31;5;0;0;60;-1
49;9;0;0;40;-1
22;10;0;0;20;-1
52;11;0;1;20;1
29;12;0;1;50;-1
18;7;0;1;20;-1
31;10;0;0;35;-1
23;10;2;1;35;-1
27;11;2;1;40;1
54;6;0;0;65;-1
50;9;0;1;49;-1
24;13;0;1;40;-1
17;7;0;1;18;-1
49;9;0;0;45;-1
54;9;0;0;40;1
49;9;0;0;40;-1
36;13;0;1;35;-1
23;9;1;0;40;-1
63;10;0;1;40;-1
67;9;0;0;40;1
23;9;0;0;40;-1
22;13;0;0;40;-1
66;11;0;0;30;-1
25;7;0;0;50;-1
30;10;0;1;20;-1
67;4;0;0;40;-1
30;8;1;0;40;-1
26;10;1;1;38;-1
34;9;0;0;40;-1
21;10;0;0;40;-1
18;8;0;0;10;-1
21;9;0;0;40;-1
76;5;0;0;40;-1
51;10;2;0;70;-1
26;9;0;1;56;-1
18;8;0;1;25;-1
18;7;0;0;40;-1
59;9;0;1;40;-1
33;10;0;0;72;-1
25;9;0;1;10;-1
48;9;0;1;10;-1
64;13;0;1;5;-1
47;14;0;1;45;1
26;10;0;1;40;-1
36;12;0;0;48;1
21;9;0;0;40;-1
54;4;0;1;25;-1
30;9;0;0;44;-1
41;9;0;0;40;-1
34;10;1;0;30;-1
20;10;0;1;35;-1
24;6;0;0;49;-1
26;13;0;1;20;-1
25;9;0;1;48;-1
35;10;0;1;36;-1
41;10;0;0;40;1
33;7;0;0;40;-1
18;10;0;1;25;-1
27;9;0;0;38;-1
32;9;0;1;35;-1
51;9;1;0;40;-1
38;11;1;1;40;-1
41;10;0;1;25;-1
38;11;0;0;35;-1
54;5;0;0;45;1
30;13;0;1;60;-1
31;10;0;1;30;-1
26;13;0;0;40;-1
29;14;1;0;40;-1
61;9;0;0;50;1
24;10;0;1;45;-1
22;8;0;0;30;-1
34;12;0;0;40;-1
42;10;0;0;40;-1
24;7;0;0;40;-1
42;12;0;0;40;-1
39;13;0;1;50;1
20;9;0;0;40;-1
51;7;1;1;40;-1
68;13;0;0;30;-1
28;9;0;0;48;-1
43;9;0;1;40;-1
35;10;0;0;40;-1
44;9;1;1;40;-1
41;13;0;0;40;-1
44;9;0;0;45;1
20;9;0;1;40;-1
46;9;0;0;75;1
32;10;0;0;50;-1
46;10;0;0;50;-1
26;9;0;0;24;-1
20;10;2;1;40;-1
36;9;0;1;40;-1
49;13;0;0;40;1
36;9;0;0;45;-1
22;10;0;0;25;-1
52;9;0;1;40;-1
42;9;0;0;50;1
22;10;0;0;40;-1
72;9;0;1;16;-1
30;13;0;1;40;-1
44;10;0;0;40;-1
23;13;0;1;45;-1
22;10;0;0;20;-1
59;13;0;0;60;-1
46;9;0;1;40;-1
30;11;0;0;40;-1
64;4;0;1;30;-1
31;10;1;1;40;-1
64;9;0;0;20;-1
45;9;0;1;40;-1
32;9;1;1;40;-1
43;13;2;0;40;-1
23;10;0;0;45;-1
49;9;0;0;40;-1
32;8;0;0;40;-1
49;11;0;1;40;-1
33;10;0;0;40;-1
28;15;0;1;85;-1
47;9;1;0;40;-1
41;9;0;0;40;-1
34;14;0;0;40;1
25;9;0;1;35;-1
20;10;0;1;40;-1
21;10;0;1;15;-1
25;9;0;0;30;-1
46;5;0;0;40;-1
37;2;2;0;40;-1
41;10;0;0;56;1
30;9;0;0;40;1
54;10;0;0;40;-1
35;9;0;0;99;-1
58;9;0;1;12;-1
21;10;0;1;25;-1
35;14;0;0;40;1
35;15;0;0;80;1
19;10;0;0;20;-1
48;9;0;1;40;-1
56;10;0;0;40;-1
65;10;0;1;35;-1
40;13;1;0;35;-1
26;9;0;1;40;-1
45;10;0;0;40;-1
26;10;0;0;40;-1
32;9;0;0;40;-1
22;10;0;0;48;-1
37;11;0;1;38;-1
25;13;0;0;40;-1
64;2;0;0;53;-1
46;11;0;0;48;1
30;9;0;0;27;-1
63;12;0;0;40;1
51;9;0;0;40;1
68;4;0;0;16;-1
36;16;0;0;50;-1
28;10;0;0;50;-1
41;10;0;0;40;-1
47;10;0;0;40;-1
22;10;1;1;30;-1
33;13;2;0;80;-1
46;13;0;0;40;1
28;10;0;1;40;-1
36;9;0;0;52;1
18;10;0;1;20;-1
56;9;0;0;35;-1
54;9;0;1;40;-1
29;9;1;1;40;-1
40;10;2;1;84;-1
22;9;0;0;35;-1
33;9;0;0;40;1
28;9;0;0;50;-1
63;10;0;1;12;-1
37;6;0;0;50;-1
50;10;0;0;40;-1
22;9;0;0;40;-1
40;12;0;1;40;-1
21;10;0;0;40;-1
25;12;1;0;40;-1
20;10;0;1;40;-1
43;9;0;0;40;-1
29;11;0;1;50;-1
32;13;0;0;40;1
42;14;0;0;50;1
33;9;2;0;40;-1
27;10;0;1;40;1
22;10;0;1;40;-1
29;10;0;0;38;-1
29;9;0;0;40;-1
20;10;0;1;20;-1
35;6;0;0;40;-1
33;9;0;0;50;-1
46;10;0;0;10;-1
45;5;0;1;40;1
17;7;0;0;20;-1
48;13;1;0;40;1
49;9;1;1;40;-1
20;10;0;1;40;-1
64;10;0;0;20;-1
53;10;1;0;40;-1
52;9;0;1;40;-1
29;9;0;0;55;-1
48;13;0;1;20;1
30;10;0;0;40;-1
34;9;0;0;20;-1
19;10;0;0;50;-1
39;9;0;0;50;-1
28;7;0;0;40;-1
17;8;0;1;10;-1
54;13;0;1;50;-1
25;9;0;1;40;-1
25;7;0;1;12;-1
24;13;0;1;40;-1
31;10;2;0;50;-1
47;10;0;0;40;1
45;13;0;0;40;1
19;10;0;1;25;-1
52;9;0;0;40;-1
19;9;2;1;12;-1
60;9;0;0;28;-1
43;14;0;0;50;1
24;12;0;1;30;-1
20;10;0;1;40;-1
51;9;0;1;40;-1
38;5;0;0;40;-1
21;10;0;1;10;-1
40;9;0;0;50;1
54;10;0;1;40;-1
35;13;0;0;50;-1
52;7;1;0;40;-1
56;10;1;1;40;-1
35;9;1;0;40;-1
29;13;0;0;40;-1
29;9;2;0;65;-1
27;9;0;1;40;-1
58;13;0;0;40;-1
64;9;0;0;18;-1
53;9;1;1;32;-1
21;9;0;1;30;-1
40;12;0;0;30;-1
52;16;0;0;40;1
38;11;0;0;50;-1
40;10;0;1;30;-1
39;9;0;0;40;-1
56;14;0;1;50;1
68;16;0;0;55;1
24;9;0;0;38;-1
40;15;0;0;50;1
43;15;1;0;99;1
38;13;0;1;70;-1
45;9;0;0;40;1
18;7;0;0;55;-1
57;14;0;0;50;1
49;9;1;1;35;-1
25;10;0;1;40;-1
52;10;0;0;40;-1
56;6;0;0;56;-1
26;10;0;0;48;-1
19;9;0;1;40;-1
25;13;2;1;40;-1
25;9;0;1;30;-1
21;9;0;0;45;-1
48;4;0;0;40;-1
33;14;0;0;60;-1
31;9;3;0;40;-1
26;9;0;0;65;-1
37;13;0;0;38;-1
29;10;0;1;30;-1
20;10;0;0;20;-1
28;10;3;0;60;-1
49;9;0;1;20;-1
73;6;0;0;4;-1
51;10;0;1;40;1
40;10;0;0;40;-1
24;11;0;1;40;-1
18;8;0;0;24;-1
41;6;1;0;40;1
46;9;0;1;40;-1
64;6;0;0;40;1
50;15;0;0;40;1
53;14;0;0;36;1
21;9;0;0;40;-1
22;10;0;0;25;-1
39;15;0;0;55;1
30;13;2;0;40;-1
26;10;1;1;40;-1
43;13;0;0;50;-1
59;9;0;1;60;-1
27;9;0;1;40;-1
55;6;1;0;40;1
20;10;0;0;12;-1
25;11;0;1;36;-1
28;12;0;0;40;-1
29;13;0;0;50;-1
60;7;0;0;40;1
25;7;0;1;40;-1
27;10;0;0;60;-1
50;13;0;0;40;1
46;4;0;0;47;-1
35;11;1;1;40;-1
21;10;0;0;40;-1
40;9;1;0;40;-1
49;13;0;0;40;1
29;13;0;1;50;-1
39;12;1;0;60;-1
35;9;0;0;60;-1
52;10;0;0;40;-1
25;10;1;0;40;-1
20;9;0;1;30;-1
46;10;0;1;10;-1
24;13;0;0;40;-1
29;13;2;0;30;-1
21;10;0;0;40;-1
37;13;0;1;50;-1
43;9;0;0;40;-1
19;9;0;1;26;-1
47;9;0;0;45;-1
61;9;0;0;45;1
21;12;0;0;55;-1
35;9;0;0;60;-1
60;6;1;0;40;-1
27;10;0;1;40;-1
57;13;2;0;35;-1
56;2;0;0;40;-1
27;9;0;1;40;-1
47;4;1;1;35;-1
19;9;0;0;30;-1
28;8;0;1;30;-1
43;6;0;0;40;-1
63;10;0;1;35;-1
22;10;0;0;40;-1
25;9;2;1;40;-1
20;9;0;1;40;-1
48;6;0;0;70;-1
30;13;1;1;40;-1
31;13;0;0;40;1
20;9;2;1;24;-1
57;14;0;0;50;1
33;9;0;1;40;-1
27;11;0;0;40;-1
34;9;0;0;60;1
22;6;0;0;30;-1
50;12;1;1;40;1
40;13;0;0;45;1
37;9;0;0;51;-1
40;12;0;0;40;-1
25;9;0;0;40;-1
51;9;1;0;40;-1
22;8;1;0;40;-1
18;10;0;0;16;-1
33;9;0;1;40;-1
33;13;0;1;40;-1
67;10;0;0;40;-1
24;10;0;0;40;-1
32;4;0;0;40;-1
29;9;0;1;40;-1
25;11;0;0;45;-1
33;10;0;1;40;-1
55;13;0;0;40;-1
31;10;0;0;40;1
32;14;0;0;50;-1
36;9;0;1;50;-1
58;9;0;1;27;-1
19;7;0;0;40;-1
21;9;1;1;40;-1
36;9;0;0;50;-1
43;9;1;1;21;-1
52;13;0;0;40;-1
48;11;0;1;40;-1
43;10;0;1;38;-1
22;9;0;0;40;-1
37;12;0;1;40;-1
39;10;2;1;38;-1
54;10;0;0;40;1
27;12;0;0;40;-1
21;9;0;1;35;-1
65;10;0;1;38;-1
30;10;0;1;40;-1
22;5;0;1;40;-1
25;7;0;0;40;-1
35;11;0;1;40;1
23;12;0;0;60;-1
42;9;1;0;40;1
39;10;2;0;30;-1
55;16;0;0;60;1
24;14;2;1;10;-1
53;9;0;0;40;1
44;7;1;1;60;-1
40;9;1;1;40;-1
26;11;0;1;35;-1
22;9;0;1;40;-1
35;9;0;1;12;-1
20;10;0;1;20;-1
43;9;0;1;40;-1
37;9;0;1;25;-1
30;9;2;0;40;-1
41;9;2;0;50;-1
38;15;0;0;60;1
77;5;1;0;40;-1
42;9;0;0;50;-1
20;9;1;0;40;-1
32;11;2;0;40;-1
27;13;0;0;40;1
25;10;0;0;45;-1
40;14;0;0;40;-1
18;7;0;0;25;-1
49;13;0;0;45;1
17;7;0;1;16;-1
29;9;0;1;40;-1
24;10;0;0;45;-1
58;4;0;0;24;-1
29;9;0;0;40;-1
45;10;0;1;24;1
30;8;0;0;50;-1
19;10;0;0;20;-1
47;4;0;1;30;-1
28;12;0;0;40;-1
46;12;0;0;40;1
40;10;0;0;60;-1
66;6;1;1;40;-1
44;10;0;0;12;-1
21;4;0;0;48;-1
59;5;1;1;40;-1
35;10;0;0;40;-1
30;9;0;0;40;-1
33;9;1;0;40;-1
26;10;0;1;15;-1
48;10;1;1;35;-1
31;9;2;1;40;-1
36;9;0;0;45;-1
48;9;0;1;38;-1
33;9;0;0;50;1
19;5;0;1;25;-1
53;13;0;0;45;1
18;10;0;1;40;-1
34;10;0;0;50;-1
45;13;0;0;52;1
33;11;0;0;60;-1
35;11;0;1;44;-1
22;9;1;0;40;-1
35;9;0;1;30;-1
45;9;2;0;8;-1
17;7;0;0;45;-1
50;9;0;0;45;-1
38;13;0;0;50;1
46;9;0;0;35;-1
64;9;0;0;40;-1
62;10;0;0;10;-1
32;9;0;0;60;1
17;7;0;0;20;-1
61;9;0;0;55;-1
40;16;1;1;40;-1
21;9;0;1;40;-1
35;10;0;0;45;-1
29;11;0;0;40;-1
27;12;1;0;40;-1
20;12;0;1;40;-1
34;10;0;1;20;1
51;14;0;0;40;-1
45;9;1;1;15;-1
20;10;0;1;40;-1
31;10;0;0;40;-1
29;9;1;0;40;-1
56;13;0;0;30;-1
55;10;0;1;12;1
26;10;0;0;20;-1
32;9;0;0;40;-1
28;9;0;0;40;-1
27;4;0;0;35;-1
23;5;0;0;40;-1
59;6;0;0;40;-1
26;8;3;0;48;-1
36;6;0;0;40;-1
18;9;0;1;15;-1
33;5;0;0;70;-1
60;11;0;1;15;1
40;9;0;1;48;-1
48;9;0;0;43;-1
27;6;0;0;48;-1
19;10;0;0;20;-1
38;13;0;0;50;1
26;10;0;0;43;-1
20;10;0;1;20;-1
32;9;0;0;40;-1
22;10;0;1;13;-1
22;9;0;0;40;-1
46;2;3;1;30;-1
39;13;0;1;25;-1
79;9;0;1;24;-1
60;13;0;0;8;1
24;9;0;0;40;-1
23;9;0;0;40;-1
29;13;0;0;40;1
22;13;0;1;43;-1
69;10;0;1;20;-1
55;9;0;1;38;-1
43;9;0;0;40;-1
23;4;3;0;36;-1
29;9;0;0;35;-1
22;11;0;1;40;-1
22;10;0;0;42;-1
29;10;0;0;45;-1
25;10;1;0;40;-1
33;9;0;1;40;-1
33;13;0;0;40;1
31;16;0;1;28;-1
55;13;0;0;40;-1
47;9;0;1;40;-1
42;14;0;0;40;1
51;12;0;0;55;-1
62;13;1;1;40;-1
65;10;0;0;35;1
23;13;0;0;40;-1
60;9;0;0;32;-1
47;4;1;0;60;1
50;9;0;1;40;-1
70;13;0;0;6;-1
32;13;0;0;40;-1
37;10;0;0;40;-1
76;6;1;1;12;-1
54;13;1;1;60;-1
32;13;0;0;40;1
31;10;0;1;52;-1
31;13;0;0;50;1
30;9;0;0;60;1
63;9;0;0;40;-1
21;10;0;1;10;-1
26;10;0;1;40;-1
18;7;0;1;8;-1
34;9;0;0;50;-1
44;10;0;0;60;-1
30;12;0;1;40;-1
36;13;0;0;40;-1
31;10;0;0;50;1
22;10;0;0;20;-1
28;4;0;0;84;-1
23;9;2;0;40;-1
39;13;0;0;35;-1
19;10;0;0;16;-1
25;10;2;1;40;-1
24;9;2;0;30;-1
46;9;0;0;40;-1
37;14;0;0;45;-1
41;9;0;0;40;-1
40;10;0;0;20;-1
44;9;0;1;40;-1
32;9;0;0;40;-1
58;9;1;0;20;1
48;9;0;0;48;-1
34;13;0;0;40;-1
29;11;1;1;40;-1
46;13;0;0;50;1
36;9;2;0;40;-1
59;13;0;0;38;-1
29;8;0;0;40;-1
50;14;0;0;40;-1
25;9;0;0;40;-1
27;12;2;1;35;-1
48;9;0;0;70;-1
49;13;0;0;40;1
33;10;0;0;20;-1
26;13;0;1;40;-1
69;9;0;1;40;1
59;9;0;0;30;-1
30;9;0;1;40;-1
31;12;0;1;35;-1
30;13;0;0;50;1
27;13;0;1;40;-1
20;10;0;1;16;-1
24;9;0;0;40;-1
47;13;0;1;50;-1
51;13;1;0;35;-1
34;9;0;0;45;-1
47;9;1;0;9;-1
47;10;0;0;44;1
20;10;2;1;40;-1
34;9;0;0;54;1
31;7;0;1;40;-1
42;11;0;1;32;-1
52;3;0;0;40;-1
56;9;0;1;40;-1
53;9;0;0;40;1
26;10;0;0;50;1
81;10;0;1;20;-1
28;6;1;1;40;-1
57;10;0;0;48;1
34;9;0;1;40;-1
31;6;0;0;40;-1
24;11;1;1;40;-1
60;9;0;1;32;-1
37;10;0;0;40;-1
25;4;0;0;40;-1
36;9;0;0;40;-1
45;12;0;0;40;-1
34;10;0;0;60;1
31;13;0;1;70;-1
47;13;0;0;60;-1
60;9;0;0;42;1
75;13;0;0;24;-1
43;10;0;0;40;-1
18;9;0;0;40;-1
20;9;0;1;40;-1
32;9;0;1;50;-1
57;13;0;0;20;-1
43;10;0;0;60;1
18;9;0;0;40;-1
41;13;1;1;40;-1
48;9;0;0;40;-1
41;11;0;0;40;-1
33;9;0;0;40;-1
58;9;0;0;40;-1
22;10;0;0;65;-1
33;10;0;1;50;-1
42;15;0;0;38;1
25;9;0;1;40;-1
39;9;0;0;50;1
35;13;0;0;45;1
49;14;0;0;50;1
25;13;0;0;40;-1
47;10;1;1;40;-1
46;10;0;1;40;1
42;12;1;0;40;-1
37;7;0;0;60;1
25;13;0;0;40;-1
26;10;0;0;45;-1
26;10;0;1;40;-1
45;13;0;0;40;1
34;9;0;1;30;-1
33;12;1;1;40;-1
43;13;0;0;40;1
28;9;0;0;45;-1
51;10;0;0;75;-1
21;10;0;1;35;-1
23;12;0;1;35;-1
30;9;0;1;40;-1
46;14;0;0;45;1
38;9;0;0;50;-1
20;9;0;0;40;-1
33;9;0;0;40;1
45;13;0;0;40;-1
47;10;0;0;40;-1
17;6;0;0;30;-1
43;9;0;1;36;1
37;10;0;1;40;-1
44;11;0;0;40;1
41;9;0;0;48;-1
38;10;1;1;40;-1
23;13;0;1;40;-1
18;7;0;0;20;-1
47;11;0;0;40;-1
25;10;0;1;8;-1
41;9;0;0;50;-1
23;10;2;1;24;-1
41;9;0;1;40;-1
30;10;0;0;40;-1
42;10;0;0;40;1
35;9;0;1;40;-1
28;13;0;0;18;-1
29;10;0;1;40;-1
21;10;0;1;15;-1
48;14;0;0;40;1
44;9;0;0;60;-1
34;5;0;0;40;-1
19;9;0;1;25;-1
32;10;0;0;40;1
31;12;1;1;40;-1
47;9;1;0;40;1
46;7;0;1;40;-1
18;8;0;0;40;-1
28;9;0;1;40;-1
38;9;0;0;48;1
33;9;0;0;40;1
17;6;0;1;15;-1
41;11;0;0;40;1
38;10;0;0;44;-1
24;13;0;0;60;-1
49;9;0;0;40;1
60;10;2;1;40;-1
44;13;0;0;60;1
63;11;0;0;40;1
40;9;0;0;60;1
45;10;0;0;50;1
36;9;0;1;40;-1
65;9;0;0;8;-1
41;13;0;0;20;-1
25;14;0;1;40;-1
20;10;0;1;35;-1
60;11;0;0;40;-1
17;7;0;1;20;-1
28;12;0;1;16;1
31;12;3;0;50;-1
47;14;0;1;35;-1
45;10;0;0;45;-1
51;13;0;0;40;-1
23;9;1;0;40;-1
34;9;0;0;50;-1
19;10;0;0;10;-1
51;9;0;0;40;1
46;9;0;0;40;-1
37;6;0;0;35;-1
56;15;0;0;45;1
29;9;0;0;45;-1
46;14;0;0;50;1
55;9;0;0;40;-1
34;9;0;0;40;-1
45;5;1;0;40;-1
41;13;0;0;40;-1
22;10;0;0;20;-1
34;15;0;0;50;1
27;9;1;0;40;-1
29;10;1;0;37;-1
19;8;0;1;30;-1
47;13;0;0;40;-1
43;10;0;0;50;1
52;11;1;1;60;-1
33;12;0;0;60;-1
29;5;0;0;40;-1
23;9;0;0;40;-1
23;10;0;0;40;-1
39;13;0;0;60;-1
43;3;0;1;40;-1
31;9;0;0;40;1
47;9;0;0;40;1
26;9;0;0;60;-1
58;10;0;1;55;-1
28;9;0;1;40;-1
36;9;1;0;40;-1
40;9;0;0;50;-1
19;7;0;0;40;-1
42;13;0;0;40;-1
76;5;0;0;13;-1
23;11;0;1;40;-1
38;3;0;0;40;-1
33;14;2;0;30;-1
48;14;0;0;40;1
56;10;0;0;40;1
32;9;1;0;40;-1
44;10;0;1;25;-1
27;9;1;1;40;-1
33;10;0;0;50;-1
22;3;0;0;40;-1
18;10;0;1;20;-1
44;9;0;0;40;-1
42;9;2;0;60;-1
34;10;0;1;40;-1
57;9;0;0;40;-1
59;13;0;0;40;1
33;10;1;1;40;1
52;9;3;0;49;-1
17;8;0;1;15;-1
29;9;0;0;30;-1
63;13;0;0;30;1
20;10;0;0;24;-1
50;9;0;0;50;-1
55;9;0;1;30;-1
27;12;1;1;25;-1
28;13;0;0;45;-1
55;11;0;0;45;-1
44;10;0;0;40;-1
53;10;0;1;40;-1
23;9;0;0;40;-1
25;9;0;1;40;-1
44;13;0;1;40;-1
48;10;0;0;35;1
46;9;0;0;40;-1
26;10;0;0;40;-1
30;4;0;0;45;-1
32;14;0;0;40;1
52;9;0;0;48;-1
39;9;0;1;47;-1
22;10;0;0;10;-1
26;10;0;0;40;-1
26;10;0;0;40;-1
44;11;1;0;40;1
42;10;0;1;30;-1
40;10;0;0;43;-1
22;7;0;0;45;-1
62;9;0;0;45;1
44;10;0;0;40;-1
18;10;0;1;40;-1
33;2;0;0;40;-1
45;9;0;0;50;-1
18;7;0;0;40;-1
32;10;0;0;40;-1
33;16;0;1;60;1
20;10;0;0;15;-1
68;9;0;0;20;-1
61;4;0;0;50;1
48;16;0;0;40;1
45;9;0;0;40;-1
32;9;1;1;32;-1
35;13;0;1;40;-1
39;9;0;0;40;-1
53;4;0;0;40;-1
30;10;1;1;16;-1
37;9;2;0;40;-1
40;13;0;0;45;-1
25;10;1;1;40;-1
41;9;1;1;60;-1
52;9;0;0;98;1
33;9;0;0;40;-1
28;9;0;0;40;-1
53;10;0;0;55;-1
44;2;0;0;10;-1
35;9;0;1;40;-1
38;10;0;0;58;-1
34;9;0;0;40;-1
33;9;0;1;40;-1
24;10;0;1;45;-1
65;9;1;1;25;-1
29;12;0;0;60;-1
46;10;0;0;40;1
47;14;0;0;47;1
62;10;0;0;40;-1
54;9;0;0;60;-1
90;10;2;0;35;-1
33;12;0;0;20;-1
25;12;0;0;40;-1
44;10;0;0;50;1
52;13;0;0;50;-1
21;10;0;0;40;-1
31;9;1;0;18;-1
39;14;0;0;40;-1
59;9;0;1;40;-1
29;9;0;0;55;-1
49;4;1;0;45;-1
34;5;0;0;40;-1
22;13;0;0;40;-1
32;13;3;0;40;-1
39;9;1;1;40;-1
46;14;0;0;60;-1
34;9;0;0;40;-1
18;8;0;1;24;-1
20;9;0;0;30;-1
20;9;0;1;40;-1
55;11;2;1;38;-1
22;10;1;1;40;-1
60;14;0;0;40;-1
40;6;0;0;50;-1
47;10;0;1;30;-1
23;13;0;1;35;-1
57;9;0;1;40;-1
52;7;0;0;40;-1
42;4;0;0;40;-1
25;12;0;0;20;-1
41;10;0;0;40;-1
40;11;1;0;30;-1
38;13;0;0;55;1
58;9;0;0;40;-1
26;13;1;1;35;-1
57;6;0;1;70;-1
42;9;0;1;40;-1
17;5;1;0;40;-1
39;5;0;0;40;-1
28;9;1;0;40;-1
51;10;0;1;50;-1
27;10;0;1;39;-1
41;9;0;1;43;-1
28;13;0;0;40;-1
73;9;0;1;8;-1
49;9;0;1;30;-1
47;14;0;0;40;1
27;10;0;0;49;-1
42;13;0;1;45;1
32;9;1;1;40;-1
32;9;0;0;41;-1
27;14;0;0;40;-1
29;9;0;0;40;1
22;11;0;0;30;-1
58;9;0;0;50;-1
26;5;0;0;35;-1
21;9;0;0;55;-1
32;9;0;1;2;1
37;13;0;0;50;1
23;13;0;0;20;-1
42;10;0;0;40;1
25;9;0;0;26;1
67;10;0;1;40;-1
41;9;1;1;38;-1
49;14;0;1;50;1
18;7;0;0;35;-1
25;3;0;0;40;-1
43;15;0;0;50;-1
21;10;0;0;20;-1
65;13;0;0;15;-1
66;11;0;1;35;-1
33;7;1;0;60;-1
17;8;0;1;16;-1
61;9;0;1;36;-1
38;9;0;0;40;1
43;10;0;1;40;-1
40;16;2;0;40;1
76;10;0;0;20;1
42;12;0;1;40;-1
43;13;0;0;40;1
76;14;0;0;30;1
17;6;0;0;20;-1
30;9;0;0;40;-1
30;13;0;0;50;-1
22;10;0;0;25;-1
53;13;3;1;20;-1
28;9;1;1;52;-1
24;10;1;1;40;-1
47;6;0;0;40;1
34;11;0;0;50;-1
26;10;0;1;20;-1
63;13;2;1;56;-1
25;11;0;0;75;-1
28;13;0;0;45;-1
36;9;0;1;40;-1
24;13;0;0;40;-1
51;13;2;1;35;-1
44;13;0;0;50;1
18;8;0;0;12;-1
54;10;0;0;40;1
61;10;0;1;40;-1
51;13;0;0;45;1
43;4;0;0;40;-1
51;9;0;0;40;-1
50;9;1;1;40;1
27;9;0;1;25;-1
24;10;0;0;30;-1
20;10;0;0;20;-1
52;13;0;0;40;1
57;4;0;0;40;-1
49;10;0;0;60;-1
42;13;0;1;35;-1
22;7;0;1;40;-1
38;10;0;0;40;1
21;10;0;1;20;-1
52;10;0;1;35;-1
25;12;0;1;40;-1
50;10;0;1;40;-1
35;10;0;0;80;-1
50;11;0;1;40;-1
58;9;0;0;25;-1
48;13;0;0;45;-1
30;10;0;1;35;-1
18;7;0;0;12;-1
29;9;0;0;40;-1
52;10;0;0;45;-1
36;14;0;1;40;1
24;10;0;1;42;-1
30;12;1;0;40;-1
23;9;3;0;40;-1
35;9;0;1;20;-1
21;13;0;1;20;-1
28;10;0;0;43;-1
20;9;0;0;40;-1
18;7;0;0;20;-1
21;10;0;1;15;-1
27;9;0;0;40;-1
42;10;0;1;40;-1
21;10;0;1;30;-1
51;10;0;0;40;1
27;13;0;1;40;-1
23;9;0;0;40;-1
22;13;0;1;12;-1
59;5;0;0;60;1
38;9;0;0;40;-1
20;9;0;0;40;-1
90;5;0;1;40;-1
35;11;0;0;40;-1
50;9;0;0;38;1
45;16;0;0;50;1
44;14;0;0;50;1
23;12;0;0;40;-1
34;7;0;0;40;-1
23;13;0;1;43;-1
39;10;0;0;40;-1
19;10;0;0;55;-1
54;10;0;0;40;1
40;14;0;0;43;-1
44;10;0;0;50;-1
31;10;0;1;20;1
25;5;0;0;40;-1
33;13;0;1;32;1
32;9;0;0;60;-1
36;6;0;0;40;-1
47;10;3;0;55;1
80;14;0;1;10;-1
21;10;0;1;8;-1
35;10;0;0;60;-1
77;14;0;0;45;-1
35;9;0;0;40;-1
49;4;0;0;40;-1
53;10;0;0;45;-1
41;9;0;0;55;-1
57;13;0;0;40;1
21;10;0;1;25;-1
19;10;0;1;40;-1
28;13;0;1;45;-1
29;10;0;0;55;-1
38;11;0;1;25;-1
26;10;0;0;20;-1
40;10;0;1;40;-1
36;16;0;0;40;1
28;9;0;0;40;-1
25;13;1;1;20;-1
42;9;0;0;60;-1
32;9;0;0;40;-1
32;12;0;0;30;-1
37;3;0;0;40;-1
39;9;0;0;56;-1
49;13;0;0;40;-1
28;9;1;0;40;-1
24;5;0;1;20;-1
19;9;0;1;40;-1
31;9;0;0;40;-1
40;9;0;1;40;-1
29;4;0;0;30;-1
59;9;0;0;48;-1
52;12;0;0;40;1
27;13;0;0;40;-1
45;13;0;0;45;1
58;13;2;0;40;-1
53;13;0;0;40;-1
23;9;0;0;25;-1
35;7;0;0;40;-1
49;9;0;0;40;-1
49;12;0;1;40;-1
25;8;0;0;40;-1
47;14;0;1;50;1
28;12;0;1;40;-1
20;10;0;1;30;-1
74;3;0;0;56;-1
19;9;0;0;24;-1
31;10;1;1;40;-1
61;10;0;0;40;-1
30;11;0;0;53;-1
20;10;0;0;40;-1
35;4;0;0;40;1
23;13;0;0;40;-1
25;13;0;1;30;1
19;9;0;0;30;-1
30;14;0;0;45;1
26;9;0;0;35;-1
34;9;0;0;45;-1
49;13;1;1;40;-1
38;9;0;1;40;-1
36;9;1;0;20;-1
33;9;2;0;48;1
54;10;0;1;40;-1
19;9;0;0;40;-1
18;6;0;0;40;-1
60;9;0;0;40;-1
28;9;0;0;40;-1
43;9;0;0;40;-1
49;3;0;0;40;-1
25;13;0;0;70;-1
17;6;0;0;20;-1
41;13;0;0;60;1
30;10;1;0;35;-1
25;9;0;0;40;-1
27;11;0;0;35;-1
29;9;0;0;40;-1
55;10;1;0;40;1
31;13;1;1;40;-1
43;11;0;0;99;-1
63;14;0;1;40;1
46;4;0;0;40;-1
59;9;0;0;40;-1
42;13;1;1;50;1
26;13;0;1;20;-1
26;10;0;0;45;-1
20;10;0;1;30;-1
19;9;1;1;40;-1
61;5;0;0;40;1
23;9;0;0;40;-1
24;9;0;1;40;-1
42;9;0;0;12;-1
31;8;0;1;21;-1
31;9;0;1;55;-1
63;13;0;1;25;-1
43;13;0;0;40;-1
22;13;2;1;10;-1
17;7;0;0;25;-1
35;5;0;0;45;-1
32;9;3;1;28;-1
25;9;0;0;40;-1
26;14;0;1;40;-1
32;13;0;0;40;-1
29;11;0;0;50;-1
57;10;0;0;40;1
90;14;1;0;50;1
35;11;0;1;40;1
31;10;1;0;60;1
60;9;0;1;33;-1
71;14;0;1;40;-1
22;11;0;0;30;-1
50;9;0;1;40;-1
37;10;0;0;45;1
23;9;2;1;40;-1
74;9;0;0;30;-1
59;10;0;0;43;1
45;9;2;0;40;-1
63;10;0;0;20;-1
39;13;0;1;63;-1
33;10;1;1;40;-1
32;13;2;0;40;-1
39;9;0;0;40;-1
29;14;0;0;36;-1
22;9;0;0;40;-1
46;11;0;0;42;-1
51;10;0;1;40;1
56;9;0;1;40;-1
27;13;1;1;40;-1
52;5;2;1;30;-1
39;13;0;0;40;1
37;10;0;0;45;-1
33;9;0;0;40;-1
35;9;0;1;4;-1
46;3;0;1;45;-1
35;8;0;1;50;-1
33;9;1;0;50;-1
48;13;0;0;40;-1
32;9;0;0;50;-1
18;6;0;0;40;-1
20;10;0;1;32;-1
35;9;2;0;60;-1
19;9;0;1;25;-1
21;9;0;1;40;-1
56;7;0;1;40;-1
28;13;0;1;16;-1
45;9;0;1;40;-1
32;11;0;1;45;-1
44;13;0;0;12;-1
55;9;0;0;40;1
34;10;0;0;40;1
33;14;0;0;40;1
36;13;0;0;55;-1
25;9;0;1;40;-1
28;13;0;0;40;-1
53;6;0;1;40;-1
49;11;0;0;60;-1
22;9;2;0;40;-1
31;10;0;0;40;-1
44;10;0;0;80;-1
19;9;0;0;40;-1
37;9;0;0;40;-1
60;9;0;0;35;-1
23;10;0;0;25;-1
54;9;0;1;35;-1
23;9;0;0;38;-1
21;10;0;1;10;-1
19;10;0;0;25;-1
51;13;0;0;20;1
19;6;2;1;40;-1
22;13;0;0;40;-1
22;9;0;1;40;-1
49;4;0;0;32;-1
35;6;0;0;50;-1
38;10;0;0;40;-1
29;9;0;0;40;1
56;11;0;0;45;1
41;10;0;1;80;-1
62;14;0;0;45;1
27;9;0;0;40;-1
55;9;0;1;40;-1
26;9;0;1;40;-1
43;9;0;0;45;-1
53;14;0;0;40;1
43;13;0;1;40;-1
56;9;0;0;35;-1
25;13;0;0;50;-1
60;14;1;0;40;-1
28;10;0;1;40;-1
21;9;0;0;40;-1
29;9;1;0;40;-1
20;10;0;1;25;-1
25;9;0;0;80;1
18;7;0;1;10;-1
32;12;0;0;35;-1
27;2;3;0;35;-1
48;9;0;1;16;-1
20;10;0;1;25;-1
55;9;0;1;40;-1
33;13;0;1;50;1
21;10;0;1;12;-1
43;9;0;0;30;-1
35;10;0;0;40;-1
39;13;0;0;35;1
19;9;2;1;40;-1
25;9;1;1;40;-1
44;10;0;0;72;1
27;12;0;0;40;-1
39;9;0;1;40;1
69;6;0;0;40;-1
34;13;2;1;40;-1
20;10;0;0;35;-1
37;3;0;1;40;-1
43;13;0;1;39;-1
62;9;0;0;48;-1
34;14;1;1;40;1
31;10;0;0;48;-1
26;9;0;1;30;-1
39;10;0;1;75;-1
25;13;0;0;40;-1
54;10;1;0;30;-1
44;14;0;0;60;1
21;10;0;0;40;-1
50;3;0;0;55;-1
33;9;0;0;40;-1
40;12;0;1;40;1
44;14;0;0;40;1
33;12;0;0;56;-1
21;10;0;0;40;-1
35;13;1;1;60;-1
57;6;0;0;30;-1
51;14;0;0;45;-1
29;9;0;0;40;-1
51;9;1;0;40;-1
35;9;0;0;40;-1
18;7;0;0;20;-1
58;6;0;0;50;-1
57;10;0;0;40;1
19;9;0;1;20;-1
37;10;0;1;40;-1
38;9;0;0;44;-1
45;10;0;1;40;-1
27;10;2;0;40;1
64;4;0;1;40;-1
38;10;0;0;72;-1
30;9;0;0;30;-1
46;13;0;0;40;-1
18;6;0;1;30;-1
60;9;0;0;40;1
30;9;0;0;44;-1
39;13;0;1;40;-1
27;10;0;1;40;-1
44;10;0;0;40;-1
33;13;0;0;40;-1
54;13;0;0;50;1
58;10;0;0;35;-1
45;13;0;0;30;-1
59;10;0;0;50;-1
29;12;0;1;50;-1
27;9;0;1;40;-1
44;14;0;0;20;1
44;9;0;0;40;1
33;10;0;0;70;1
27;9;0;0;40;-1
33;13;0;0;55;1
55;11;1;1;40;-1
32;11;3;0;60;-1
31;11;0;0;45;-1
30;13;0;0;45;1
78;9;0;1;1;-1
28;13;0;1;48;-1
29;14;0;0;40;1
66;9;1;1;3;-1
60;9;0;0;45;1
31;13;0;0;40;-1
24;9;0;0;45;-1
29;13;0;0;50;1
44;9;0;0;45;1
34;13;0;0;55;1
23;13;2;0;24;-1
23;7;0;0;40;-1
55;11;1;1;35;-1
39;9;0;0;40;1
39;7;1;0;40;-1
57;4;0;0;75;-1
35;9;0;1;40;-1
39;11;0;0;48;1
47;9;0;1;38;1
53;16;0;0;50;1
23;10;1;0;25;-1
35;14;0;0;50;1
44;10;0;1;40;-1
28;9;0;1;25;-1
26;13;2;1;40;-1
23;9;0;0;45;-1
32;9;0;0;25;-1
49;10;0;0;50;1
36;9;0;1;36;-1
41;3;3;0;40;-1
21;12;2;1;46;1
54;13;0;0;40;1
43;10;1;1;40;-1
35;10;0;1;40;-1
31;10;0;0;50;1
46;10;2;0;40;-1
46;9;0;1;40;-1
56;9;0;0;40;-1
45;14;0;1;1;-1
21;9;0;0;40;-1
51;14;0;0;50;1
47;10;0;0;20;-1
42;3;0;0;40;-1
19;10;0;1;30;-1
25;13;0;0;40;-1
37;14;0;0;60;1
35;8;1;0;40;-1
40;9;0;0;30;-1
57;7;0;0;15;-1
38;9;0;0;50;1
48;6;0;1;38;-1
34;10;0;1;34;-1
46;10;0;0;40;-1
30;9;0;0;38;-1
45;14;0;0;50;-1
32;13;0;0;50;1
35;9;0;0;48;-1
56;9;0;0;40;-1
50;11;0;0;40;-1
25;13;0;0;40;-1
41;10;1;0;33;-1
35;9;0;1;27;-1
33;10;0;0;41;1
37;13;0;0;40;-1
56;9;0;0;40;1
31;5;0;1;40;-1
53;9;3;0;40;1
33;9;0;0;35;-1
72;2;1;0;40;-1
54;9;0;0;50;1
30;13;0;1;40;-1
51;16;0;0;40;1
30;13;0;0;50;-1
32;10;1;0;16;-1
30;10;0;0;50;1
35;14;0;0;40;-1
40;10;0;1;44;1
38;13;0;1;40;-1
19;6;0;1;30;-1
32;10;0;0;44;-1
49;14;0;1;40;-1
76;13;0;0;10;-1
60;13;0;0;35;-1
60;5;0;0;40;-1
55;16;0;0;80;1
41;13;0;1;30;-1
24;9;0;0;40;-1
41;9;0;1;40;1
32;9;0;1;40;-1
45;7;0;0;40;-1
59;13;0;0;40;-1
31;9;0;1;35;-1
40;9;0;1;37;-1
44;11;0;0;40;1
63;10;0;1;60;-1
51;13;0;0;20;-1
51;7;2;0;40;-1
23;9;0;0;40;-1
49;4;0;0;48;-1
39;9;0;0;40;1
30;9;0;1;40;-1
43;13;0;0;50;-1
31;10;0;0;50;-1
44;14;0;0;35;-1
43;15;0;0;30;1
37;16;0;0;72;1
41;10;0;0;46;1
43;9;0;0;40;1
47;10;0;0;40;1
46;11;0;0;40;-1
19;10;0;1;40;-1
19;3;0;0;50;-1
24;13;0;0;45;1
39;10;0;0;65;-1
37;11;0;1;30;-1
28;13;1;1;40;-1
40;9;0;0;40;-1
27;12;0;1;40;-1
22;9;0;1;40;-1
21;10;0;0;12;-1
32;9;0;1;40;-1
20;9;0;0;40;-1
46;15;0;0;40;1
46;11;0;1;45;-1
26;10;0;0;44;-1
47;13;0;0;60;-1
22;10;0;1;10;-1
34;9;0;0;60;-1
49;2;0;0;40;-1
20;10;0;0;25;-1
28;9;0;0;45;-1
30;7;1;0;40;-1
23;9;0;0;40;-1
20;5;0;0;40;-1
31;10;0;0;55;-1
46;2;0;0;40;-1
42;9;0;1;40;-1
60;4;0;0;40;-1
30;13;0;0;50;-1
27;10;0;0;48;-1
20;5;0;1;32;-1
41;10;0;0;60;1
61;9;0;0;40;-1
47;9;1;1;40;1
33;5;0;0;50;-1
40;10;0;1;25;-1
48;13;0;0;45;1
56;9;0;0;40;1
57;14;0;0;40;1
20;10;3;1;40;-1
46;11;0;1;36;-1
21;10;0;1;40;-1
37;9;0;0;40;-1
42;10;0;0;40;-1
20;9;0;1;30;-1
62;10;0;1;1;-1
50;10;0;0;40;1
49;10;1;1;40;-1
48;12;0;0;50;-1
24;10;1;1;40;-1
46;14;2;0;40;1
42;9;0;1;40;-1
52;10;0;0;40;-1
58;12;1;1;40;-1
37;10;2;1;40;-1
34;9;0;0;40;-1
18;10;0;1;20;-1
33;10;1;0;40;-1
41;10;0;1;15;-1
21;12;0;1;20;-1
23;11;0;1;40;-1
26;10;0;1;40;-1
33;13;0;1;40;-1
24;10;0;1;45;-1
43;6;2;0;42;-1
52;9;0;1;40;-1
27;10;1;1;40;-1
61;4;0;1;40;-1
35;9;0;0;40;-1
35;9;0;0;40;1
43;9;0;0;40;1
51;9;0;0;40;1
35;13;0;0;40;-1
47;13;0;0;45;1
22;10;0;0;40;-1
49;11;0;0;60;1
20;9;0;0;20;-1
19;6;0;1;40;-1
27;9;0;0;40;-1
42;12;0;1;45;-1
27;10;0;0;40;-1
23;10;0;0;35;-1
20;10;0;1;10;-1
47;9;0;0;50;-1
17;8;1;0;18;-1
76;6;0;0;1;-1
39;10;0;1;40;-1
25;5;0;0;40;-1
31;11;1;1;43;-1
44;9;1;0;20;-1
53;11;0;0;40;1
34;10;0;0;45;-1
45;10;0;0;60;-1
34;9;0;0;45;-1
35;14;0;0;40;1
36;10;0;0;48;-1
45;10;0;1;45;-1
37;10;0;0;60;-1
53;12;0;0;40;1
38;9;0;0;70;-1
65;10;0;0;40;-1
49;6;0;0;70;-1
24;9;0;0;40;-1
54;10;0;0;40;-1
17;6;0;1;12;-1
19;8;0;0;16;-1
60;9;0;1;40;-1
46;13;0;0;35;1
78;14;0;1;15;-1
26;10;1;1;40;-1
58;2;0;0;38;-1
37;9;0;0;55;-1
41;14;0;0;38;1
30;13;0;0;40;-1
19;10;0;1;30;-1
48;13;0;0;60;1
22;10;0;1;24;-1
50;14;0;0;60;-1
25;2;0;1;40;-1
18;6;0;0;6;-1
21;9;0;0;40;-1
47;10;0;0;50;-1
33;9;2;1;36;-1
67;13;0;0;8;1
18;6;0;0;11;-1
36;9;1;0;40;-1
23;10;0;0;25;-1
25;10;0;1;20;-1
40;10;0;0;40;-1
73;9;0;0;40;-1
31;12;0;0;40;1
20;6;0;0;40;-1
20;9;0;1;40;-1
27;9;0;0;40;-1
66;6;0;0;30;-1
66;14;0;0;50;-1
64;14;0;1;35;-1
24;13;0;1;40;-1
51;9;0;0;60;-1
25;13;0;0;60;1
33;7;0;1;20;-1
50;9;0;0;50;-1
51;4;1;0;50;-1
34;13;0;0;38;1
41;4;1;1;40;-1
30;10;0;0;40;-1
37;2;0;0;85;-1
28;9;2;0;30;-1
19;9;0;0;40;-1
28;10;0;0;45;-1
62;6;1;0;40;-1
58;6;0;0;40;-1
43;9;0;0;40;-1
29;9;0;0;40;-1
32;9;0;0;50;-1
64;5;0;0;40;-1
39;13;0;1;20;1
26;13;1;1;20;-1
19;9;0;0;30;-1
21;9;0;1;45;-1
32;10;0;1;40;-1
26;13;0;1;50;-1
20;10;2;1;15;-1
19;10;0;0;30;-1
33;13;0;0;42;1
23;10;0;0;40;-1
29;9;0;0;45;-1
42;9;0;1;40;-1
30;9;0;0;50;-1
63;9;2;1;20;-1
34;9;0;0;40;-1
60;10;0;0;24;-1
48;9;0;0;50;-1
25;13;0;0;50;-1
27;11;1;1;40;-1
32;10;1;1;40;-1
22;10;0;0;25;-1
25;9;0;0;50;-1
18;7;0;1;16;-1
24;10;0;1;44;-1
29;13;0;1;40;-1
73;7;0;0;3;-1
39;9;0;0;40;1
33;14;0;0;40;-1
57;9;0;1;40;1
22;6;0;1;40;-1
33;9;0;1;20;-1
33;9;0;0;60;-1
42;9;0;0;40;-1
43;13;0;0;45;-1
57;10;0;0;38;1
21;10;0;1;35;-1
42;13;0;0;50;1
39;10;0;0;55;-1
41;10;0;1;32;1
20;9;1;0;40;-1
47;10;0;0;40;-1
44;10;0;1;40;-1
29;13;1;1;40;-1
71;10;0;0;35;1
52;9;0;0;55;-1
36;9;0;0;40;-1
53;10;0;0;48;1
37;9;0;1;30;1
26;6;0;0;40;-1
34;13;0;0;55;1
35;13;0;0;50;1
20;5;0;1;40;-1
56;13;0;0;60;-1
39;13;0;1;36;1
24;10;0;1;20;-1
24;7;0;1;35;-1
23;13;0;0;50;-1
27;13;0;0;45;-1
25;9;0;1;40;-1
29;10;0;1;40;-1
42;10;0;1;37;1
51;9;0;0;40;-1
59;2;0;0;40;-1
29;9;0;1;40;-1
18;9;0;1;20;-1
24;9;0;1;36;-1
38;10;0;0;40;-1
36;9;1;1;28;-1
34;9;0;0;50;-1
45;8;1;0;35;-1
21;11;0;0;40;-1
32;9;1;0;40;-1
45;13;0;0;40;1
53;3;2;0;40;-1
42;9;0;0;16;-1
32;9;0;1;40;-1
49;9;0;0;40;-1
62;3;0;0;24;-1
28;13;0;0;45;-1
29;16;0;0;50;1
32;9;0;0;35;-1
38;13;2;0;50;1
44;9;0;0;25;-1
19;9;0;0;40;-1
22;10;0;0;40;-1
24;13;0;1;40;-1
58;9;0;0;50;1
56;13;0;1;40;-1
37;6;0;1;40;-1
43;10;0;0;40;-1
32;9;0;0;40;-1
34;13;1;1;40;-1
44;5;0;1;50;-1
28;9;0;0;40;-1
35;9;0;1;35;-1
38;9;0;0;40;-1
26;10;0;1;40;-1
20;7;0;0;60;-1
24;9;0;0;60;1
40;9;0;0;45;-1
23;9;0;0;40;-1
79;7;0;0;7;-1
44;6;3;1;42;-1
30;9;0;0;40;-1
41;13;0;0;40;1
33;3;2;0;40;-1
50;13;0;0;45;1
41;9;0;0;40;-1
35;13;0;1;30;1
28;13;0;0;45;-1
31;11;0;0;40;-1
22;9;0;0;40;-1
39;9;0;0;50;1
23;10;0;0;40;-1
29;12;0;0;50;-1
57;6;0;0;60;1
47;10;0;1;35;-1
51;9;1;0;60;-1
34;9;1;0;40;-1
52;9;0;0;60;1
29;9;0;0;40;1
29;9;0;0;40;-1
25;10;0;0;40;-1
21;10;0;1;40;-1
38;13;0;1;40;-1
55;9;0;0;50;1
61;13;0;1;30;-1
41;13;0;0;40;-1
27;11;0;0;43;-1
40;9;0;0;40;1
26;4;0;0;75;-1
43;9;2;0;60;-1
55;9;0;1;20;-1
25;11;0;0;40;-1
26;10;0;1;48;-1
43;9;0;0;68;1
25;10;0;0;40;-1
22;10;1;1;30;-1
52;9;0;0;55;1
42;13;0;0;40;-1
21;11;0;1;40;-1
44;9;2;0;40;-1
56;9;0;0;10;-1
33;12;0;0;40;-1
22;6;0;1;40;-1
43;9;0;1;24;-1
45;9;0;0;42;-1
42;9;0;1;42;-1
37;9;3;0;40;-1
56;5;0;0;40;-1
35;6;0;1;16;-1
40;12;1;1;32;-1
31;13;0;0;55;-1
26;13;0;0;40;-1
26;13;0;0;40;-1
42;13;0;0;70;-1
45;9;2;0;40;-1
22;10;0;0;40;-1
33;13;0;0;40;-1
37;9;1;0;50;-1
48;9;0;0;98;-1
57;6;0;0;8;-1
47;10;0;1;60;-1
58;5;0;0;40;-1
55;7;0;1;40;-1
52;10;0;0;55;-1
29;13;0;0;40;-1
42;14;0;1;40;-1
23;9;0;0;60;-1
23;8;0;1;30;-1
46;11;0;0;60;-1
30;10;0;0;40;-1
25;10;0;1;30;-1
32;9;0;0;80;1
56;5;1;0;40;-1
33;9;0;0;43;-1
19;10;0;0;10;-1
20;10;0;1;18;-1
34;10;0;0;40;-1
34;5;0;1;40;-1
55;9;0;0;40;-1
55;5;0;1;23;-1
31;10;0;0;45;-1
30;9;0;1;40;-1
31;9;0;0;40;-1
59;9;0;0;40;-1
58;9;1;1;36;-1
40;5;0;0;40;-1
54;9;1;0;40;-1
18;7;0;0;30;-1
41;10;0;0;40;-1
57;6;0;1;40;-1
37;9;0;0;40;1
46;9;0;1;24;-1
39;9;0;1;38;-1
19;9;0;1;40;-1
41;12;0;0;40;-1
54;9;0;0;41;-1
39;14;0;0;40;1
41;9;0;0;40;1
26;15;0;1;30;-1
57;9;0;0;50;-1
33;10;0;0;40;1
56;10;0;0;40;1
60;9;0;0;40;-1
22;9;0;0;70;-1
58;8;0;0;40;-1
18;9;2;1;40;-1
56;9;0;1;40;-1
48;9;0;0;60;1
38;9;0;0;32;-1
58;10;0;1;40;-1
23;10;0;0;50;-1
63;10;0;0;40;-1
51;13;0;0;45;-1
22;3;3;1;40;-1
44;9;0;0;70;-1
46;10;0;0;40;-1
64;13;0;0;40;-1
32;13;1;0;40;1
31;10;0;0;40;-1
36;11;0;0;50;1
21;9;0;1;50;-1
30;10;0;0;40;-1
31;11;1;1;40;-1
59;5;0;0;40;-1
28;14;0;1;20;1
57;9;0;1;40;-1
44;9;0;0;45;-1
53;10;0;0;60;-1
58;10;0;0;60;1
19;10;0;1;20;-1
39;12;0;0;50;1
31;10;2;1;70;-1
27;9;0;0;40;-1
46;5;1;1;40;-1
37;14;0;0;40;-1
27;13;1;1;40;-1
33;10;0;0;55;-1
20;10;0;0;16;-1
55;9;0;0;45;-1
39;12;0;1;40;-1
41;9;0;1;40;-1
30;13;0;1;40;-1
39;13;0;0;40;-1
28;9;0;1;50;-1
25;10;0;0;24;-1
31;9;0;0;50;-1
51;9;0;0;60;-1
24;13;0;0;40;-1
70;9;0;1;32;-1
23;10;0;0;40;-1
61;9;0;1;40;-1
45;4;0;0;55;1
56;10;0;1;50;-1
20;10;0;1;15;-1
30;9;2;0;40;-1
27;13;0;0;25;-1
40;13;0;0;40;1
60;9;0;0;5;-1
58;9;0;0;40;1
71;15;0;0;2;-1
50;15;0;0;60;1
29;10;0;0;40;-1
60;9;2;0;40;1
33;12;0;0;50;-1
43;13;0;1;35;1
33;6;1;0;40;-1
33;9;0;1;52;-1
32;9;0;0;45;-1
21;10;0;1;9;-1
38;9;0;1;40;-1
38;10;0;1;35;1
39;10;1;1;30;-1
17;7;0;1;15;-1
21;10;0;0;40;-1
42;10;0;0;20;1
42;9;0;1;40;1
36;7;0;1;40;-1
32;10;0;1;50;1
37;13;0;0;40;1
28;13;0;0;40;-1
37;11;0;0;40;-1
50;9;3;1;60;-1
49;7;0;0;40;-1
40;14;0;0;40;1
40;10;0;0;40;-1
49;10;0;0;40;-1
33;9;0;0;40;-1
24;9;0;0;40;-1
41;14;0;1;40;-1
43;10;1;0;40;1
84;13;0;0;20;-1
23;9;0;0;40;-1
41;13;0;0;50;1
30;10;0;0;45;-1
46;12;2;0;40;-1
34;10;0;0;40;-1
54;14;0;0;60;-1
27;10;1;0;40;-1
52;14;0;1;40;1
25;9;0;0;40;-1
52;13;0;0;55;1
24;9;2;1;50;-1
36;9;1;1;40;-1
31;9;0;0;40;-1
66;10;0;0;20;-1
47;10;0;1;35;-1
55;4;0;0;50;-1
32;9;0;1;35;-1
48;10;1;1;40;-1
21;9;3;0;35;-1
33;12;0;1;40;-1
27;10;0;1;48;-1
47;11;0;1;40;-1
18;7;0;1;24;-1
44;9;0;0;60;1
23;10;0;0;37;-1
18;6;0;1;35;-1
56;9;0;0;50;-1
24;13;0;0;35;-1
43;13;0;0;40;1
23;13;0;1;60;-1
26;10;0;0;42;-1
42;9;0;0;40;-1
23;9;0;1;40;-1
53;6;0;0;40;-1
40;9;0;0;25;-1
27;13;0;0;50;-1
24;10;0;0;60;-1
42;9;0;1;40;-1
41;9;0;1;40;-1
23;10;0;0;10;-1
42;14;0;0;65;-1
38;9;0;0;40;1
63;4;0;0;30;-1
31;9;0;0;40;-1
18;7;0;1;4;-1
21;10;0;0;30;-1
24;13;2;1;40;-1
55;10;0;0;40;-1
31;10;0;1;30;-1
23;10;0;1;20;-1
35;9;0;0;40;-1
51;10;0;0;60;-1
19;10;0;1;30;-1
38;9;0;0;56;-1
70;15;0;0;25;-1
53;6;0;0;40;-1
59;16;0;0;40;1
39;10;0;0;43;-1
18;8;0;1;20;-1
41;9;0;1;30;-1
19;10;0;0;10;-1
24;10;0;1;40;-1
25;9;0;1;38;-1
32;10;1;0;40;-1
35;9;0;1;40;-1
18;9;0;0;20;-1
37;9;0;0;42;-1
30;10;0;1;36;-1
22;9;0;1;40;-1
50;10;1;1;28;-1
70;9;0;1;23;-1
43;14;0;0;40;1
77;10;0;0;40;-1
30;9;0;0;40;-1
33;10;0;0;39;-1
22;10;0;0;12;-1
33;9;1;0;40;-1
27;7;0;0;40;-1
35;10;0;0;60;-1
32;10;0;1;55;-1
41;13;0;1;25;1
37;10;0;0;40;-1
17;7;0;0;15;-1
50;13;0;0;55;1
31;9;2;0;40;-1
54;9;0;1;38;-1
23;9;1;0;40;-1
40;13;0;1;20;-1
38;9;0;0;35;-1
30;11;0;0;55;-1
20;10;2;0;8;-1
43;10;0;0;50;-1
25;10;0;0;25;-1
39;14;0;0;50;1
48;12;0;0;50;1
41;9;0;1;40;-1
24;13;0;0;30;-1
20;10;0;0;40;-1
25;10;0;1;40;-1
57;10;0;0;40;1
39;10;0;1;35;1
66;13;0;0;40;1
34;10;0;1;40;-1
46;9;0;1;40;-1
42;14;0;1;45;-1
34;9;0;0;40;-1
43;10;1;1;40;-1
42;10;0;1;40;-1
31;13;0;0;48;-1
70;10;0;0;30;-1
32;10;0;0;40;-1
46;9;0;0;40;1
42;4;0;0;25;-1
21;11;0;0;40;-1
24;13;0;1;40;-1
23;9;0;0;55;-1
37;10;0;1;45;-1
19;7;0;1;30;-1
44;12;0;0;40;1
29;9;1;0;40;-1
30;11;0;1;24;-1
36;10;0;0;44;-1
49;13;0;0;45;-1
29;9;0;0;40;-1
45;9;1;1;40;-1
75;16;1;0;20;1
42;9;0;1;40;-1
37;12;0;1;40;-1
51;13;0;0;25;-1
61;9;0;0;48;-1
50;9;1;0;40;-1
59;9;0;0;40;-1
25;9;0;1;30;-1
22;9;0;0;16;-1
56;10;0;0;40;1
44;13;1;1;40;-1
35;11;0;0;50;-1
57;9;0;0;40;-1
27;13;0;1;40;-1
30;13;1;0;40;-1
46;7;1;0;40;-1
48;15;0;0;60;1
61;13;0;0;40;1
33;9;0;0;87;-1
40;9;1;0;40;-1
58;10;0;0;65;1
35;10;0;0;40;1
51;10;0;1;50;-1
37;8;0;1;40;-1
41;9;0;0;54;-1
44;7;0;0;88;-1
41;13;2;1;48;1
37;5;0;1;16;-1
34;10;0;1;40;-1
24;13;0;1;40;-1
20;10;0;0;40;-1
38;13;0;0;40;-1
28;11;0;1;40;-1
20;9;0;0;45;-1
22;13;0;0;8;-1
55;13;0;1;73;-1
20;10;0;0;35;-1
26;13;0;1;40;-1
20;9;0;0;70;-1
40;5;0;1;40;-1
33;9;0;0;50;1
54;10;0;0;50;-1
24;9;0;1;40;-1
25;10;0;0;46;-1
18;7;0;0;8;-1
49;9;0;0;60;-1
17;8;0;0;17;-1
34;11;0;0;45;-1
37;13;0;0;45;1
49;10;0;0;40;1
37;9;0;0;40;-1
40;9;0;1;35;1
44;9;0;1;40;-1
40;6;1;1;32;-1
58;9;0;1;40;-1
44;9;0;0;40;-1
42;10;0;0;25;1
39;9;0;0;18;-1
19;9;1;0;40;-1
29;14;0;0;40;-1
34;10;0;0;40;-1
38;10;0;0;15;-1
54;10;0;1;48;-1
40;9;1;1;37;-1
19;10;0;1;25;-1
33;10;0;0;52;-1
80;4;0;1;24;-1
24;9;0;0;50;-1
28;13;0;0;40;-1
55;9;0;1;30;1
21;10;0;0;40;-1
51;9;0;1;38;-1
19;9;1;1;40;-1
42;9;0;1;24;-1
60;9;0;0;48;-1
20;10;1;1;40;-1
51;9;0;1;40;-1
21;10;0;1;40;-1
37;10;0;0;40;-1
26;9;0;0;52;-1
40;10;0;0;40;-1
55;14;0;0;40;1
33;9;1;0;32;-1
47;6;0;1;30;-1
26;8;1;0;51;-1
59;9;0;1;20;-1
70;10;0;1;17;-1
26;10;0;1;20;-1
47;6;0;0;65;-1
25;14;0;1;43;-1
46;9;0;0;40;-1
67;6;2;0;20;-1
34;14;0;0;50;1
22;13;0;1;35;-1
39;9;0;0;42;-1
54;9;0;0;35;-1
24;13;0;0;40;-1
37;9;0;1;38;-1
41;14;1;1;40;-1
36;9;0;0;33;-1
39;13;0;0;40;-1
26;13;0;0;45;-1
37;13;0;0;55;1
43;10;0;0;50;1
54;9;0;0;40;1
53;3;0;0;40;1
57;14;0;0;60;-1
28;13;0;0;40;1
29;13;0;0;40;-1
21;9;0;0;40;-1
51;9;0;0;40;-1
46;9;0;0;40;-1
50;15;0;0;75;1
50;9;2;1;48;-1
36;9;0;1;40;-1
31;13;0;0;40;-1
20;9;0;1;10;-1
36;9;0;0;40;-1
38;9;0;0;40;-1
37;13;0;0;45;1
18;6;0;0;36;-1
33;9;0;0;50;-1
23;10;2;0;40;-1
37;13;2;1;36;-1
25;9;0;0;30;-1
51;12;1;0;40;-1
35;9;0;0;40;-1
54;7;0;0;40;-1
66;9;0;0;30;-1
32;9;1;1;13;-1
37;13;0;0;55;1
29;13;0;0;40;1
45;13;0;0;37;-1
61;10;0;0;40;-1
40;10;0;1;40;-1
24;9;0;1;49;-1
49;4;3;0;38;-1
34;9;0;0;40;-1
28;9;0;1;40;-1
20;10;0;0;40;-1
30;10;1;1;37;-1
26;10;0;0;40;-1
63;6;0;0;45;-1
36;12;0;0;55;-1
63;13;0;0;40;1
22;9;0;1;10;-1
40;9;0;0;40;1
31;4;0;1;35;-1
49;10;0;0;50;-1
23;13;0;1;20;-1
34;9;0;0;40;-1
28;13;0;0;45;1
33;9;0;0;40;-1
17;7;0;1;8;-1
61;5;1;1;40;-1
53;9;0;1;40;-1
26;12;0;0;45;1
48;10;0;0;50;1
28;14;0;0;50;1
30;13;2;1;50;-1
29;9;0;0;45;-1
25;10;0;1;40;-1
37;9;0;0;40;-1
43;13;0;1;55;-1
40;9;0;0;40;-1
34;6;0;0;45;1
31;12;0;0;20;-1
21;10;0;1;40;-1
32;9;0;0;40;-1
26;13;0;0;50;1
44;10;0;0;40;-1
49;9;0;0;52;1
26;9;1;1;30;-1
40;9;0;0;60;-1
19;7;0;1;40;-1
58;9;0;0;40;-1
61;11;0;0;40;1
28;10;2;0;63;-1
26;13;0;0;40;-1
64;9;0;1;25;-1
42;13;0;0;60;1
41;10;0;0;40;1
45;9;0;0;40;-1
39;13;0;0;50;1
41;9;0;0;40;-1
51;7;1;1;40;-1
34;11;0;1;40;-1
35;10;2;0;60;-1
41;7;0;1;25;-1
39;14;0;1;50;-1
41;10;0;0;55;-1
33;10;0;0;40;-1
22;9;0;0;40;-1
25;10;0;1;40;-1
77;4;0;0;20;1
33;11;0;1;40;-1
66;9;0;1;40;-1
19;10;0;0;35;-1
44;9;1;1;38;-1
28;10;0;0;50;-1
33;13;0;0;50;-1
44;9;1;1;40;-1
62;4;0;1;40;-1
40;10;0;0;50;1
41;9;0;0;6;-1
23;10;1;0;30;-1
48;9;0;0;40;1
38;14;0;0;45;-1
37;14;0;0;50;1
45;14;0;0;55;1
29;9;0;0;40;-1
66;9;0;1;25;-1
19;9;0;1;50;-1
23;5;0;0;39;-1
34;13;0;0;40;1
39;14;0;1;45;-1
33;9;0;0;60;-1
43;10;0;1;10;-1
27;9;0;0;99;-1
33;10;1;0;35;-1
26;3;0;0;30;-1
46;9;0;0;36;-1
38;12;0;1;40;-1
90;7;0;0;40;-1
72;10;0;0;25;1
20;9;2;1;15;-1
29;9;2;0;48;-1
49;7;0;0;75;-1
23;9;0;1;35;-1
20;10;1;1;18;-1
46;12;0;1;40;-1
33;13;0;0;40;1
24;13;0;0;55;-1
49;11;0;0;45;-1
54;9;0;0;65;-1
31;11;0;0;50;-1
18;10;0;1;6;-1
19;9;0;0;40;-1
46;12;0;0;40;-1
43;13;0;0;40;-1
58;9;0;0;40;-1
43;9;0;0;45;-1
37;10;0;0;40;-1
21;8;1;0;25;-1
52;14;0;0;70;1
34;11;0;0;32;1
28;11;0;1;40;-1
34;9;0;0;40;-1
29;9;0;0;40;1
39;9;0;0;65;-1
49;7;1;1;35;-1
35;10;1;0;50;1
31;10;0;1;20;-1
18;10;0;0;30;-1
43;13;0;0;40;1
21;10;0;1;40;-1
18;10;0;0;40;-1
58;7;0;0;48;-1
36;14;0;1;40;-1
38;9;0;1;40;-1
19;7;0;0;40;-1
38;11;0;1;36;-1
26;11;3;1;60;-1
38;12;0;1;16;-1
36;10;0;0;45;-1
40;9;0;0;45;1
25;13;1;0;40;-1
41;13;0;1;25;1
33;9;0;0;45;-1
63;9;0;0;16;-1
51;9;0;0;40;-1
34;9;0;0;40;-1
33;11;0;0;40;-1
25;6;0;0;45;-1
30;9;0;0;66;-1
19;10;0;0;25;-1
47;9;0;1;40;1
26;13;0;1;40;-1
21;10;0;1;14;-1
36;9;0;0;60;1
60;6;0;0;40;-1
28;9;1;0;40;-1
19;9;0;1;14;-1
42;13;0;0;90;-1
36;9;1;1;36;-1
35;9;0;1;38;-1
22;10;0;1;25;-1
54;9;0;0;40;1
36;13;0;0;45;-1
55;9;0;0;65;-1
57;14;0;0;40;-1
56;4;0;0;36;-1
24;9;0;0;50;-1
35;13;0;0;40;1
51;7;0;0;40;-1
34;9;0;0;44;-1
36;12;0;1;42;-1
51;5;0;1;40;-1
46;16;0;0;60;1
25;13;0;1;40;-1
22;9;0;0;50;-1
37;9;0;0;40;-1
48;13;0;0;40;1
40;8;1;0;40;-1
58;9;0;1;20;1
52;9;0;0;20;-1
18;7;1;0;20;-1
27;6;0;0;40;-1
63;5;0;0;16;-1
38;9;0;0;60;-1
40;10;0;0;60;-1
41;9;0;0;40;-1
32;11;0;0;55;1
30;9;1;0;72;-1
28;13;0;0;50;-1
31;9;1;1;35;-1
21;10;0;0;20;-1
33;9;0;1;40;-1
44;14;0;0;40;1
22;10;0;0;25;-1
42;9;0;0;40;-1
36;12;0;0;35;-1
31;9;0;0;40;-1
21;10;0;1;25;-1
34;9;0;0;80;-1
21;10;0;0;15;-1
75;13;0;0;48;1
21;10;0;0;24;-1
81;10;0;0;15;-1
54;9;0;0;40;-1
34;13;0;0;65;-1
41;9;2;0;45;-1
61;13;0;1;40;-1
24;10;0;0;40;-1
20;9;0;1;40;-1
44;13;0;1;60;-1
47;13;0;0;40;1
31;10;0;0;40;-1
53;9;0;0;60;-1
44;14;0;0;45;1
37;9;0;0;46;1
28;10;0;0;50;1
71;10;0;0;10;-1
57;9;0;1;40;-1
22;10;0;0;10;-1
30;10;0;1;55;-1
20;9;0;0;40;-1
28;13;0;1;45;-1
54;7;1;1;10;-1
20;9;0;0;35;-1
34;9;0;0;40;-1
21;10;0;0;40;-1
29;10;0;1;40;-1
51;10;0;1;40;-1
39;9;1;1;70;-1
19;10;1;1;38;-1
22;9;0;0;40;-1
59;10;0;1;38;-1
18;7;0;0;13;-1
22;9;0;0;20;-1
42;10;0;0;40;1
39;12;0;0;40;-1
31;13;0;0;40;1
28;7;0;1;40;-1
22;13;0;1;7;-1
67;14;0;1;40;-1
17;7;0;1;25;-1
47;12;0;0;40;1
23;13;0;1;5;-1
20;9;0;1;40;-1
22;9;0;1;40;-1
47;4;0;0;40;-1
49;10;0;1;40;1
64;10;0;0;20;-1
35;10;1;1;40;-1
52;10;0;1;40;-1
29;9;0;1;40;-1
73;6;0;1;40;-1
38;9;0;0;50;1
18;10;0;1;15;-1
24;9;1;1;40;-1
33;13;0;0;50;-1
40;10;1;1;55;-1
55;9;0;1;40;-1
44;9;0;0;40;-1
40;13;0;1;60;-1
22;9;0;0;40;-1
55;10;0;1;40;1
45;9;0;1;26;-1
47;13;0;1;50;1
56;9;0;0;40;-1
44;9;1;0;40;-1
32;10;0;0;38;-1
17;6;0;0;20;-1
44;10;0;0;50;-1
32;12;0;0;80;-1
35;13;0;0;60;1
27;9;0;0;40;-1
32;9;0;0;50;-1
68;7;0;0;70;-1
20;10;0;1;20;-1
33;10;1;1;40;-1
24;5;0;0;12;-1
48;9;0;0;45;-1
45;14;0;1;50;-1
48;10;0;1;40;-1
28;14;0;0;45;1
60;10;0;0;35;1
39;14;0;1;40;-1
23;10;0;0;30;-1
23;8;0;0;40;-1
36;10;0;1;40;-1
25;13;0;1;40;-1
52;9;0;0;40;-1
35;9;0;0;40;-1
41;9;0;0;40;-1
45;13;0;1;42;1
37;14;0;0;40;1
58;11;0;1;40;-1
67;9;0;1;2;-1
48;9;0;1;8;-1
63;9;0;0;48;-1
24;10;0;0;72;1
43;10;0;0;40;1
36;9;0;0;60;-1
32;9;0;0;72;-1
36;10;2;0;40;-1
43;10;0;1;50;-1
27;9;1;1;40;-1
17;7;0;0;12;-1
45;13;0;1;46;-1
41;9;0;0;40;-1
41;9;0;0;38;-1
18;9;0;1;35;-1
48;12;1;1;40;-1
51;11;0;0;50;1
26;10;0;1;24;-1
54;1;0;0;60;-1
22;10;0;1;48;-1
19;9;0;0;35;-1
47;4;1;0;40;-1
32;9;0;1;20;-1
30;13;0;1;40;1
35;14;2;0;40;-1
73;8;0;0;18;-1
17;6;0;0;10;-1
32;13;0;1;32;-1
43;14;0;0;40;1
19;9;0;0;40;-1
26;9;3;1;40;-1
41;14;0;0;40;1
52;10;0;0;40;-1
35;9;0;1;32;-1
57;7;0;0;52;-1
35;11;0;1;44;-1
33;13;0;0;40;-1
56;4;0;0;40;-1
42;13;0;0;60;-1
17;10;0;0;20;-1
49;9;0;1;35;-1
39;15;0;0;45;1
34;10;0;1;50;-1
37;10;1;0;40;-1
22;8;0;0;35;-1
27;11;0;0;40;-1
21;10;0;1;25;-1
59;10;0;0;40;-1
53;6;0;0;99;-1
26;7;0;0;40;-1
48;13;0;0;45;1
39;13;0;0;70;-1
34;9;2;1;32;-1
54;13;0;0;38;-1
50;9;0;0;40;1
48;13;0;0;45;-1
40;12;0;1;50;-1
30;13;0;0;70;-1
31;9;0;0;60;-1
46;12;0;0;40;-1
62;11;0;0;50;-1
38;13;0;1;40;-1
24;13;0;1;30;-1
24;10;2;1;50;-1
27;13;0;1;48;-1
43;12;0;1;30;-1
48;9;2;1;40;-1
41;9;1;0;40;-1
30;10;1;1;45;-1
38;13;0;0;40;1
45;15;0;0;40;1
45;13;0;0;40;-1
55;10;0;1;38;-1
46;4;0;0;75;-1
24;13;2;0;40;-1
31;10;2;1;25;-1
35;9;0;0;35;-1
37;10;0;1;40;-1
29;10;0;0;45;-1
56;13;0;0;50;1
33;6;0;0;40;-1
44;9;0;1;40;-1
21;9;0;0;40;-1
21;9;0;0;40;-1
46;14;0;0;40;1
44;10;0;0;50;1
63;13;0;1;40;-1
44;9;0;1;30;-1
31;10;0;0;45;-1
26;10;0;0;42;-1
37;9;0;0;50;-1
60;10;0;1;40;1
33;13;0;0;45;-1
38;13;0;0;40;-1
26;11;0;1;35;-1
46;11;2;1;63;-1
24;9;0;1;35;-1
47;14;0;0;35;1
27;10;0;1;30;-1
46;10;0;0;40;-1
47;12;1;0;40;1
47;9;0;0;40;-1
51;9;1;0;40;-1
36;9;0;0;40;1
50;14;0;1;40;-1
29;16;2;0;60;-1
27;6;2;0;75;-1
60;4;0;1;35;-1
31;9;0;0;40;-1
46;12;0;0;40;-1
40;9;0;1;40;-1
39;10;1;0;52;1
69;4;0;0;55;-1
54;13;0;0;40;1
56;9;0;1;40;-1
47;10;0;1;40;-1
25;12;0;1;45;-1
34;9;0;0;60;-1
24;4;0;0;50;-1
29;14;0;0;50;-1
64;10;0;0;40;-1
44;13;0;0;40;-1
26;9;0;0;60;-1
36;6;0;1;40;-1
37;9;0;1;40;1
37;6;0;0;65;-1
33;9;0;0;60;-1
19;10;0;1;10;-1
20;10;0;1;30;-1
20;10;0;1;20;-1
25;10;0;0;40;-1
40;9;0;1;40;-1
26;9;0;0;40;-1
29;16;0;0;50;1
45;13;1;0;40;-1
35;10;0;1;38;-1
32;10;0;0;45;-1
61;9;0;1;40;-1
26;13;0;0;15;-1
22;10;2;1;39;-1
49;13;1;0;48;-1
40;9;0;1;12;-1
37;9;0;0;40;-1
23;13;0;0;50;-1
28;13;0;0;60;1
27;9;0;0;40;-1
34;11;0;1;40;-1
49;5;0;0;45;-1
41;10;2;0;40;-1
28;13;0;0;21;-1
38;10;0;0;55;1
28;9;0;0;40;-1
41;13;0;0;40;-1
50;15;0;0;36;1
73;9;0;0;24;-1
21;10;1;0;40;-1
38;9;0;1;40;-1
64;14;0;0;2;-1
47;10;0;1;40;-1
24;13;0;0;45;-1
44;13;0;0;40;1
61;10;1;0;60;1
49;10;0;1;55;-1
23;10;1;0;20;-1
19;11;1;1;40;-1
21;9;0;0;53;-1
56;7;0;1;40;-1
35;8;0;0;40;-1
37;10;2;1;20;-1
41;16;0;1;50;1
30;7;0;0;40;-1
35;16;0;1;20;-1
47;10;0;0;40;-1
55;7;0;0;32;-1
22;11;2;0;20;-1
31;6;1;1;40;-1
24;13;0;0;48;-1
49;10;0;0;40;-1
23;4;0;0;25;-1
50;9;0;1;35;-1
38;13;1;0;40;-1
20;10;2;1;20;-1
49;10;0;0;50;1
45;9;2;1;50;-1
46;13;2;0;50;1
19;9;0;1;30;-1
31;13;0;1;40;-1
38;9;0;1;40;-1
56;14;0;0;50;1
24;13;0;0;40;-1
58;9;0;0;50;-1
28;9;0;0;40;-1
22;9;0;0;40;-1
46;9;0;0;40;-1
30;1;0;0;40;-1
56;13;0;0;45;1
32;9;2;0;40;-1
56;9;0;0;44;1
50;10;0;0;40;-1
28;9;1;1;30;-1
30;13;0;1;40;-1
24;9;0;0;40;-1
42;11;2;1;40;-1
31;9;0;0;40;1
18;7;3;1;20;-1
46;6;0;1;25;-1
31;13;0;1;65;1
44;14;0;0;40;1
19;9;0;0;20;-1
45;14;0;1;40;1
50;10;0;0;70;-1
53;5;0;0;40;-1
45;10;1;1;40;-1
21;6;0;1;39;-1
37;13;0;1;40;1
42;9;1;1;40;-1
37;9;0;0;30;-1
45;11;0;0;60;-1
32;10;0;1;20;-1
30;15;0;0;50;-1
57;13;0;0;80;1
37;9;0;1;56;-1
18;10;0;1;40;-1
32;10;0;0;40;1
43;13;0;0;40;1
36;9;0;1;28;-1
33;14;0;1;40;-1
48;9;0;1;40;-1
34;9;0;1;40;-1
34;10;0;0;50;1
33;9;0;0;40;-1
36;13;0;1;60;-1
39;9;0;0;40;-1
22;12;0;1;25;-1
19;9;0;0;20;-1
46;11;0;0;50;-1
47;14;0;1;6;-1
47;16;0;0;35;1
52;10;0;1;40;-1
38;5;0;0;40;-1
58;9;0;0;40;1
32;3;0;0;40;-1
54;11;0;1;10;-1
20;10;0;0;25;-1
25;12;0;0;48;-1
25;5;0;0;15;-1
69;9;0;0;30;-1
28;13;0;1;45;1
20;10;0;1;20;-1
21;4;0;0;40;-1
37;13;0;0;40;1
21;9;0;0;32;-1
25;12;0;0;13;-1
39;9;1;1;40;-1
34;11;0;0;40;1
33;9;0;0;40;-1
47;9;0;0;50;1
29;11;0;1;40;-1
48;9;0;0;89;-1
29;7;0;1;40;-1
34;9;0;0;40;-1
20;10;0;0;25;-1
41;14;0;0;40;1
22;11;0;0;40;-1
23;9;0;0;44;-1
19;10;0;1;38;-1
24;10;0;0;40;-1
20;10;0;0;30;-1
32;9;0;0;40;-1
36;9;0;0;60;1
18;6;0;0;30;-1
27;9;0;1;40;-1
26;10;0;0;60;-1
52;12;0;1;32;-1
24;10;2;0;40;-1
42;9;1;0;40;-1
20;10;0;1;35;-1
20;10;0;1;10;-1
39;9;0;0;40;-1
68;7;0;0;30;-1
35;9;1;1;48;-1
54;13;0;0;40;-1
24;13;0;0;40;-1
24;13;0;1;8;-1
20;10;1;1;15;-1
64;1;0;0;40;-1
28;13;0;1;35;-1
36;9;0;0;47;-1
44;9;0;0;60;-1
22;9;0;1;60;-1
56;9;0;0;40;-1
24;13;0;0;45;-1
24;10;0;1;75;-1
22;12;0;1;40;-1
21;10;0;1;30;-1
42;13;0;0;40;1
41;14;0;1;55;-1
67;10;0;0;44;-1
20;10;0;1;30;-1
32;9;3;0;40;-1
46;9;1;1;40;-1
52;9;0;1;36;-1
44;13;1;0;40;-1
65;7;0;0;40;-1
27;10;0;0;50;-1
35;9;1;1;35;-1
30;9;0;1;45;-1
48;9;0;1;37;1
35;4;0;1;40;-1
28;13;0;0;45;-1
40;15;0;0;55;1
33;10;0;0;40;-1
40;10;0;0;50;1
25;4;0;0;45;-1
45;13;0;0;38;1
30;10;0;0;40;1
53;10;1;1;40;-1
27;10;0;0;60;-1
31;7;0;0;40;-1
33;9;0;0;60;-1
39;13;0;0;40;1
42;10;0;0;45;1
19;9;1;0;30;-1
31;13;0;0;40;-1
53;9;0;0;40;-1
47;10;0;0;20;-1
27;16;0;1;40;-1
22;9;0;1;40;-1
29;9;0;1;40;1
32;11;0;0;46;-1
23;9;0;0;40;-1
27;10;0;0;20;-1
53;9;1;1;40;-1
18;9;0;0;20;-1
41;13;0;1;30;-1
27;9;0;1;40;-1
30;10;0;0;40;-1
41;9;0;1;40;-1
21;10;0;1;30;-1
58;9;1;1;40;-1
45;13;0;1;40;-1
40;6;0;0;40;-1
21;10;0;1;40;-1
50;11;1;1;40;-1
26;9;0;0;40;-1
23;9;0;1;40;-1
27;13;0;0;40;-1
36;13;1;1;40;-1
22;9;0;0;40;-1
37;10;0;0;40;-1
54;13;0;0;40;-1
36;9;0;0;50;-1
44;11;1;0;40;-1
38;10;1;0;40;1
49;10;0;1;40;-1
18;7;0;0;12;-1
26;13;0;0;48;-1
48;13;0;0;45;1
32;7;0;1;40;-1
35;9;0;0;40;-1
40;9;0;1;45;-1
42;15;2;0;72;1
30;9;0;0;40;-1
19;10;0;1;20;-1
36;12;0;0;60;1
31;9;0;1;40;-1
50;12;0;0;60;-1
38;9;1;0;40;-1
35;10;0;0;50;1
45;13;0;0;40;1
29;6;0;1;40;-1
41;10;0;0;46;1
33;15;0;1;50;1
49;10;0;1;60;-1
28;10;0;0;40;1
27;9;0;1;40;-1
42;16;0;1;40;1
30;9;0;0;60;-1
37;9;0;0;40;-1
37;16;0;1;35;-1
51;9;1;1;38;-1
27;9;0;0;40;-1
53;9;0;1;40;-1
45;9;0;0;40;-1
37;13;0;0;45;-1
40;13;0;1;40;-1
54;14;2;0;40;1
47;9;0;0;42;1
35;9;0;0;40;1
33;9;0;0;40;-1
28;10;1;0;40;-1
39;13;0;1;55;1
33;13;0;0;40;-1
34;7;0;1;40;-1
53;9;0;0;40;1
21;12;0;0;35;-1
63;9;0;0;45;-1
21;10;0;0;30;-1
59;9;0;0;40;1
50;2;1;1;40;-1
66;9;0;1;20;-1
19;9;0;0;30;-1
31;13;0;0;45;-1
23;13;0;1;40;-1
45;11;0;1;40;1
35;13;0;0;40;-1
32;13;0;0;40;-1
20;4;0;1;60;-1
38;9;0;0;40;1
49;9;2;1;8;-1
64;9;0;1;40;-1
60;7;0;0;20;-1
25;13;0;1;50;-1
21;9;0;0;35;-1
23;10;0;0;20;-1
67;14;0;0;48;1
24;9;0;1;30;-1
46;2;0;1;40;-1
38;16;2;0;40;-1
20;4;0;0;40;-1
28;10;0;1;40;-1
26;13;0;0;48;-1
58;9;0;0;40;-1
31;10;2;0;40;-1
37;12;1;0;38;-1
53;16;0;0;40;1
45;4;1;1;35;-1
33;9;0;1;50;-1
33;14;1;0;40;-1
35;9;0;0;25;-1
60;9;1;0;40;-1
21;10;0;1;20;-1
38;6;1;0;45;-1
40;11;0;1;40;-1
40;10;0;1;40;1
44;15;0;0;70;1
27;10;0;0;60;-1
34;10;0;0;55;1
20;10;0;0;25;-1
49;10;0;0;40;-1
37;10;0;0;50;1
52;6;0;0;30;1
46;10;1;0;40;-1
20;10;2;1;40;-1
43;9;0;0;40;-1
25;10;0;1;15;-1
48;13;0;0;40;-1
36;10;0;0;55;-1
18;10;0;0;60;-1
42;14;0;0;50;1
60;12;0;0;24;-1
37;10;0;0;55;1
44;12;1;0;40;-1
32;6;0;0;40;-1
29;13;0;1;40;-1
42;14;0;0;35;1
17;7;0;0;12;-1
41;8;0;1;10;-1
56;6;0;1;32;-1
28;10;0;0;40;-1
28;7;0;0;40;-1
19;4;0;0;25;-1
49;10;0;0;40;1
36;10;0;1;50;-1
25;10;0;0;35;-1
42;13;0;0;40;-1
26;10;0;0;40;-1
35;10;0;0;58;-1
37;9;0;0;45;-1
42;9;0;0;35;1
41;10;0;1;36;1
23;10;0;1;24;-1
31;9;0;0;40;-1
36;10;0;0;57;1
20;10;0;1;25;-1
36;10;0;0;45;-1
50;9;0;0;50;1
37;9;0;0;40;-1
39;10;0;1;60;-1
32;9;0;1;40;-1
59;10;0;1;35;-1
50;9;1;0;40;-1
42;11;0;0;37;-1
32;10;0;0;40;-1
50;6;0;0;45;-1
18;10;0;0;30;-1
60;14;0;0;50;-1
60;10;0;0;40;-1
42;14;0;0;22;-1
49;9;0;1;35;-1
35;10;0;1;40;-1
30;12;0;0;60;-1
59;10;0;0;40;1
55;12;0;1;40;-1
19;9;0;1;20;-1
39;9;0;0;40;-1
48;10;0;1;40;-1
21;10;0;0;30;-1
23;13;1;0;40;-1
22;10;0;0;30;-1
55;14;0;0;55;1
19;10;0;1;40;-1
23;10;0;0;25;-1
23;13;0;1;23;-1
23;10;0;1;15;-1
42;10;0;0;40;1
22;13;0;1;10;-1
18;9;0;0;20;-1
34;5;0;0;50;-1
30;12;0;1;40;-1
62;10;0;1;50;-1
51;10;0;0;40;-1
34;9;1;0;30;-1
28;14;0;0;40;-1
56;6;0;0;40;-1
46;9;0;1;30;-1
23;10;0;1;40;-1
33;13;1;1;30;-1
27;9;2;0;40;-1
21;10;1;1;20;-1
18;9;0;0;60;-1
37;13;0;1;36;-1
39;7;0;0;40;-1
26;12;1;1;40;-1
37;9;0;1;60;-1
34;9;0;0;50;-1
33;9;0;1;40;-1
33;9;0;0;30;-1
20;9;0;1;8;-1
26;10;0;1;38;-1
47;9;0;1;20;1
17;7;0;1;20;-1
31;10;0;1;35;-1
34;7;0;0;40;-1
23;3;0;0;40;-1
39;13;0;0;45;1
22;9;0;1;40;-1
21;10;0;1;20;-1
40;9;1;1;35;-1
68;10;1;1;40;-1
27;13;0;0;45;1
54;10;0;0;40;1
23;9;0;1;40;-1
38;14;0;0;48;1
54;9;0;1;35;-1
40;11;0;0;42;-1
19;6;0;1;40;-1
21;9;0;0;60;-1
35;13;1;1;40;-1
41;8;0;0;40;1
26;10;0;1;40;-1
35;9;0;1;45;-1
70;10;0;0;25;-1
45;6;0;0;40;-1
83;9;0;0;55;-1
59;9;0;1;40;-1
18;5;1;0;15;-1
31;9;0;0;40;-1
43;14;0;1;45;1
24;13;0;1;40;-1
33;11;0;0;50;-1
48;14;0;1;52;-1
27;13;0;0;40;-1
41;9;0;0;40;-1
25;9;0;1;25;-1
53;9;0;0;40;1
66;15;0;0;50;-1
31;10;0;0;40;1
30;13;0;0;40;-1
22;9;0;0;40;-1
74;9;0;0;40;1
40;10;0;1;40;-1
26;6;0;1;40;-1
53;12;1;1;40;-1
29;10;2;0;40;-1
42;9;0;0;40;-1
22;10;0;0;32;-1
62;9;0;0;24;-1
33;9;0;1;40;-1
21;9;1;0;20;-1
46;13;0;0;45;1
25;7;0;0;40;-1
29;3;0;0;40;-1
29;13;0;0;48;-1
50;12;0;0;40;-1
22;9;2;1;40;-1
40;9;0;0;40;-1
28;9;2;0;45;-1
54;9;0;0;40;-1
29;9;0;0;40;-1
49;9;1;1;40;-1
46;7;0;1;27;-1
71;6;0;0;8;-1
27;10;0;0;80;-1
56;9;0;1;40;-1
64;9;2;0;60;1
23;10;0;1;25;-1
36;13;0;0;40;1
39;14;0;0;45;1
26;9;0;0;40;-1
31;12;0;0;40;-1
36;13;0;1;40;-1
43;9;0;0;40;1
25;10;0;1;50;-1
27;9;0;0;40;-1
24;8;0;0;40;-1
50;12;0;0;20;-1
30;9;0;0;40;-1
24;7;0;0;40;-1
29;10;0;0;45;-1
31;10;0;0;40;-1
54;10;0;1;40;-1
20;7;0;1;50;-1
37;9;0;0;40;-1
28;9;1;0;30;-1
39;9;0;1;40;1
46;10;0;1;40;-1
35;13;0;1;42;-1
34;9;0;0;25;-1
44;14;0;0;40;1
34;13;0;0;50;-1
28;9;0;0;50;1
38;15;0;0;45;1
64;13;0;0;50;1
19;10;0;1;40;-1
35;13;0;0;52;1
61;9;0;1;40;-1
45;10;0;1;40;-1
36;9;0;0;40;-1
34;9;1;0;30;-1
27;11;0;0;60;-1
22;6;0;0;40;-1
26;13;0;1;40;-1
19;7;0;1;15;-1
36;9;0;0;40;-1
51;9;0;0;40;-1
20;10;0;1;25;-1
42;11;0;0;50;-1
40;13;0;1;40;-1
25;10;0;0;40;-1
40;11;0;1;50;-1
41;13;0;1;30;1
49;9;0;0;80;-1
46;9;1;1;40;-1
32;9;0;0;50;-1
28;10;1;0;40;-1
19;9;1;0;20;-1
19;9;0;1;25;-1
18;7;1;0;20;-1
39;9;0;0;55;-1
60;13;0;1;30;-1
38;4;0;1;50;1
36;9;0;0;44;1
45;10;0;0;40;-1
30;7;0;0;40;-1
22;10;0;1;43;-1
23;10;0;0;45;-1
48;10;1;1;24;-1
46;9;0;1;15;-1
43;14;0;0;45;1
25;9;3;0;40;-1
50;10;0;0;40;-1
61;9;0;0;55;-1
35;13;0;0;50;-1
65;10;0;1;40;-1
56;9;2;0;45;-1
43;13;2;1;80;-1
55;9;0;0;50;-1
22;10;0;1;40;-1
40;10;0;0;32;-1
22;10;0;0;50;-1
20;5;0;0;40;-1
46;8;0;0;35;1
43;9;0;0;40;-1
46;9;1;1;40;-1
34;9;0;1;20;-1
35;9;0;1;35;-1
30;9;0;0;41;-1
25;9;1;0;28;-1
44;14;0;0;35;1
35;9;0;1;40;-1
41;9;0;0;40;-1
32;10;0;1;40;-1
50;4;0;0;40;-1
20;10;0;1;15;-1
29;9;0;1;20;-1
20;6;0;0;50;-1
41;9;1;1;40;-1
27;10;0;1;65;-1
37;5;0;0;40;-1
62;14;0;1;24;-1
31;6;0;0;40;-1
49;10;2;1;40;-1
33;13;1;1;50;-1
19;10;0;1;35;-1
44;4;0;0;40;-1
31;10;0;0;65;1
62;9;0;1;40;-1
17;5;0;0;40;-1
60;9;0;0;44;1
31;7;0;0;40;-1
29;10;1;1;40;-1
53;9;0;0;40;1
44;10;0;0;40;1
43;7;0;0;60;-1
18;7;1;1;10;-1
47;9;0;1;43;-1
37;12;0;1;25;-1
40;10;2;1;40;-1
57;9;1;0;60;1
32;13;3;0;40;-1
64;10;0;0;40;-1
18;8;0;1;20;-1
40;13;0;0;50;-1
17;7;1;1;40;-1
23;9;0;0;40;-1
45;11;1;1;40;-1
45;14;0;1;15;-1
27;6;0;0;60;-1
23;10;0;0;40;-1
58;9;2;0;30;-1
35;9;0;1;75;-1
47;14;0;0;40;1
33;9;0;0;50;-1
27;13;2;0;40;1
46;12;0;0;40;1
24;10;0;0;56;-1
40;10;0;0;44;1
44;9;0;1;24;-1
31;13;0;0;97;1
23;11;0;1;40;-1
30;13;0;0;52;1
31;10;1;0;35;-1
24;9;0;1;32;-1
27;9;0;0;40;-1
35;9;2;0;55;-1
30;13;0;0;70;-1
33;9;0;0;70;-1
34;16;0;0;45;1
29;10;0;0;50;-1
39;9;0;0;40;-1
51;10;0;1;50;1
53;4;2;0;40;-1
29;13;0;0;40;1
33;9;3;0;40;-1
57;14;0;0;60;1
69;9;0;0;40;-1
20;10;0;1;12;-1
56;9;0;1;25;-1
49;3;0;0;40;-1
34;9;0;0;40;-1
70;9;0;0;37;-1
44;13;0;1;45;-1
58;13;0;0;58;-1
42;10;0;1;25;-1
41;9;0;0;40;-1
28;9;0;1;40;-1
24;9;0;1;40;-1
18;9;0;1;25;-1
50;10;0;0;50;1
84;14;0;0;66;-1
47;13;0;0;60;1
19;8;0;0;20;-1
24;10;1;0;40;-1
48;13;0;0;6;-1
53;9;0;0;50;-1
58;10;0;0;45;-1
22;10;0;0;24;-1
36;10;0;0;52;-1
34;8;0;1;40;-1
43;2;0;1;21;-1
37;9;0;0;24;-1
43;15;0;0;50;1
42;10;0;1;40;1
21;10;0;0;30;-1
49;9;0;0;60;-1
35;9;1;0;40;-1
49;10;0;1;30;-1
28;10;1;0;40;-1
51;2;0;0;40;-1
30;13;0;1;40;-1
19;4;0;0;60;1
56;5;0;0;40;-1
20;9;0;0;8;-1
22;10;0;1;37;-1
54;9;0;0;45;-1
22;10;0;0;50;-1
68;10;0;1;30;-1
56;13;0;1;40;-1
23;9;0;0;40;-1
69;5;0;0;40;-1
41;13;0;0;40;-1
33;9;1;1;40;-1
18;7;0;1;8;-1
17;7;1;0;16;-1
50;10;0;0;60;1
62;6;0;1;40;-1
41;9;0;1;52;-1
20;9;0;1;40;-1
23;12;0;0;30;-1
18;9;0;0;20;-1
53;4;0;0;40;-1
42;5;0;0;40;-1
23;13;0;0;40;-1
43;9;0;1;40;-1
47;9;0;0;55;-1
53;3;0;0;40;-1
28;6;0;0;40;-1
28;10;0;0;40;-1
44;10;0;0;45;-1
58;9;0;0;40;-1
25;4;0;1;32;-1
26;9;0;1;40;-1
27;9;0;1;40;-1
39;16;0;0;45;1
25;13;0;0;40;-1
17;7;0;1;15;-1
39;13;0;0;50;-1
52;9;0;0;40;-1
24;13;0;1;50;-1
26;11;0;0;55;-1
24;13;0;1;40;-1
32;9;0;0;40;1
49;14;0;0;40;1
20;10;0;1;25;-1
40;7;0;0;40;-1
33;9;0;0;40;-1
19;9;0;0;20;-1
37;11;0;0;40;-1
21;10;0;1;20;-1
33;10;0;0;36;-1
28;12;0;1;40;-1
43;13;0;0;40;-1
32;9;0;0;40;-1
28;9;0;0;30;-1
47;13;2;0;40;-1
37;13;0;0;50;1
26;10;1;0;30;-1
55;9;0;0;60;-1
40;12;0;1;40;-1
31;13;0;0;40;1
39;9;0;0;40;1
54;10;0;0;54;1
38;10;2;0;40;-1
53;9;0;0;85;-1
27;12;0;1;78;-1
42;13;0;0;40;1
62;10;0;1;40;-1
26;13;0;1;50;-1
33;9;1;1;20;-1
59;10;0;0;40;-1
42;9;0;1;45;-1
25;13;0;0;45;1
58;9;0;0;36;-1
30;10;0;1;60;-1
21;10;0;1;40;-1
61;9;0;0;40;-1
33;12;0;0;40;-1
51;14;0;0;40;1
70;10;0;1;12;-1
55;9;0;0;30;1
46;14;0;1;44;-1
35;10;2;1;40;-1
31;9;0;0;43;1
37;10;0;0;42;1
43;10;0;0;43;1
23;9;0;0;40;-1
42;13;0;1;50;1
45;10;0;0;40;1
25;12;0;0;40;-1
33;4;0;0;40;-1
38;13;0;0;50;1
28;9;0;1;50;-1
42;9;0;0;40;1
35;14;0;0;40;-1
36;10;0;1;40;-1
33;9;0;0;35;-1
22;10;0;1;30;-1
45;13;0;0;50;1
24;10;0;1;40;-1
57;2;0;0;35;-1
41;9;0;1;40;-1
26;10;0;1;35;-1
25;10;0;1;50;-1
53;10;0;0;50;-1
28;12;0;0;40;-1
30;14;0;1;40;-1
38;7;0;0;40;-1
37;10;0;0;48;-1
30;14;0;0;38;-1
41;9;1;1;40;-1
29;10;1;0;36;-1
31;10;0;0;80;-1
59;9;0;0;60;-1
33;9;0;0;35;-1
49;10;0;0;40;1
50;6;0;0;56;-1
28;4;0;0;40;-1
81;9;0;1;35;-1
24;10;0;1;16;-1
32;10;0;0;50;-1
47;9;1;0;40;1
44;9;1;0;40;-1
24;10;0;0;40;-1
51;13;0;0;40;1
52;9;0;0;50;-1
22;10;0;1;40;-1
28;12;3;0;40;-1
47;10;0;0;40;-1
43;9;0;0;40;-1
25;9;0;0;45;-1
43;10;0;0;60;1
25;13;0;1;20;-1
59;14;0;0;60;-1
29;12;0;1;35;-1
30;5;0;1;40;-1
24;10;3;1;40;-1
38;13;0;0;40;-1
37;9;0;0;60;1
30;9;0;1;40;-1
73;14;0;0;10;1
30;9;1;0;40;-1
33;9;0;0;40;-1
46;10;0;0;58;-1
18;7;0;0;40;-1
22;9;0;1;40;-1
50;9;1;0;60;-1
62;4;1;0;40;-1
22;10;0;0;40;-1
33;9;1;1;40;-1
31;9;2;1;40;-1
29;13;0;0;40;-1
38;10;0;0;45;1
24;13;0;1;35;-1
29;9;0;1;40;-1
49;14;0;0;40;1
33;4;0;0;40;-1
28;9;0;0;48;-1
22;13;0;1;60;-1
37;9;0;0;40;-1
30;9;0;0;50;-1
49;4;0;0;40;-1
29;9;0;0;40;-1
25;9;0;1;40;-1
36;9;0;1;40;-1
36;16;0;0;45;-1
21;9;0;0;22;-1
18;10;0;1;30;-1
30;11;0;0;40;-1
44;10;1;1;40;-1
40;10;0;0;50;-1
43;9;0;0;44;-1
45;13;0;0;50;1
29;10;2;1;26;-1
40;10;0;1;40;-1
43;10;0;0;48;-1
20;10;0;1;20;-1
32;13;0;0;20;-1
19;10;0;1;16;-1
21;9;0;0;40;-1
23;11;0;0;40;-1
24;7;1;1;40;-1
52;11;0;0;32;-1
51;10;0;1;40;-1
19;10;0;0;35;-1
54;10;0;0;45;1
50;9;0;1;48;-1
29;10;0;0;40;-1
17;6;0;0;10;-1
47;9;0;1;37;-1
46;13;1;1;32;-1
30;10;0;0;44;-1
58;10;0;1;30;-1
48;13;1;1;40;-1
23;10;0;0;40;-1
23;11;0;1;36;-1
45;9;0;0;40;-1
20;10;1;0;20;-1
26;4;0;0;48;-1
50;13;0;1;40;1
49;9;0;0;48;1
26;10;0;0;40;-1
47;15;0;0;40;-1
19;10;0;1;40;-1
23;6;0;0;40;-1
28;7;0;0;40;-1
21;9;0;1;40;-1
50;6;0;1;50;-1
30;5;0;1;30;-1
31;13;0;1;40;-1
31;13;0;1;20;-1
33;16;0;0;60;1
37;9;0;0;45;1
48;14;0;0;40;1
24;10;0;0;40;-1
55;9;0;1;40;-1
33;13;0;0;30;-1
51;10;0;0;40;-1
30;10;0;0;40;-1
41;9;0;0;40;-1
47;11;0;0;40;1
27;4;0;0;50;-1
40;11;0;0;40;-1
36;9;0;0;40;-1
37;9;1;0;40;-1
38;15;0;0;35;1
40;10;0;0;50;-1
35;13;0;1;40;-1
47;9;0;1;20;1
20;10;0;0;60;-1
33;14;0;0;45;1
45;10;0;1;40;-1
35;9;1;1;38;-1
32;7;0;0;45;-1
23;10;1;0;50;-1
19;9;0;1;15;-1
44;10;0;0;40;-1
20;9;1;0;35;-1
44;13;0;0;30;-1
19;10;0;1;40;-1
48;9;0;1;35;-1
45;10;0;0;65;1
40;4;2;0;42;-1
34;9;0;0;55;1
20;10;3;1;40;-1
33;10;0;1;40;-1
30;9;0;1;20;-1
23;10;0;0;32;-1
34;6;0;1;38;-1
48;10;0;0;40;1
32;7;0;1;49;-1
42;10;1;0;40;1
22;9;2;0;40;-1
60;9;0;0;42;1
42;13;0;0;55;1
45;13;0;1;55;-1
47;9;0;1;32;-1
29;14;0;1;40;1
34;13;0;0;38;-1
34;13;0;1;40;1
39;9;0;0;40;-1
29;10;0;1;24;-1
42;10;0;0;60;-1
48;7;1;1;35;-1
51;10;0;1;45;-1
44;13;0;0;90;-1
46;11;0;0;60;1
32;10;0;1;40;-1
24;10;0;0;45;-1
33;11;1;1;26;-1
47;9;0;0;90;-1
64;14;0;0;50;-1
62;13;0;0;50;1
52;9;0;0;40;1
39;9;0;1;40;-1
42;9;0;0;48;-1
55;4;0;0;50;-1
29;9;0;1;27;-1
42;12;0;1;24;-1
30;12;0;1;50;1
32;5;0;0;40;-1
27;9;2;0;40;-1
47;9;0;0;60;-1
33;5;0;0;35;-1
48;10;0;0;40;-1
23;4;0;0;35;-1
31;13;0;0;40;1
26;10;1;0;40;-1
61;9;2;0;63;-1
50;13;1;0;40;-1
49;11;0;0;40;1
19;9;2;0;24;-1
18;7;0;0;15;-1
44;12;0;1;99;-1
54;11;0;0;50;-1
35;9;0;0;40;1
27;14;2;0;20;-1
50;9;0;0;50;-1
43;9;0;0;40;-1
28;10;0;0;40;-1
47;9;0;0;40;-1
21;1;0;0;50;-1
30;15;0;1;45;-1
19;9;0;0;45;-1
55;14;0;0;50;1
67;9;0;0;20;-1
31;11;0;0;43;-1
30;11;0;0;40;-1
54;1;0;1;40;-1
51;13;2;1;43;-1
34;9;0;1;40;-1
59;14;0;0;45;1
50;9;0;1;38;-1
29;9;0;0;40;-1
17;6;0;0;40;-1
24;9;0;1;30;-1
52;1;0;0;40;-1
18;8;0;1;25;-1
32;10;1;0;40;-1
25;10;0;1;50;-1
34;9;0;1;45;-1
37;10;0;1;40;-1
32;15;0;0;40;1
23;10;0;1;28;-1
45;10;0;0;42;-1
30;7;0;0;40;-1
20;8;0;1;10;-1
41;9;0;0;4;-1
21;9;0;1;30;-1
48;4;2;0;30;-1
34;11;1;0;40;-1
25;9;1;0;40;-1
41;13;0;0;35;-1
35;15;0;0;50;1
42;13;0;1;40;-1
34;9;0;0;75;1
32;13;0;0;40;1
25;10;2;0;40;-1
23;7;0;0;50;-1
36;15;3;0;40;1
53;13;0;0;60;1
27;16;0;0;52;-1
27;13;0;1;65;-1
57;9;0;1;45;-1
17;7;0;1;20;-1
59;9;0;1;38;-1
34;9;0;1;40;-1
30;6;0;0;55;-1
31;12;1;1;45;-1
18;7;0;0;40;-1
23;10;0;0;30;-1
19;9;0;0;40;-1
20;11;0;0;40;-1
52;9;0;0;40;-1
39;13;0;0;50;1
27;9;0;1;50;-1
19;10;0;1;35;-1
38;13;0;1;15;-1
19;9;0;0;16;-1
41;9;0;0;45;-1
24;12;0;0;12;-1
24;13;0;1;40;-1
22;6;2;0;84;-1
45;15;0;0;60;1
45;9;0;0;60;1
48;13;2;0;40;1
42;13;0;0;60;-1
35;10;0;0;50;-1
32;9;2;1;40;-1
51;9;0;1;32;-1
59;10;0;0;40;1
31;9;0;0;40;-1
27;13;0;0;50;-1
57;12;0;1;35;-1
40;9;0;0;40;-1
31;9;0;0;40;-1
23;4;0;0;40;-1
42;9;0;1;35;-1
60;9;0;0;40;-1
20;10;0;1;40;-1
27;9;0;0;40;-1
31;9;0;0;45;-1
29;13;0;0;40;-1
22;13;0;0;40;-1
28;9;0;0;40;-1
79;10;0;0;20;-1
29;8;3;0;40;-1
60;4;0;0;40;-1
58;8;0;1;24;-1
44;9;0;0;65;1
47;9;0;0;48;-1
59;9;0;0;24;1
37;14;0;0;65;-1
21;9;0;0;40;-1
68;11;0;1;40;-1
23;10;1;1;40;-1
23;9;0;1;33;-1
45;10;0;1;35;-1
22;10;0;0;40;-1
38;13;0;0;50;1
24;10;0;0;49;-1
23;9;0;1;40;-1
39;10;0;0;45;1
26;10;0;0;40;-1
24;9;0;0;40;-1
22;10;0;0;25;-1
36;13;0;0;55;-1
20;10;0;1;20;-1
18;7;1;0;8;-1
38;13;0;0;40;1
43;13;0;0;35;-1
56;9;1;0;40;-1
42;14;0;0;40;1
35;13;0;0;50;1
31;10;0;1;45;-1
32;10;0;1;42;-1
66;9;0;0;10;-1
22;9;0;1;35;-1
51;11;0;0;40;-1
31;9;0;0;35;-1
39;9;1;1;45;-1
48;10;0;1;37;-1
20;10;0;1;40;-1
28;12;0;0;40;-1
29;15;0;0;80;-1
36;16;0;0;30;1
35;13;0;0;45;1
31;10;0;0;40;1
48;9;0;0;40;-1
36;11;0;0;45;-1
40;9;0;0;50;-1
57;9;0;0;15;-1
37;9;0;1;40;-1
65;16;0;0;40;1
26;6;0;1;32;-1
42;10;0;0;40;-1
47;14;0;0;40;1
62;4;0;0;40;-1
27;11;0;0;50;-1
76;10;0;0;8;-1
20;10;0;1;40;-1
29;13;0;1;40;-1
29;8;0;0;40;1
32;6;0;0;40;-1
22;10;0;0;40;-1
30;9;1;1;50;-1
43;10;0;1;40;-1
23;13;0;0;20;-1
44;15;0;0;40;1
41;13;0;0;40;-1
30;9;0;0;45;1
23;10;0;0;35;-1
39;9;0;1;40;-1
32;13;0;0;60;1
19;10;0;1;40;-1
35;13;0;0;52;1
23;9;0;0;40;-1
25;10;0;0;40;-1
40;9;0;1;40;-1
30;13;1;0;42;1
52;10;0;0;40;1
49;10;1;0;60;-1
24;13;0;1;40;-1
39;13;0;0;50;1
45;13;0;0;50;1
45;10;0;1;40;-1
62;9;0;0;40;-1
48;3;0;0;40;-1
56;9;1;1;40;-1
28;9;0;1;35;-1
23;9;1;0;40;-1
43;9;0;1;35;-1
26;13;0;0;40;1
36;9;0;0;50;1
55;16;0;1;60;-1
48;13;0;1;50;-1
38;11;0;0;45;1
18;9;0;0;30;-1
56;9;0;0;70;-1
39;14;0;0;40;-1
46;3;0;0;50;-1
36;7;2;0;65;-1
50;9;0;0;50;1
17;7;0;0;20;-1
57;4;1;1;40;-1
73;9;0;1;12;-1
50;10;0;0;40;-1
35;10;0;0;45;-1
27;10;0;0;45;-1
24;10;0;1;40;-1
27;10;0;0;40;-1
23;9;0;0;40;-1
25;9;0;1;40;-1
51;13;0;0;40;1
26;6;0;1;40;-1
47;10;0;0;45;-1
40;9;1;0;40;-1
58;5;0;1;40;-1
25;10;0;1;40;-1
29;9;0;1;18;-1
36;7;0;0;43;-1
46;9;0;1;60;-1
69;2;1;1;4;-1
28;9;1;1;40;-1
20;9;0;0;48;-1
25;10;0;0;40;-1
17;9;0;1;20;-1
53;9;0;0;40;-1
50;5;0;0;50;-1
57;9;0;1;38;-1
20;10;0;0;30;-1
47;10;0;0;40;-1
25;9;0;0;52;-1
50;15;0;0;52;1
20;9;0;1;30;-1
46;13;0;1;40;-1
54;9;0;1;38;-1
53;10;2;1;15;-1
21;9;0;0;30;-1
58;10;0;0;40;-1
30;13;0;0;55;1
61;9;1;1;40;-1
56;10;0;1;35;-1
59;9;0;1;40;-1
72;9;0;0;20;-1
33;9;0;0;40;-1
46;9;0;1;40;1
46;10;0;0;38;1
48;9;1;1;28;-1
33;9;0;0;40;-1
21;10;0;1;40;-1
27;9;0;1;45;-1
31;9;0;0;40;-1
28;13;0;0;40;-1
45;10;0;1;38;-1
46;9;1;1;40;-1
25;10;0;0;25;-1
17;7;0;1;30;-1
35;6;0;0;60;-1
33;7;0;0;70;-1
37;8;2;1;33;-1
39;9;0;1;35;-1
42;9;0;1;30;-1
45;9;0;1;50;1
47;13;0;0;40;1
64;7;0;0;48;-1
43;9;0;1;40;-1
34;9;0;0;40;-1
31;13;0;0;40;-1
26;9;0;0;40;-1
56;4;0;0;50;1
43;10;0;1;40;-1
33;10;1;0;35;-1
46;10;0;0;55;-1
26;11;0;0;80;-1
24;9;0;1;40;-1
43;13;0;0;50;1
40;11;0;0;40;-1
61;4;0;0;35;-1
34;10;1;1;72;-1
85;9;0;0;35;-1
41;9;0;1;40;-1
22;10;0;1;30;-1
60;9;1;1;40;-1
29;12;0;1;36;-1
34;9;0;0;40;-1
24;9;0;0;30;-1
45;14;1;0;40;-1
21;8;1;0;20;-1
50;10;0;0;99;1
41;9;0;0;40;1
21;9;0;1;33;-1
45;9;0;0;45;-1
34;13;0;0;40;1
28;9;0;0;40;-1
19;9;0;0;40;-1
48;13;0;0;45;1
41;10;0;1;40;-1
43;13;0;1;40;-1
28;9;0;0;40;-1
65;10;0;1;28;-1
28;13;0;1;40;-1
51;13;0;0;40;1
45;10;0;1;80;-1
43;9;1;0;38;-1
31;12;0;0;60;-1
31;10;0;0;55;1
45;10;2;0;40;-1
20;13;1;1;30;-1
25;13;0;0;40;-1
36;9;0;1;30;-1
56;10;0;0;45;-1
26;13;0;0;18;-1
47;10;0;1;65;-1
40;9;0;0;50;-1
32;9;0;1;48;-1
34;14;1;1;24;-1
37;9;0;0;55;-1
38;9;0;0;45;-1
19;11;2;0;16;-1
49;5;0;1;40;-1
18;9;1;1;25;-1
26;12;0;1;40;-1
82;4;0;0;2;-1
40;9;0;0;40;-1
28;10;0;0;50;-1
23;9;1;0;37;-1
19;10;0;0;40;-1
67;9;1;0;32;-1
41;12;3;1;50;-1
37;11;0;1;40;-1
20;9;0;0;40;-1
40;9;0;0;40;-1
40;9;0;0;40;-1
39;13;0;1;40;-1
24;10;1;1;20;-1
67;11;0;1;1;-1
49;13;0;0;45;1
66;9;0;0;10;-1
59;9;0;0;60;-1
72;9;0;1;12;-1
35;9;0;0;40;-1
30;13;0;1;40;1
36;10;0;0;40;-1
26;9;0;1;40;-1
23;13;0;0;35;-1
39;13;0;0;40;1
40;15;0;0;40;-1
29;13;0;0;40;-1
38;13;0;0;20;-1
63;13;0;0;40;-1
58;9;0;0;40;1
30;9;0;1;40;-1
38;9;1;1;40;-1
25;3;0;1;33;-1
44;14;0;0;40;1
43;11;0;1;40;1
21;10;0;0;30;-1
41;12;0;0;40;-1
38;13;0;0;50;1
75;13;0;0;6;-1
52;9;0;0;70;-1
47;9;0;1;45;-1
24;10;0;1;40;-1
30;14;2;0;10;-1
40;12;0;0;40;1
27;10;0;1;30;-1
26;9;0;0;44;-1
32;9;0;0;37;-1
36;13;0;1;40;-1
26;8;1;0;40;-1
25;10;1;0;40;-1
39;10;0;1;40;-1
27;11;0;0;40;-1
24;9;0;0;50;-1
35;9;0;0;55;-1
29;11;0;0;40;-1
49;9;1;1;40;-1
36;5;0;0;40;-1
47;16;0;0;50;-1
21;10;0;0;40;-1
35;13;2;1;40;1
38;2;0;0;40;-1
66;10;0;0;40;-1
19;10;0;1;15;-1
18;9;0;0;22;-1
37;15;0;0;40;-1
49;13;0;1;40;-1
33;11;0;0;48;1
27;10;0;0;40;1
34;10;0;1;35;-1
54;14;2;1;40;-1
24;10;0;0;40;-1
44;15;0;0;60;1
48;13;0;0;50;-1
23;9;0;1;40;-1
29;9;0;0;38;-1
21;12;0;1;9;-1
18;8;0;1;32;-1
18;5;3;1;32;-1
29;9;0;0;40;-1
29;9;0;0;40;-1
41;9;1;1;40;-1
32;9;0;0;40;-1
61;6;1;1;24;-1
79;9;0;0;6;-1
34;12;0;0;40;-1
46;13;0;0;40;1
50;11;0;0;60;1
29;9;0;0;40;-1
64;10;0;1;40;-1
51;11;0;0;40;-1
20;10;0;1;40;-1
29;9;0;0;40;-1
49;13;2;0;40;-1
77;10;0;0;40;-1
32;9;0;1;35;-1
27;13;0;1;40;1
22;10;0;1;40;-1
35;9;0;0;40;1
35;9;0;0;40;-1
62;9;0;0;40;-1
45;10;0;1;55;-1
38;9;0;0;40;-1
26;9;1;0;45;-1
29;13;0;1;45;-1
33;13;0;0;40;1
35;9;0;0;80;-1
42;10;0;0;40;-1
20;11;0;1;20;-1
43;14;0;0;40;1
69;7;1;0;45;-1
39;9;0;0;40;-1
37;9;0;0;40;-1
28;10;0;0;40;-1
26;13;0;0;40;-1
32;10;0;0;30;-1
43;13;0;0;40;1
49;9;0;0;30;-1
28;4;0;0;60;-1
35;9;0;0;40;1
57;9;0;1;40;-1
45;5;0;0;40;-1
45;9;0;0;40;-1
42;9;0;1;40;-1
35;13;2;0;40;-1
45;13;0;0;50;1
28;13;0;0;40;-1
64;11;0;0;10;-1
44;15;0;1;40;-1
59;9;0;0;40;1
41;9;0;0;40;-1
21;10;1;0;25;-1
22;9;0;0;40;-1
49;9;0;1;40;-1
53;12;0;0;80;1
23;10;0;0;40;-1
20;9;0;1;40;-1
40;13;0;1;40;-1
25;13;0;1;40;-1
27;10;0;1;40;-1
20;9;0;0;30;-1
37;9;0;1;20;-1
40;9;0;0;40;-1
38;9;0;1;40;-1
42;13;0;1;40;-1
20;9;0;0;45;-1
62;13;0;0;38;-1
31;10;0;0;40;-1
31;9;0;0;60;-1
24;9;0;0;40;-1
62;4;1;1;35;-1
43;10;0;0;40;1
21;10;0;0;50;-1
22;9;1;1;40;-1
18;6;0;0;40;-1
59;14;0;1;40;-1
49;9;0;0;40;-1
19;7;0;0;30;-1
33;6;0;1;45;-1
23;13;1;0;15;-1
33;15;0;1;65;1
50;10;0;0;40;1
30;13;0;0;43;-1
21;10;0;1;20;-1
23;13;0;1;21;-1
32;13;0;1;40;-1
57;9;0;0;40;-1
22;10;0;0;10;-1
70;9;0;1;5;-1
34;10;0;0;84;1
53;14;0;1;40;-1
21;10;0;0;45;-1
37;9;0;0;40;-1
32;6;0;0;80;1
57;9;0;0;40;-1
65;9;0;0;40;-1
25;10;0;0;30;-1
30;9;0;0;46;-1
31;9;0;1;40;-1
19;10;0;0;35;-1
23;13;0;0;38;-1
44;9;0;0;40;-1
43;10;0;0;45;1
42;10;1;1;40;-1
34;7;0;0;40;-1
32;9;0;0;40;1
25;11;1;1;40;-1
21;10;0;1;40;-1
31;9;1;1;60;-1
36;11;0;1;40;-1
49;10;0;0;65;-1
44;13;0;1;32;-1
42;11;0;0;40;1
30;9;0;0;99;-1
33;6;0;0;40;-1
36;13;1;0;45;1
17;6;0;0;30;-1
20;10;0;0;25;-1
32;9;0;0;50;-1
33;9;0;0;40;-1
37;10;0;1;60;-1
60;6;0;0;48;-1
35;10;0;1;15;-1
43;13;0;1;40;-1
46;10;0;0;40;1
36;13;0;0;42;1
27;9;0;0;40;1
50;10;0;0;84;1
22;10;2;1;44;-1
33;14;0;0;60;-1
61;6;0;1;40;-1
28;11;0;1;40;-1
41;11;0;0;70;1
22;10;0;0;40;-1
27;13;0;1;40;-1
25;9;0;0;40;-1
28;14;0;0;50;-1
28;10;0;0;40;-1
37;13;0;1;30;1
58;9;0;1;37;-1
39;9;0;0;40;-1
33;10;0;1;40;-1
59;6;0;0;40;1
58;13;0;1;20;-1
38;11;2;0;36;1
34;10;0;0;40;-1
31;10;1;0;40;-1
48;9;0;0;40;1
65;9;0;0;40;-1
45;9;0;0;50;-1
23;9;0;1;40;-1
33;14;0;0;37;1
38;10;0;0;40;-1
44;14;0;0;40;1
40;9;0;0;40;-1
19;9;1;1;40;-1
45;13;0;1;40;-1
34;10;0;1;40;-1
70;10;0;0;80;-1
32;14;0;0;60;-1
33;11;0;1;40;-1
24;13;0;1;40;-1
30;13;0;1;15;-1
22;10;1;0;25;-1
55;11;0;1;20;-1
29;9;0;1;40;-1
62;9;0;0;16;-1
22;9;0;1;40;-1
64;5;0;0;40;-1
29;13;0;0;50;-1
28;10;0;0;40;-1
25;9;0;0;40;-1
26;13;0;0;40;1
18;8;0;0;27;-1
48;13;0;1;50;1
36;9;1;0;40;-1
23;11;0;1;30;-1
41;9;0;0;40;-1
56;9;0;0;38;1
53;9;0;0;40;-1
26;10;0;1;40;-1
31;10;3;0;40;-1
46;10;0;0;40;-1
32;10;0;1;36;-1
43;9;0;0;60;-1
37;14;0;0;38;-1
22;9;0;0;50;-1
51;9;0;0;80;-1
47;10;1;1;40;1
40;9;0;0;40;-1
46;10;0;0;40;-1
23;10;0;1;20;-1
30;10;0;1;40;-1
27;9;0;0;65;1
31;10;0;1;35;-1
31;2;0;0;40;-1
30;9;0;0;40;-1
50;13;0;0;40;1
27;13;0;1;50;-1
22;10;0;1;16;-1
29;9;0;0;50;1
28;9;0;0;60;-1
54;13;1;1;45;1
47;11;0;0;48;1
34;9;0;1;40;-1
26;10;0;0;40;-1
53;4;0;0;35;-1
23;10;0;0;60;-1
42;14;0;0;40;-1
36;9;0;0;50;-1
52;13;0;0;45;1
22;10;0;1;40;-1
27;14;0;1;40;-1
42;9;0;1;40;-1
49;9;0;0;40;1
20;1;0;0;32;-1
55;9;0;0;60;-1
47;5;0;0;40;-1
33;14;0;0;33;1
36;10;0;0;40;-1
39;16;0;1;80;-1
21;12;0;0;15;-1
48;12;0;0;45;-1
30;11;0;0;45;-1
24;9;0;0;50;-1
57;9;0;1;38;-1
20;10;0;0;60;-1
36;9;0;1;40;1
44;6;0;0;40;1
57;9;1;0;52;-1
33;9;0;0;40;-1
61;4;0;0;40;1
28;9;0;0;40;-1
60;12;0;1;40;-1
36;11;0;0;40;1
58;9;0;1;35;1
50;10;0;0;38;-1
23;13;0;1;12;-1
30;9;0;0;40;-1
20;7;0;0;40;-1
49;13;0;1;50;-1
34;16;0;0;40;1
37;9;0;1;40;-1
25;6;1;1;50;-1
37;12;0;1;40;-1
47;9;0;0;40;-1
34;9;0;0;60;1
34;10;0;0;40;-1
39;10;0;0;40;-1
32;4;0;0;19;-1
24;9;0;1;30;-1
28;15;0;0;60;-1
69;9;0;1;9;-1
32;9;0;0;90;-1
58;9;0;1;40;1
47;9;0;0;75;1
35;9;0;0;50;1
24;10;0;0;20;-1
46;9;1;0;60;1
22;13;0;1;40;-1
36;14;0;1;40;-1
31;13;0;0;40;1
23;13;2;0;30;-1
35;10;1;1;40;-1
35;13;0;1;40;-1
18;7;0;0;16;-1
43;5;0;1;40;-1
53;9;0;0;40;-1
54;10;0;0;52;-1
29;9;0;1;40;-1
46;12;0;1;47;-1
24;10;2;0;30;-1
30;10;2;1;40;-1
23;10;0;1;6;-1
27;13;3;1;6;-1
36;9;0;0;40;-1
38;13;0;0;35;-1
33;14;0;0;15;-1
66;10;0;0;40;-1
45;9;0;0;40;-1
68;9;0;1;12;-1
17;6;0;1;10;-1
31;9;2;0;40;1
46;13;0;0;55;1
40;13;0;0;40;-1
34;10;0;0;40;-1
56;6;0;0;45;-1
42;10;1;1;41;-1
46;14;0;0;55;1
30;9;0;0;50;-1
33;13;0;0;40;1
47;9;0;1;40;-1
57;12;2;0;40;-1
34;7;0;0;40;-1
40;9;0;0;40;-1
33;9;0;0;40;1
22;9;0;0;40;-1
29;8;1;1;35;-1
36;9;2;1;40;-1
36;10;0;1;40;-1
18;9;0;0;11;-1
27;9;0;1;40;-1
30;9;0;0;40;-1
34;13;0;0;40;1
36;13;0;0;40;1
36;4;0;0;75;-1
48;14;0;0;40;-1
21;3;0;1;40;-1
47;14;0;0;38;1
41;2;0;0;40;-1
61;2;0;0;20;-1
64;4;0;0;40;-1
35;10;1;0;40;-1
44;9;0;0;50;-1
20;10;0;1;20;-1
23;10;0;1;70;-1
52;6;0;1;35;-1
43;14;0;1;25;-1
32;13;2;0;40;-1
63;13;2;0;40;-1
29;10;0;1;41;1
42;10;2;0;60;-1
65;6;0;1;28;-1
24;9;0;0;40;-1
42;10;0;1;40;-1
35;9;1;0;40;-1
40;13;0;0;40;1
38;10;0;1;40;-1
26;9;0;1;50;-1
39;10;0;1;20;-1
29;13;0;0;50;-1
42;16;0;0;36;1
36;13;0;0;45;1
26;10;0;0;45;-1
55;9;1;0;40;-1
35;10;0;0;55;1
41;9;1;1;40;-1
24;10;0;1;30;-1
47;9;0;0;40;-1
34;10;0;0;60;1
44;13;1;0;35;1
18;9;0;1;20;-1
27;13;0;0;35;-1
36;13;0;1;50;-1
21;13;0;0;30;-1
29;9;3;0;55;-1
25;9;0;0;40;-1
73;9;0;0;50;-1
45;11;0;0;40;1
28;13;0;1;50;1
43;13;0;0;50;-1
47;9;0;0;42;-1
20;10;0;1;15;-1
22;10;0;0;20;-1
76;4;0;0;10;-1
24;10;1;0;40;-1
54;10;0;0;50;-1
30;10;0;0;40;1
33;10;0;0;58;-1
30;10;0;0;50;-1
40;12;0;0;50;1
27;10;0;0;30;-1
49;11;0;1;40;-1
30;9;0;0;40;-1
22;9;3;1;40;-1
19;9;0;0;58;-1
46;9;0;0;40;-1
51;9;0;0;50;-1
56;4;3;1;40;-1
53;10;0;1;40;-1
60;11;0;1;40;-1
27;13;0;1;40;-1
46;10;0;1;45;-1
37;9;0;0;40;1
41;13;2;0;30;-1
65;11;0;0;50;1
30;10;0;1;55;1
57;9;0;0;72;-1
44;10;0;0;50;-1
27;9;0;0;40;-1
57;10;0;1;40;-1
59;13;0;0;30;-1
22;13;0;1;30;-1
39;9;0;1;40;-1
38;13;1;0;50;1
61;5;0;0;25;-1
24;10;0;0;43;-1
25;10;0;0;45;-1
44;11;0;0;40;-1
55;9;0;1;40;1
30;9;0;1;35;-1
44;9;0;0;40;1
36;6;1;0;40;-1
63;10;0;0;45;1
60;3;0;0;40;-1
34;15;0;1;60;1
49;7;0;0;65;-1
47;14;0;0;65;1
42;9;0;0;43;1
53;3;0;0;45;-1
28;11;0;1;40;-1
20;10;1;0;35;-1
43;13;0;0;44;1
31;9;0;0;60;-1
29;9;0;1;40;-1
24;10;2;0;20;-1
39;11;2;0;40;-1
29;10;1;0;40;1
20;3;0;0;25;-1
23;10;0;0;40;-1
42;7;0;1;38;-1
53;9;0;0;40;-1
20;9;0;0;48;-1
51;9;0;0;40;-1
25;9;0;0;48;-1
38;12;0;1;36;-1
41;10;0;0;40;1
58;13;0;0;40;1
25;6;0;0;40;-1
50;9;0;0;40;-1
32;13;0;0;45;1
31;16;0;0;40;-1
22;10;0;1;20;-1
37;9;0;0;40;-1
32;10;0;1;40;-1
62;9;0;0;40;1
40;9;3;0;40;-1
37;10;2;1;40;1
41;2;0;0;40;-1
56;4;0;0;48;-1
20;10;0;0;30;-1
34;13;0;0;60;1
45;9;0;0;50;1
30;10;0;0;40;1
51;9;0;0;45;1
27;7;0;0;42;-1
38;11;0;0;40;1
39;10;0;0;50;-1
57;13;0;0;8;-1
47;10;0;0;50;1
77;9;0;0;15;-1
43;9;0;0;40;1
46;9;0;0;65;-1
41;10;0;0;40;1
20;9;0;1;30;-1
30;6;0;0;40;-1
30;9;1;0;25;-1
22;10;0;0;35;-1
25;9;0;0;44;1
18;9;0;1;22;-1
28;9;1;1;48;-1
21;10;0;1;40;-1
37;11;0;0;40;-1
28;13;1;1;40;-1
23;3;0;0;35;-1
32;11;1;1;35;-1
27;8;0;0;50;-1
55;9;1;1;40;-1
44;9;0;0;40;1
25;13;0;0;40;-1
29;9;0;1;32;-1
50;9;0;1;55;-1
18;9;0;0;40;-1
74;13;0;1;8;-1
22;5;0;0;40;-1
27;13;0;0;40;-1
27;10;0;1;80;-1
23;9;0;1;40;-1
46;13;0;0;40;1
32;15;0;0;60;-1
41;9;3;0;40;-1
29;11;0;0;40;1
48;5;2;1;45;-1
51;9;1;0;40;-1
34;8;1;1;40;-1
58;13;0;0;45;1
52;9;0;0;40;-1
53;10;0;1;40;-1
54;11;0;0;20;-1
36;9;0;0;60;-1
25;11;0;1;60;-1
20;10;0;1;48;-1
23;12;0;0;40;-1
39;13;0;0;60;1
20;6;0;0;40;-1
28;11;1;0;40;-1
73;9;0;1;40;-1
67;9;0;0;24;-1
56;13;0;0;45;1
32;11;0;0;40;-1
33;9;1;0;40;-1
37;9;0;0;40;-1
33;10;0;0;45;-1
31;6;0;1;40;-1
59;14;0;0;40;1
21;9;0;0;40;-1
58;10;0;0;50;1
24;6;0;0;40;-1
26;10;0;0;40;-1
26;7;0;0;40;-1
33;14;0;1;40;-1
25;13;0;0;40;-1
21;6;0;0;50;-1
24;9;0;0;40;-1
39;12;0;1;40;1
68;10;0;1;40;-1
66;10;0;1;20;-1
38;13;0;0;40;-1
41;14;0;0;50;1
71;4;0;1;16;-1
37;9;0;0;40;-1
27;13;0;0;40;-1
49;13;0;1;40;-1
19;10;0;0;10;-1
25;10;0;0;50;-1
47;10;1;0;40;1
40;10;0;0;40;-1
25;9;0;0;40;-1
25;10;0;1;50;-1
23;6;3;0;40;-1
28;14;0;1;40;-1
29;9;0;0;40;-1
32;7;0;0;40;-1
34;9;1;1;40;-1
52;13;1;0;40;1
33;9;0;0;94;-1
19;10;0;0;35;-1
41;6;0;0;50;-1
18;9;2;1;30;-1
40;14;0;0;50;1
51;14;0;0;60;1
49;10;0;0;40;-1
20;10;0;1;20;-1
38;9;0;0;50;1
57;3;0;0;40;-1
66;7;0;0;26;-1
27;13;0;0;15;-1
25;11;0;1;40;-1
19;6;0;1;35;-1
59;4;0;0;48;-1
25;13;0;0;40;-1
37;14;0;0;55;1
75;6;2;1;1;-1
21;9;0;1;40;-1
47;9;0;0;40;1
32;9;0;0;40;-1
28;9;0;1;20;-1
53;9;0;0;40;-1
19;9;3;0;30;-1
58;10;0;1;36;-1
22;9;0;1;30;-1
23;7;0;0;55;-1
36;9;0;0;70;-1
39;10;0;1;15;-1
34;13;0;1;40;-1
41;14;0;1;40;-1
34;9;0;1;40;1
32;11;0;0;40;-1
38;10;0;1;40;1
37;10;0;0;40;-1
21;10;1;0;20;-1
21;10;0;1;10;-1
26;10;0;0;40;-1
18;10;0;1;15;-1
27;7;0;1;45;-1
20;10;0;1;38;-1
36;11;0;0;40;1
31;13;0;0;40;-1
32;13;0;0;60;1
54;9;0;0;44;1
34;14;0;1;40;-1
46;10;0;0;48;1
33;7;0;0;30;-1
42;11;0;0;40;-1
30;9;0;0;50;-1
37;10;0;0;40;1
28;9;0;0;40;-1
44;10;0;0;40;1
40;9;0;0;40;-1
36;10;0;0;45;-1
21;10;0;0;40;-1
39;16;0;0;50;1
24;13;0;0;39;-1
46;9;2;0;40;-1
47;13;0;0;36;1
35;15;0;0;75;1
60;4;0;0;40;1
35;13;0;1;24;-1
33;9;0;1;40;-1
21;12;0;1;40;-1
37;13;0;0;50;1
48;9;1;0;50;1
58;4;0;1;45;-1
21;9;0;1;40;-1
22;9;0;0;40;-1
22;9;0;1;40;-1
28;14;0;1;30;1
23;9;0;0;40;-1
58;9;1;0;40;1
24;13;0;0;40;-1
38;13;2;0;40;-1
49;9;0;0;15;-1
47;13;0;0;45;1
21;9;0;1;55;-1
55;9;0;1;40;-1
47;7;0;0;40;-1
19;9;0;1;40;-1
47;9;0;0;50;-1
36;7;0;0;40;-1
42;9;2;1;40;-1
32;9;0;0;50;-1
34;6;1;1;40;-1
33;4;0;0;40;-1
60;13;0;0;40;1
53;9;0;0;40;-1
24;13;0;1;50;-1
23;10;0;0;40;-1
36;9;0;1;40;-1
26;9;0;1;40;-1
38;9;1;0;40;1
22;10;0;1;18;-1
39;9;0;0;40;-1
38;10;1;1;45;-1
19;9;1;1;16;-1
26;9;0;0;45;-1
52;13;0;0;25;-1
45;9;0;1;40;-1
58;10;0;0;40;1
34;13;0;0;45;-1
36;9;0;0;40;-1
19;9;0;0;20;-1
26;7;0;1;40;-1
60;6;0;0;40;-1
35;9;0;0;50;-1
39;6;0;1;60;-1
27;9;0;1;40;-1
26;14;0;0;40;-1
17;8;0;0;12;-1
59;9;0;0;40;1
53;9;2;0;48;-1
35;7;0;0;40;-1
34;10;0;0;40;1
36;9;0;0;45;1
36;9;0;0;40;-1
21;9;0;0;40;-1
29;10;0;1;40;-1
35;13;0;0;50;1
59;13;0;0;40;1
50;14;0;0;50;-1
24;13;3;1;40;-1
36;13;0;1;40;-1
42;10;0;0;40;-1
38;4;0;1;40;-1
52;9;0;0;40;-1
46;6;0;0;40;-1
23;10;0;0;60;-1
54;3;0;0;51;-1
27;9;1;1;40;-1
42;13;0;1;50;-1
33;9;0;0;40;-1
19;12;0;1;50;-1
54;9;0;1;32;-1
19;10;0;0;60;-1
45;9;0;1;40;-1
36;13;0;0;70;-1
35;12;0;0;40;-1
47;10;0;1;36;-1
33;13;0;0;40;-1
48;13;0;0;40;-1
42;9;1;1;40;-1
19;10;0;0;24;-1
64;13;0;0;40;-1
51;13;0;0;8;-1
20;9;0;0;20;-1
28;9;0;0;40;-1
29;10;0;0;45;-1
51;13;0;0;40;-1
52;10;0;0;40;-1
50;9;0;0;40;1
25;10;0;0;30;-1
36;12;1;1;40;-1
44;10;0;1;60;-1
47;6;1;0;45;-1
32;9;0;0;40;-1
37;14;2;0;40;-1
34;9;0;0;60;-1
35;10;0;0;50;1
26;10;0;0;3;-1
49;13;0;0;50;-1
63;13;0;0;30;1
46;13;0;0;25;-1
31;10;1;0;40;-1
22;11;0;0;30;-1
20;10;0;1;12;-1
52;16;0;0;40;1
26;10;1;1;40;-1
34;13;0;0;50;1
31;5;0;0;40;-1
46;9;0;1;30;-1
22;4;0;0;40;-1
38;11;0;0;40;-1
35;9;0;0;40;-1
27;10;0;0;40;-1
27;12;0;0;40;-1
46;10;0;1;40;-1
40;9;0;1;4;-1
19;10;0;0;10;-1
69;9;0;0;60;1
20;10;0;0;35;-1
34;13;0;0;60;-1
49;14;0;0;45;1
27;10;3;0;50;-1
59;10;0;1;14;1
21;10;0;1;15;-1
51;11;0;1;40;-1
64;7;0;0;40;-1
41;16;0;0;40;1
18;8;2;1;24;-1
49;14;0;0;40;-1
51;9;1;0;40;-1
20;10;0;1;20;-1
69;9;0;0;48;-1
18;9;0;1;35;-1
43;9;0;0;50;-1
50;9;1;1;44;-1
32;9;0;0;40;-1
27;9;0;0;40;-1
38;9;0;0;40;-1
62;9;0;0;40;1
46;9;0;0;44;-1
19;10;0;1;40;-1
17;6;0;0;40;-1
21;9;0;1;40;-1
36;13;0;1;50;-1
36;8;0;0;40;-1
23;9;2;0;40;-1
58;13;0;0;40;1
40;13;0;0;45;-1
66;7;0;0;20;-1
42;9;0;0;40;-1
55;10;0;1;40;-1
25;9;0;0;40;-1
39;10;1;1;40;-1
20;9;0;0;40;-1
32;9;0;0;54;-1
28;13;0;0;65;-1
23;12;0;1;40;-1
18;9;0;0;25;-1
43;9;0;0;35;1
29;9;0;0;40;-1
32;10;0;0;46;-1
31;9;0;0;40;-1
60;3;0;0;40;-1
42;10;0;0;50;-1
46;14;0;0;50;1
38;9;0;0;40;1
18;7;0;1;19;-1
31;9;0;1;40;-1
27;9;0;0;80;-1
50;13;0;0;45;1
38;4;0;0;56;-1
36;14;0;1;40;-1
25;9;0;0;40;-1
19;9;0;0;25;-1
60;10;2;0;60;-1
45;5;0;0;40;-1
38;9;0;0;50;-1
22;10;0;0;40;-1
19;9;1;0;32;-1
23;10;0;0;40;-1
24;10;0;1;30;-1
30;12;0;0;52;-1
62;10;0;0;40;-1
26;15;0;0;20;-1
42;13;0;0;52;1
33;9;0;0;40;-1
54;16;0;0;50;1
35;13;0;1;32;-1
33;9;0;0;40;-1
45;9;0;1;55;-1
62;13;0;1;30;1
24;9;0;0;40;-1
50;10;1;1;40;-1
54;13;0;0;40;1
58;4;0;0;40;-1
39;9;0;0;50;-1
32;9;0;0;40;-1
27;13;0;0;40;-1
20;10;0;0;60;-1
64;4;0;0;40;-1
55;14;0;1;40;-1
46;9;0;1;43;-1
45;10;0;0;55;-1
26;9;0;0;40;-1
36;9;0;0;40;-1
39;13;0;0;45;-1
47;9;2;1;45;-1
35;14;0;0;48;-1
38;9;0;0;40;-1
50;7;0;0;40;-1
36;9;0;1;38;-1
28;3;0;0;40;-1
44;9;0;1;45;-1
40;9;0;1;40;-1
55;10;0;0;40;1
29;9;0;0;45;-1
33;9;0;0;45;-1
19;10;0;1;30;-1
45;14;1;0;10;1
23;9;0;0;25;-1
31;11;1;0;40;-1
22;10;2;1;40;-1
59;9;1;0;40;-1
32;10;0;0;38;-1
49;10;0;1;40;-1
22;10;0;0;30;-1
26;10;0;0;30;-1
23;10;2;0;40;-1
55;10;0;1;50;-1
47;9;0;0;49;1
44;9;0;0;40;-1
27;10;0;0;24;-1
32;13;0;1;8;1
20;10;2;0;40;-1
84;9;0;1;33;-1
40;10;0;0;50;-1
37;13;0;1;40;-1
47;10;0;1;40;-1
62;10;0;0;25;-1
19;10;0;1;40;-1
47;9;0;0;45;-1
44;9;1;0;40;-1
26;13;0;0;41;-1
36;10;0;0;40;-1
52;7;0;0;40;-1
33;10;0;1;40;-1
48;9;0;0;40;-1
33;9;1;0;40;-1
25;13;0;0;20;-1
62;13;0;0;40;-1
38;10;0;0;40;-1
46;9;0;0;65;-1
18;10;0;1;40;-1
46;13;0;0;44;1
38;9;0;1;70;-1
52;10;0;0;40;1
63;4;0;0;15;-1
49;10;0;0;43;-1
17;7;0;1;12;-1
33;9;0;1;35;-1
19;10;0;1;15;-1
27;9;0;1;40;1
61;10;0;0;40;-1
33;13;0;0;25;1
29;6;0;1;40;-1
43;9;0;0;38;1
24;9;0;0;40;-1
29;10;0;0;60;-1
61;9;1;1;17;-1
48;7;0;1;34;-1
19;10;0;0;20;-1
30;10;0;1;40;-1
24;10;0;0;30;-1
39;14;0;1;43;-1
40;9;0;0;72;1
27;13;0;1;40;-1
25;14;0;1;40;-1
58;13;0;0;45;-1
33;9;0;1;42;1
40;9;0;1;25;-1
40;14;0;0;70;1
31;9;0;0;40;-1
33;9;2;1;48;-1
49;12;0;0;45;-1
24;11;0;0;40;-1
46;9;0;0;40;-1
58;14;0;0;40;1
20;10;0;1;20;-1
65;9;0;0;40;-1
43;10;0;1;40;-1
48;14;2;0;50;-1
41;10;0;0;54;-1
27;10;0;1;30;-1
52;10;0;0;12;-1
26;9;2;0;60;-1
52;9;0;0;40;-1
52;10;0;1;38;-1
19;9;1;0;30;-1
39;10;0;1;45;-1
47;10;0;1;40;-1
27;9;3;0;40;-1
48;10;0;0;40;-1
50;9;0;1;35;-1
60;10;0;0;60;-1
28;12;0;0;45;1
47;9;1;1;40;-1
69;13;0;0;20;-1
40;9;2;0;66;-1
41;14;0;0;40;-1
38;9;2;0;48;-1
46;11;3;1;30;-1
21;10;0;0;30;-1
44;14;0;1;48;-1
38;6;0;0;35;-1
47;10;0;1;35;1
42;10;0;0;40;-1
56;13;0;1;45;1
32;13;0;0;40;-1
24;13;0;0;33;-1
26;10;0;0;40;-1
49;7;0;0;60;-1
65;9;0;0;40;1
73;4;2;1;40;-1
34;7;0;0;40;-1
22;13;0;1;40;-1
49;10;0;1;30;-1
25;7;1;1;32;-1
39;5;0;0;25;-1
19;7;0;0;56;-1
24;6;0;1;40;-1
34;9;0;1;35;-1
35;9;0;1;38;-1
21;9;0;0;40;-1
43;14;0;1;40;-1
35;13;2;0;28;-1
39;10;1;1;40;-1
48;13;0;0;80;1
33;12;1;0;32;-1
19;10;0;1;26;-1
17;6;0;1;12;-1
43;10;0;0;50;-1
62;9;0;1;42;-1
53;14;1;1;40;1
45;14;0;0;60;1
47;9;1;1;40;-1
30;10;1;1;40;-1
53;9;0;1;33;-1
24;9;1;1;40;-1
41;10;0;0;40;-1
58;3;1;1;40;-1
63;9;0;1;38;-1
50;10;0;0;28;-1
29;10;0;0;60;-1
55;9;0;0;40;-1
36;9;0;0;45;-1
23;9;0;0;40;-1
58;10;0;0;45;-1
25;7;1;1;40;-1
40;9;0;1;30;-1
38;11;0;1;39;-1
37;13;0;0;40;1
19;10;0;1;35;-1
55;6;0;0;29;-1
28;13;0;0;45;-1
53;9;0;0;40;-1
32;9;0;0;40;-1
32;10;0;1;38;-1
34;9;0;0;50;-1
49;10;0;0;45;1
21;10;0;1;30;-1
24;13;1;1;20;-1
29;11;0;0;40;-1
34;13;0;1;40;-1
52;15;2;1;40;-1
41;3;0;1;40;-1
21;9;0;1;40;-1
43;14;0;0;35;1
31;9;0;0;40;-1
62;13;0;0;30;-1
51;4;2;1;40;-1
30;9;1;1;25;-1
24;13;0;0;40;-1
36;9;0;0;40;-1
57;6;0;0;40;-1
46;13;0;0;55;1
33;16;0;0;40;-1
42;10;0;0;45;-1
62;9;0;0;40;-1
64;10;0;0;20;-1
18;10;0;1;25;-1
43;3;0;0;35;-1
62;4;0;1;66;-1
29;12;0;0;50;-1
43;13;1;0;40;1
69;13;0;0;40;-1
34;13;0;1;40;-1
25;13;0;0;30;-1
47;10;0;0;40;-1
17;6;0;0;8;-1
41;13;0;0;65;-1
19;10;0;0;20;-1
57;2;3;0;40;-1
25;9;1;0;35;-1
37;10;0;0;40;1
29;11;0;0;40;-1
32;10;0;0;35;-1
35;15;0;0;45;1
52;8;0;0;40;-1
29;9;0;1;38;-1
23;14;0;1;36;-1
31;7;0;0;40;-1
40;9;0;0;50;-1
19;9;0;1;20;-1
21;10;0;0;10;-1
64;9;0;1;35;-1
37;11;0;1;43;-1
22;6;2;0;30;-1
29;9;2;0;40;-1
37;9;0;0;40;-1
29;13;0;0;40;-1
38;7;0;0;65;-1
27;9;0;0;50;-1
58;13;0;0;35;1
60;10;0;1;35;-1
20;10;0;0;25;-1
51;10;0;0;40;1
37;5;0;0;65;-1
22;8;0;0;50;1
56;6;0;0;60;-1
19;10;0;1;25;-1
37;11;0;1;30;-1
27;10;0;1;40;-1
27;9;2;0;20;-1
52;10;0;0;50;-1
45;9;1;1;40;-1
28;10;2;0;40;-1
20;9;0;1;40;-1
28;14;0;1;50;-1
44;11;1;0;40;-1
30;13;0;0;40;-1
26;12;1;1;8;-1
55;14;0;0;18;-1
46;9;0;1;40;-1
51;13;0;0;50;-1
25;13;0;1;40;-1
43;9;0;0;40;-1
19;9;0;1;28;-1
36;9;0;0;40;-1
36;10;0;0;40;-1
48;13;2;1;40;-1
30;7;0;0;40;-1
24;13;0;0;44;1
30;9;0;1;36;-1
62;13;0;0;40;-1
49;15;0;0;85;1
36;9;0;0;50;-1
49;14;0;1;40;-1
52;10;0;0;40;-1
52;12;0;0;40;1
26;9;0;0;53;-1
51;9;0;0;40;-1
18;6;0;0;20;-1
30;9;0;0;40;-1
46;9;0;0;20;-1
28;9;1;1;40;-1
62;10;0;1;38;1
69;9;0;1;24;-1
78;14;2;0;40;-1
61;10;0;0;45;1
24;13;0;1;40;-1
29;10;0;1;40;-1
36;13;3;0;45;-1
17;6;0;0;40;-1
27;9;1;0;80;1
64;9;0;0;40;-1
33;9;0;0;55;-1
32;8;0;0;40;-1
19;10;0;1;20;-1
42;7;0;0;40;-1
24;13;0;1;15;-1
23;9;1;0;45;-1
44;15;0;0;29;1
44;12;0;1;56;1
44;3;0;0;40;-1
38;9;0;0;44;-1
36;5;0;1;40;-1
29;2;0;0;20;-1
46;12;0;1;25;-1
47;9;0;0;40;-1
27;13;0;0;45;-1
43;9;0;1;50;-1
44;15;0;0;40;1
31;10;0;0;60;-1
36;10;0;1;40;-1
78;4;0;1;35;-1
24;10;0;0;40;-1
39;10;0;1;40;-1
21;12;0;0;40;-1
34;9;0;0;40;1
22;10;0;1;32;-1
36;10;0;1;40;-1
61;10;0;0;40;1
67;5;0;0;15;-1
42;10;1;1;21;-1
49;11;2;0;40;1
58;11;0;0;40;-1
37;10;0;0;60;-1
25;10;1;1;40;-1
45;3;0;0;40;1
30;13;0;0;40;-1
49;10;0;0;35;-1
23;9;0;0;65;-1
51;10;1;1;35;-1
55;9;0;0;60;-1
35;13;0;0;50;-1
45;14;0;0;40;-1
36;13;0;0;48;1
32;9;0;0;40;-1
39;9;0;0;55;-1
47;10;0;0;40;-1
49;10;0;0;45;1
44;10;1;0;40;-1
36;10;0;0;50;1
40;10;1;1;30;-1
17;6;0;1;6;-1
18;9;0;1;38;-1
30;10;0;1;25;-1
66;9;0;1;50;-1
59;13;0;0;50;-1
30;9;1;0;40;-1
50;9;0;0;50;-1
24;9;0;1;25;-1
28;15;2;0;99;-1
44;14;0;1;40;1
25;11;0;0;40;-1
45;14;0;0;50;1
20;9;0;0;40;-1
67;11;0;1;40;-1
40;15;0;0;45;1
52;9;0;0;40;-1
34;16;0;0;50;1
37;12;0;0;45;1
17;6;0;0;4;-1
25;11;0;1;42;1
35;13;0;0;40;-1
63;14;0;1;40;1
38;10;2;1;40;-1
33;13;0;0;60;1
51;14;0;1;40;1
64;16;0;0;50;1
50;10;0;0;40;-1
18;6;0;0;56;-1
67;14;0;0;99;-1
46;9;0;0;40;-1
60;13;0;0;50;-1
29;9;0;1;40;-1
30;10;1;1;40;-1
29;9;0;1;40;1
37;13;1;1;27;-1
55;2;0;1;30;-1
24;9;0;1;30;-1
21;9;0;0;35;-1
46;13;0;0;70;1
25;8;3;0;40;-1
40;9;0;0;28;-1
23;10;0;1;40;-1
43;10;1;0;30;-1
59;6;2;1;40;-1
18;10;1;0;35;-1
28;9;0;0;32;-1
17;7;0;1;15;-1
53;9;0;0;40;1
22;3;0;1;40;-1
63;9;0;0;40;-1
32;14;0;1;45;1
40;9;1;1;35;-1
61;15;0;0;50;1
43;13;2;0;50;-1
48;10;0;0;40;-1
56;13;0;1;40;-1
51;9;0;0;40;-1
34;10;0;0;40;-1
61;14;0;0;40;1
37;10;0;0;44;1
34;10;3;0;40;-1
23;10;0;1;25;-1
63;14;0;0;40;1
63;9;1;1;11;-1
55;9;0;1;50;1
31;13;1;0;48;-1
27;10;0;0;40;-1
28;10;0;0;48;-1
52;4;0;1;64;-1
31;9;1;0;50;-1
53;10;0;1;38;-1
43;10;0;1;50;-1
43;9;1;0;40;-1
50;14;0;0;80;1
68;9;0;0;35;-1
37;7;0;0;40;-1
26;9;0;0;40;-1
22;7;0;1;40;-1
22;10;0;0;55;-1
30;10;0;0;40;-1
24;9;0;1;55;-1
30;9;0;0;40;-1
50;13;0;0;40;1
29;9;0;0;40;-1
21;11;0;0;40;-1
65;10;0;1;24;-1
43;9;0;0;45;1
29;13;0;1;24;-1
32;13;0;0;45;-1
37;12;0;0;65;1
64;9;0;0;16;-1
49;10;0;0;40;1
44;13;0;0;40;1
35;10;0;0;36;-1
53;10;0;1;43;-1
24;11;2;0;50;-1
31;10;0;1;40;-1
25;10;0;0;38;-1
36;9;0;0;45;-1
29;10;0;0;60;-1
37;9;0;0;50;1
42;16;0;1;45;-1
30;9;0;1;40;-1
32;10;0;0;70;-1
44;9;0;0;40;1
19;9;0;0;40;-1
22;9;0;0;48;-1
51;5;0;0;50;1
69;9;0;0;16;-1
73;7;0;0;8;-1
18;7;0;1;20;-1
33;9;0;0;40;-1
22;10;0;1;55;-1
33;13;0;1;45;1
20;10;0;1;40;-1
28;10;0;0;40;-1
25;9;0;1;40;-1
27;9;0;0;48;-1
22;9;0;0;40;-1
67;9;0;0;35;-1
31;9;0;0;40;-1
36;10;0;1;25;-1
43;15;2;0;50;1
33;13;0;1;40;-1
37;9;0;1;35;1
27;9;1;0;60;-1
36;10;0;0;40;-1
33;12;0;1;45;-1
48;13;0;1;56;1
25;9;0;0;45;-1
41;9;0;0;10;-1
26;9;0;0;40;-1
23;10;1;1;40;-1
30;14;2;0;17;-1
67;9;0;1;20;-1
32;9;0;0;55;1
48;9;0;0;60;1
51;9;0;1;24;-1
39;14;2;0;40;-1
40;13;0;0;60;-1
40;9;1;0;40;1
19;9;0;0;40;-1
28;9;0;1;36;-1
47;13;0;0;60;1
20;10;0;1;20;-1
29;10;2;1;40;-1
40;13;0;0;50;1
61;9;0;1;40;-1
25;7;0;0;40;-1
26;9;0;0;40;-1
43;13;0;1;40;-1
17;4;0;0;45;-1
46;10;0;1;40;-1
19;10;0;0;20;-1
37;9;0;0;40;-1
26;10;0;0;40;-1
47;14;0;0;40;-1
29;13;0;0;40;-1
29;9;0;1;40;-1
33;13;0;0;55;-1
20;9;0;0;40;-1
28;6;3;1;48;-1
26;13;0;0;45;-1
41;14;0;0;40;-1
67;4;0;0;40;-1
43;13;0;0;50;-1
35;5;0;0;46;-1
18;8;0;1;25;-1
55;10;0;0;40;-1
44;9;1;1;40;-1
64;9;0;1;15;-1
34;11;0;0;75;-1
38;10;0;0;60;1
25;9;0;1;8;-1
21;10;1;0;40;-1
37;2;0;0;53;-1
39;10;0;1;40;-1
34;10;0;1;50;-1
23;13;0;1;45;-1
54;10;0;0;40;1
49;14;0;0;70;1
25;9;0;1;40;-1
51;12;0;0;50;-1
29;9;0;0;35;-1
27;13;1;1;48;-1
53;9;0;1;40;-1
68;13;0;0;55;1
56;9;0;0;40;1
30;16;0;0;40;-1
24;9;2;1;48;-1
70;5;0;1;25;-1
24;10;0;1;40;-1
74;12;0;1;20;-1
23;10;0;1;25;-1
41;14;0;0;55;-1
45;9;0;1;19;-1
35;9;0;0;40;-1
21;9;0;0;40;-1
45;7;1;1;25;-1
18;7;0;1;30;-1
49;13;0;0;25;-1
49;11;0;1;36;-1
45;13;0;0;37;-1
27;9;2;0;40;-1
28;10;2;0;40;-1
35;13;0;0;45;1
33;10;0;0;40;-1
35;7;0;0;35;-1
19;9;0;0;40;-1
33;10;0;1;28;-1
49;10;0;1;40;-1
39;10;0;0;25;-1
22;9;0;1;40;-1
42;6;0;0;40;-1
22;10;0;0;40;-1
18;9;0;0;40;-1
33;16;0;0;40;1
28;9;0;0;45;-1
42;4;0;0;35;-1
50;10;0;0;48;-1
32;10;0;0;40;1
31;9;0;1;40;-1
29;11;1;0;40;-1
46;10;0;0;40;-1
32;16;0;0;77;-1
61;9;0;1;24;-1
43;7;0;0;55;-1
35;9;0;1;40;-1
39;13;0;0;40;-1
18;7;0;0;35;-1
42;10;0;0;60;-1
23;13;0;1;40;-1
32;13;0;0;45;-1
52;9;0;0;85;1
36;12;0;0;40;1
38;10;0;0;50;1
23;12;0;0;40;-1
71;15;0;0;12;1
27;9;1;1;30;-1
56;9;0;0;60;-1
28;10;0;0;40;-1
45;9;0;0;40;-1
28;9;0;1;40;-1
28;10;0;0;40;-1
18;10;0;1;15;-1
62;4;0;0;40;-1
35;8;0;1;40;-1
39;6;0;0;60;-1
24;10;1;0;20;-1
58;5;1;0;40;-1
48;9;0;0;40;-1
57;13;0;0;50;1
31;13;0;0;60;-1
25;9;0;0;40;-1
29;4;0;0;72;-1
38;12;1;1;40;-1
21;10;0;1;40;-1
34;9;0;0;70;-1
50;13;0;1;32;-1
50;9;1;1;40;-1
49;11;1;1;45;-1
30;13;0;0;70;-1
29;14;2;0;20;-1
22;10;3;0;20;-1
42;9;0;0;50;-1
19;10;0;0;40;-1
31;10;0;1;48;-1
42;13;0;0;21;-1
20;10;0;0;20;-1
51;9;0;0;40;-1
50;6;0;0;40;1
27;5;0;0;40;-1
26;7;0;0;40;-1
61;9;0;0;40;1
20;10;0;0;40;-1
51;10;0;0;40;1
52;9;0;0;40;-1
33;9;0;0;38;-1
31;13;2;0;60;-1
24;10;0;1;40;-1
56;13;0;0;40;-1
19;10;0;0;40;-1
43;10;1;0;50;-1
21;9;0;0;40;-1
51;9;0;1;40;-1
20;7;0;1;39;-1
41;10;0;0;65;1
45;10;0;0;40;1
20;9;0;1;30;-1
28;13;0;1;60;1
47;13;0;0;40;-1
80;4;0;0;35;-1
47;9;0;1;35;-1
19;10;0;0;84;-1
45;9;0;0;50;-1
17;7;0;0;12;-1
37;9;0;0;50;-1
27;10;0;1;40;-1
17;8;0;0;16;-1
18;9;0;0;40;-1
57;9;0;0;40;-1
26;9;0;1;40;-1
26;14;0;1;40;-1
36;13;0;0;45;1
51;9;0;0;80;1
38;10;0;0;40;-1
77;3;0;0;20;-1
51;9;0;0;40;1
24;7;0;0;40;-1
35;9;0;0;65;-1
35;6;0;0;99;-1
28;13;0;0;40;1
37;9;0;0;40;-1
43;9;0;0;40;-1
23;9;0;0;30;-1
42;13;0;1;40;-1
58;10;0;1;40;1
52;9;1;1;20;-1
29;9;2;1;50;-1
27;10;0;0;60;-1
28;10;1;1;40;-1
28;9;0;0;40;-1
24;10;0;0;40;-1
20;6;0;0;40;-1
54;13;0;0;40;1
65;9;0;0;25;-1
18;10;0;0;30;-1
38;10;0;0;40;1
29;9;0;0;40;-1
27;9;1;1;40;-1
36;14;0;0;40;-1
55;9;0;0;40;-1
22;3;0;0;30;-1
28;13;0;1;40;-1
20;10;0;1;30;-1
68;9;0;0;40;-1
49;9;0;0;50;1
18;4;0;0;40;-1
50;16;0;1;60;1
37;8;1;1;40;-1
60;14;0;0;50;1
43;10;0;0;40;-1
43;16;0;1;70;1
17;7;0;1;9;-1
43;10;0;1;50;-1
39;10;0;0;26;-1
21;10;0;1;15;-1
42;16;0;0;7;-1
21;12;0;1;30;-1
28;12;2;0;40;1
39;9;0;0;40;1
38;12;0;0;40;-1
59;10;0;0;36;1
51;9;0;0;40;-1
19;9;0;0;16;-1
23;9;0;1;40;-1
31;13;0;1;40;-1
42;12;1;0;40;-1
43;9;0;0;40;1
45;10;0;0;55;1
34;10;0;0;35;-1
21;9;0;0;30;-1
34;10;0;0;40;1
55;10;0;0;40;1
30;11;0;1;40;-1
19;10;0;1;20;-1
45;13;0;0;35;-1
42;13;2;0;72;1
90;10;0;0;40;-1
44;13;0;0;44;1
34;9;0;0;40;1
35;8;0;1;30;-1
39;10;0;0;25;-1
29;13;1;0;40;-1
24;9;0;1;32;-1
49;10;0;0;17;-1
52;10;2;0;40;1
31;5;0;0;40;-1
44;10;0;1;50;-1
18;10;0;1;30;-1
27;9;0;0;40;-1
24;9;0;0;40;-1
30;9;0;0;60;-1
27;10;0;1;40;-1
34;13;0;0;20;-1
25;10;0;1;19;-1
39;9;0;1;40;-1
28;10;0;0;40;1
51;9;0;0;70;-1
21;9;0;1;35;-1
33;10;2;0;26;-1
27;11;0;1;38;-1
29;9;0;0;40;-1
33;6;0;0;40;-1
37;9;0;0;50;1
20;9;0;0;40;-1
24;13;0;1;40;-1
29;9;0;1;35;-1
41;10;0;0;40;-1
42;10;0;0;40;-1
20;10;0;1;30;-1
54;5;0;0;40;-1
55;13;0;1;55;-1
21;9;0;0;32;-1
19;9;0;0;40;-1
33;11;1;0;40;-1
22;9;1;1;35;-1
17;6;0;0;40;-1
31;8;0;0;32;-1
74;9;0;0;40;1
45;6;1;1;40;-1
36;9;0;1;40;-1
35;10;0;0;60;-1
45;10;0;0;40;-1
42;9;0;0;85;-1
50;14;0;1;40;-1
39;9;0;1;40;-1
52;2;0;0;56;1
24;13;0;0;43;-1
56;5;0;0;99;-1
27;9;0;0;50;1
38;9;0;0;40;-1
27;11;0;1;40;-1
52;9;0;1;38;-1
22;9;0;0;40;-1
41;10;0;0;40;-1
30;9;0;1;20;-1
55;13;2;0;35;-1
32;13;0;0;40;-1
28;10;0;1;60;-1
33;9;0;0;50;-1
17;9;1;0;40;-1
27;9;0;0;40;-1
55;11;0;0;20;-1
63;10;0;0;18;1
67;4;0;0;40;-1
41;13;0;0;72;-1
54;14;0;0;45;1
59;6;1;0;40;1
18;9;0;1;25;-1
19;9;0;0;20;-1
31;9;0;0;50;-1
17;7;0;1;7;-1
37;10;0;1;30;-1
51;9;0;0;40;-1
23;9;0;0;40;-1
27;11;0;0;45;-1
25;9;0;0;40;-1
30;13;0;0;44;-1
33;9;0;0;35;-1
28;9;0;0;48;-1
45;3;0;0;40;-1
25;10;0;0;15;-1
37;11;0;0;45;1
59;1;0;0;40;-1
26;9;0;1;30;-1
48;10;0;1;25;-1
64;9;0;0;40;-1
39;13;0;0;50;-1
24;13;0;0;40;-1
40;14;0;1;35;-1
46;14;0;0;70;1
35;10;1;0;40;1
43;9;0;1;40;1
31;9;0;0;40;-1
22;10;0;1;25;-1
35;10;0;0;30;-1
35;9;0;0;50;-1
35;10;0;1;40;-1
40;15;0;0;40;1
50;14;0;1;40;-1
70;14;0;0;8;-1
46;9;0;1;40;-1
36;9;0;1;38;-1
37;13;0;0;36;1
24;5;0;0;45;-1
47;13;0;1;70;-1
35;9;0;0;50;-1
43;13;2;0;40;-1
18;7;0;0;20;-1
54;9;0;0;50;-1
62;9;1;1;38;-1
36;13;0;0;48;1
27;5;2;0;40;-1
23;10;2;0;14;-1
33;3;0;0;50;1
28;2;0;1;40;-1
22;9;0;0;20;-1
31;11;0;0;60;1
26;13;0;0;30;-1
44;13;0;0;50;1
73;13;0;0;30;-1
44;13;0;1;35;-1
35;11;0;0;45;-1
33;13;0;1;40;-1
27;13;0;1;40;-1
47;13;1;0;50;1
29;9;0;0;45;1
33;10;0;1;26;-1
50;10;0;1;15;-1
41;14;0;0;40;-1
19;10;0;1;35;-1
45;9;0;0;60;1
42;10;0;1;40;-1
33;13;1;0;25;1
42;10;0;0;40;1
49;10;0;1;45;1
38;9;0;0;45;-1
38;10;0;0;50;-1
37;10;0;0;52;-1
24;10;0;0;30;-1
27;10;0;0;50;-1
25;5;2;1;40;-1
29;9;0;0;50;-1
46;9;0;0;70;-1
44;9;0;0;96;-1
26;13;2;1;40;-1
46;12;0;0;49;1
38;10;0;0;40;-1
38;10;0;0;40;-1
22;13;0;0;20;-1
33;10;0;0;40;-1
50;12;2;0;40;-1
31;9;0;0;41;1
26;10;0;1;4;-1
42;10;0;0;38;-1
27;9;0;0;40;-1
34;14;0;0;45;1
64;9;0;0;40;-1
43;10;0;0;40;-1
39;9;0;0;40;-1
47;15;0;0;40;1
56;14;0;0;66;-1
25;14;0;0;20;-1
60;13;0;1;35;-1
52;9;0;0;44;-1
46;13;2;1;40;-1
19;10;0;1;30;-1
56;4;1;1;20;-1
22;13;0;0;40;-1
28;7;0;0;40;-1
39;3;1;1;30;-1
28;10;0;0;40;-1
31;13;0;0;50;1
22;9;0;1;35;-1
39;9;2;0;40;1
39;13;0;0;40;1
28;7;0;0;40;-1
31;9;0;1;35;-1
50;13;0;0;40;-1
48;9;0;1;40;1
51;13;0;1;40;-1
54;9;0;0;40;-1
44;11;0;0;40;-1
20;10;1;1;20;-1
37;9;1;0;40;-1
38;10;0;0;40;-1
59;12;1;0;40;-1
59;13;0;0;50;-1
51;10;0;0;48;1
60;13;1;0;40;-1
29;10;0;0;40;-1
37;10;0;1;40;-1
42;6;0;0;35;-1
28;13;0;0;50;1
34;9;0;1;40;-1
50;13;0;0;40;1
22;9;0;0;24;-1
27;9;0;1;52;-1
45;15;0;1;43;-1
39;9;1;1;38;-1
25;13;0;1;35;-1
63;9;0;0;15;-1
24;13;0;0;40;1
18;9;0;1;30;-1
19;9;0;0;40;-1
23;8;1;0;38;-1
20;3;0;0;40;-1
17;6;0;1;24;-1
63;13;0;0;40;1
28;13;0;0;65;1
51;13;0;0;50;1
64;10;0;1;12;-1
17;6;0;0;25;-1
18;8;1;0;20;-1
31;9;0;1;40;-1
48;13;0;0;50;1
41;10;0;1;45;-1
27;11;0;0;40;-1
39;11;0;0;40;-1
51;10;0;0;8;1
49;14;0;0;45;1
58;9;0;0;40;-1
25;9;1;1;40;-1
41;10;1;1;37;-1
31;5;0;1;40;-1
50;13;0;1;40;-1
63;10;0;0;40;-1
44;14;0;0;99;-1
48;9;0;0;65;-1
51;10;0;0;50;-1
18;9;0;1;15;-1
23;10;0;0;25;-1
38;9;0;0;40;-1
19;10;0;0;20;-1
56;10;0;0;60;1
31;4;0;0;20;-1
46;10;0;0;40;-1
39;14;0;0;50;1
56;9;2;0;40;-1
31;9;0;1;40;-1
53;9;0;0;35;1
18;7;0;1;15;-1
20;10;0;1;35;-1
31;13;0;0;40;-1
46;9;0;0;40;-1
30;10;0;0;24;-1
26;13;0;1;40;-1
48;14;0;0;50;1
37;10;0;0;40;1
29;5;0;0;40;-1
24;9;0;0;40;-1
21;9;0;0;40;-1
43;9;0;0;45;-1
26;9;0;1;50;-1
47;9;0;0;60;-1
27;9;0;0;55;-1
45;9;0;0;45;1
30;9;0;0;70;-1
33;9;0;0;40;-1
37;9;0;0;40;1
21;9;0;0;20;-1
42;9;0;0;40;-1
48;9;0;0;36;-1
46;9;0;1;48;-1
36;3;0;1;40;-1
54;9;0;0;40;-1
25;9;0;1;40;-1
26;9;0;1;25;-1
36;9;0;0;57;-1
56;13;0;0;20;-1
37;9;0;0;40;-1
26;13;0;1;40;1
23;13;0;1;25;-1
23;13;0;1;40;-1
41;13;0;0;40;-1
55;13;0;0;50;1
39;13;0;0;40;1
67;12;0;0;35;-1
60;9;0;1;50;-1
54;9;0;1;40;-1
38;14;0;0;40;1
49;13;0;0;42;1
19;9;0;1;24;-1
20;10;0;0;40;-1
66;9;0;1;35;-1
22;10;1;1;25;-1
51;14;0;0;42;1
19;10;0;0;40;-1
36;10;0;1;40;-1
33;9;0;0;60;1
78;4;0;0;60;-1
36;9;0;1;40;-1
30;15;0;0;55;-1
35;10;0;0;40;-1
46;14;0;0;45;1
38;9;0;0;40;-1
24;13;0;0;40;-1
40;13;0;1;40;-1
49;4;0;0;40;-1
19;9;1;0;30;-1
77;10;0;1;20;-1
46;9;0;0;56;1
41;10;1;0;40;-1
28;2;0;0;77;-1
21;9;0;0;40;-1
24;8;1;0;40;-1
36;9;1;0;45;-1
23;10;0;0;25;-1
29;9;0;0;40;-1
38;10;0;0;50;1
47;13;1;0;40;1
39;14;0;1;40;-1
40;13;0;0;48;-1
21;10;0;0;40;-1
32;9;2;1;40;-1
23;9;0;0;40;-1
44;9;0;0;40;-1
37;10;1;0;40;-1
70;13;0;1;20;-1
66;5;1;1;30;-1
57;10;0;0;40;-1
36;10;0;0;40;1
48;13;0;0;60;1
24;9;0;0;40;-1
51;14;0;1;40;1
43;13;0;0;50;1
27;9;0;0;60;-1
32;13;0;1;40;-1
20;10;0;1;35;-1
33;10;0;1;40;-1
19;10;0;0;40;-1
32;10;0;0;60;1
35;15;2;0;40;1
39;9;0;1;60;-1
24;13;1;1;75;-1
45;10;0;0;40;1
20;10;0;0;40;-1
49;13;0;1;45;-1
35;14;0;1;40;-1
30;9;0;1;40;-1
33;13;0;0;45;-1
35;9;0;0;50;-1
31;14;0;0;50;-1
20;7;1;0;25;-1
44;9;0;0;40;-1
33;9;1;0;40;-1
50;10;0;0;40;-1
25;9;0;1;40;-1
28;9;0;0;40;-1
60;13;1;0;40;1
38;11;0;0;40;-1
38;10;1;0;40;-1
50;9;0;0;40;1
39;7;0;1;40;-1
42;9;1;0;40;-1
53;13;0;0;50;1
37;13;0;0;40;-1
37;6;0;0;40;-1
20;10;0;1;24;-1
38;10;1;1;38;-1
52;11;0;0;48;1
48;11;0;0;50;1
30;11;0;0;40;1
47;9;0;0;45;-1
33;13;0;1;60;-1
33;9;2;1;35;-1
20;10;0;0;15;-1
41;13;0;0;40;-1
54;9;2;0;50;-1
36;13;0;1;40;-1
46;13;0;1;40;-1
45;13;0;0;40;1
18;10;0;1;16;-1
62;10;0;0;60;-1
33;9;0;0;40;-1
42;9;0;0;40;-1
18;10;0;1;40;-1
32;11;0;1;40;-1
43;4;1;0;40;-1
20;9;1;1;25;-1
50;13;0;0;45;-1
42;16;0;0;43;1
36;9;0;0;40;-1
22;9;0;0;40;-1
30;9;1;0;40;-1
33;9;0;0;40;-1
43;12;0;0;43;-1
38;10;0;0;40;-1
34;13;0;0;14;-1
40;10;0;1;45;-1
40;9;0;0;40;-1
41;15;0;0;50;1
57;10;0;0;50;1
52;10;0;0;50;-1
48;12;0;0;45;-1
45;3;0;0;40;-1
24;9;0;0;40;-1
27;12;0;0;40;-1
24;9;1;0;50;-1
71;15;0;0;16;-1
17;8;0;0;40;-1
37;16;2;0;40;-1
33;9;0;0;40;-1
41;9;0;0;40;-1
25;13;0;1;40;-1
42;9;0;0;15;-1
18;7;1;1;50;-1
34;9;0;0;40;-1
57;6;0;1;40;-1
27;13;0;1;45;-1
46;13;0;1;8;-1
24;13;0;0;20;-1
23;13;0;0;30;-1
33;10;0;0;40;-1
25;5;0;0;40;-1
44;14;0;1;55;-1
53;9;0;0;40;1
38;9;0;1;35;1
36;13;0;1;45;1
25;9;0;0;40;-1
54;13;0;1;40;-1
31;8;1;0;40;-1
18;9;0;0;40;-1
40;9;1;0;40;-1
26;10;1;1;40;-1
22;12;0;0;55;-1
50;10;0;0;40;-1
24;13;0;0;30;-1
44;9;0;1;40;-1
37;9;1;0;40;-1
34;13;0;0;40;-1
45;10;0;1;45;1
77;14;0;0;8;1
25;6;0;1;35;-1
20;10;1;1;40;-1
46;9;2;0;40;-1
26;12;0;0;40;-1
45;2;0;1;25;-1
70;9;0;1;4;-1
57;9;0;0;40;1
28;11;0;0;40;-1
35;12;0;1;16;-1
32;9;0;1;40;-1
29;13;0;0;50;1
36;13;0;0;45;-1
19;9;0;0;30;-1
27;13;2;1;20;-1
48;14;0;0;55;1
49;13;0;0;50;-1
61;9;0;1;82;-1
42;12;0;1;40;-1
30;11;0;0;40;-1
32;9;0;0;40;-1
37;10;0;0;40;1
35;10;0;0;45;-1
30;11;0;1;40;-1
30;15;2;0;20;1
55;10;0;0;70;1
36;10;0;0;40;-1
33;9;0;0;48;-1
56;13;0;0;40;1
37;9;0;0;40;-1
28;9;0;0;60;-1
38;9;0;0;50;-1
76;9;0;0;20;-1
35;10;1;1;40;-1
48;10;0;1;43;-1
35;12;0;0;40;-1
39;13;0;0;40;-1
64;9;0;0;40;-1
22;9;1;1;40;-1
45;13;0;0;40;1
27;3;0;0;40;-1
43;9;0;1;50;1
23;10;0;1;37;-1
39;14;0;0;50;1
63;9;0;1;35;-1
37;15;0;0;40;1
26;9;3;0;40;-1
33;13;0;0;40;-1
45;13;2;1;70;-1
28;10;0;1;40;-1
20;10;0;1;20;-1
34;9;0;1;20;-1
34;10;0;0;40;-1
41;9;0;0;40;1
38;10;0;0;50;1
38;10;2;0;40;-1
43;13;2;1;60;-1
49;10;0;1;30;-1
26;13;0;1;35;-1
28;9;0;1;35;-1
54;9;0;0;40;1
53;9;3;1;40;-1
24;10;0;0;50;-1
23;10;0;0;30;-1
55;9;0;1;40;-1
58;5;0;0;40;-1
26;9;1;0;40;-1
19;6;1;1;20;-1
28;10;0;1;40;-1
45;10;0;0;52;-1
30;10;0;0;45;1
76;9;0;1;33;-1
47;9;0;1;40;-1
40;10;0;1;35;1
24;9;0;1;25;-1
24;9;0;1;40;-1
43;10;0;1;40;-1
29;8;0;0;40;-1
40;9;0;0;40;-1
61;10;0;0;40;-1
21;10;0;1;50;-1
52;10;0;0;40;-1
34;9;0;0;40;-1
25;10;0;0;40;-1
46;9;0;0;40;-1
54;10;0;1;40;-1
43;14;0;0;40;1
25;5;0;0;40;-1
21;12;0;1;25;-1
37;9;0;0;40;-1
44;13;0;0;40;1
38;10;1;1;40;-1
32;9;0;0;40;-1
44;10;0;0;60;-1
39;13;0;1;30;-1
23;10;0;1;25;-1
25;13;0;0;45;1
23;10;0;1;28;-1
47;10;0;0;40;-1
47;7;0;1;45;-1
25;9;0;0;40;-1
35;10;0;0;45;-1
68;4;2;0;40;-1
47;9;0;1;40;-1
35;16;0;0;45;1
24;9;0;0;40;-1
35;13;0;1;40;1
30;13;2;1;40;-1
17;7;1;0;20;-1
49;9;0;1;40;-1
27;3;0;0;60;-1
22;9;1;1;15;-1
22;10;0;1;40;-1
50;9;0;0;2;-1
51;11;0;0;38;1
27;13;0;0;30;-1
27;13;0;1;20;-1
23;4;0;0;35;-1
20;9;0;1;40;-1
42;9;0;0;48;-1
45;13;0;0;38;1
35;4;0;1;80;-1
22;9;0;0;40;-1
34;10;0;1;38;-1
28;13;0;1;40;-1
38;13;0;1;24;-1
48;10;0;0;42;1
22;10;0;0;40;-1
34;14;0;0;40;-1
25;9;0;1;50;1
23;9;0;1;40;-1
38;10;0;0;60;1
43;9;1;1;40;-1
49;9;1;0;40;1
23;10;0;0;40;-1
57;9;0;1;40;-1
24;13;0;0;40;-1
44;10;0;0;58;1
34;12;0;0;50;-1
29;10;0;0;40;-1
29;7;1;1;40;-1
35;9;0;0;50;1
48;9;0;0;40;-1
38;9;0;0;36;-1
42;9;0;1;50;-1
53;10;0;1;40;-1
29;15;0;1;55;-1
59;13;0;0;72;-1
31;9;0;0;40;-1
34;9;0;0;40;-1
28;9;0;1;10;-1
46;9;0;1;48;-1
45;9;1;1;40;-1
23;10;1;1;40;-1
33;12;0;1;42;-1
44;13;0;1;20;1
25;9;0;0;40;-1
48;10;0;0;40;-1
23;9;0;1;40;-1
20;10;0;1;30;-1
23;13;0;1;40;-1
71;9;0;1;40;-1
22;13;0;1;40;-1
27;7;0;0;60;-1
40;9;0;1;35;-1
30;10;0;0;50;-1
30;11;0;0;40;-1
30;10;0;0;40;-1
39;9;1;1;40;-1
39;9;0;0;50;-1
74;3;1;0;40;-1
25;9;1;0;40;-1
64;10;0;1;40;-1
37;13;0;1;37;1
47;9;0;0;40;1
33;9;0;0;40;1
40;11;0;1;40;1
22;9;1;0;80;-1
56;9;0;0;40;-1
37;9;0;1;55;-1
30;10;0;0;70;-1
20;8;0;1;35;-1
43;13;0;0;48;1
23;9;0;0;40;-1
43;9;0;0;30;-1
30;9;0;0;40;-1
20;10;0;1;46;-1
22;11;0;0;40;-1
38;13;0;0;50;-1
54;10;0;0;40;-1
23;9;0;0;40;-1
46;9;1;0;40;-1
59;6;0;0;40;-1
28;6;0;0;50;-1
18;8;0;0;25;-1
41;11;0;0;40;-1
42;11;0;0;48;-1
58;10;0;0;40;1
24;9;0;0;50;-1
39;13;0;0;45;1
25;14;0;0;55;-1
29;10;0;1;54;-1
53;3;0;0;40;-1
63;9;0;0;40;-1
26;11;0;1;38;-1
45;10;0;0;40;1
29;11;0;1;40;-1
51;6;0;0;40;-1
21;5;0;0;40;-1
38;10;1;1;40;-1
38;13;0;1;40;1
46;14;0;0;41;-1
31;13;0;0;60;1
68;6;1;1;90;-1
43;9;0;0;40;-1
21;9;0;0;40;-1
44;13;0;0;3;-1
56;16;0;0;40;1
20;9;0;0;12;-1
21;9;0;1;25;-1
52;10;0;0;40;-1
51;13;0;0;25;-1
29;9;0;0;40;-1
36;10;1;0;55;-1
29;9;0;0;55;-1
21;9;0;1;30;-1
58;2;0;0;40;-1
37;9;0;0;40;-1
50;10;1;1;45;-1
30;9;0;0;50;-1
29;9;1;0;30;-1
48;9;0;0;40;-1
50;4;0;0;40;-1
39;12;0;1;25;1
35;15;0;0;55;-1
24;9;0;1;25;-1
20;9;0;0;45;-1
30;10;2;0;55;1
19;9;2;1;30;-1
26;9;1;0;40;-1
25;10;0;1;40;-1
33;10;0;0;50;-1
30;10;0;0;40;-1
30;13;0;0;40;-1
19;4;0;1;40;-1
23;9;0;0;40;-1
27;10;0;0;40;1
20;10;0;0;40;-1
39;12;0;0;52;-1
33;4;0;0;45;-1
65;9;0;0;24;-1
34;13;0;0;50;1
20;9;0;1;25;-1
23;10;0;0;40;-1
25;6;0;0;40;-1
31;7;0;0;25;-1
37;9;0;1;40;-1
31;9;0;0;40;-1
37;13;0;0;50;1
45;12;0;0;40;-1
44;9;0;0;60;-1
32;13;0;0;40;-1
35;9;0;0;60;1
53;7;0;0;40;-1
43;11;0;0;40;-1
30;10;0;0;40;-1
52;16;0;0;57;1
20;10;0;1;4;-1
45;12;0;0;40;-1
28;13;0;0;60;1
61;15;0;0;40;1
48;10;0;0;40;-1
32;10;0;0;45;-1
27;9;0;0;30;-1
38;13;0;0;35;-1
33;3;3;0;20;-1
43;14;0;1;50;1
36;9;0;0;60;-1
38;7;0;0;40;-1
24;9;0;1;40;-1
22;6;0;0;40;-1
30;13;0;0;40;-1
55;14;0;0;40;1
39;9;0;0;50;-1
47;13;0;0;60;1
46;9;0;0;40;-1
23;9;0;0;60;-1
45;9;0;0;40;-1
55;13;0;0;40;-1
68;9;0;0;8;-1
39;11;0;0;40;-1
39;9;0;1;40;-1
37;13;0;0;40;-1
19;10;0;0;40;-1
20;7;0;0;20;-1
49;11;0;1;40;-1
33;10;0;0;40;-1
21;9;0;0;35;-1
72;13;0;0;3;-1
58;14;0;0;35;1
43;9;1;0;55;-1
62;7;1;1;21;-1
21;10;0;0;20;-1
26;10;0;0;60;-1
27;5;0;0;40;-1
49;9;0;1;40;-1
28;9;0;1;40;-1
29;10;0;1;40;1
58;6;0;0;50;1
45;9;0;1;40;-1
47;13;0;1;40;-1
53;9;0;0;40;1
47;7;0;1;15;-1
35;10;0;0;40;1
43;10;0;0;45;-1
33;13;0;0;50;1
49;12;0;0;40;-1
17;6;0;0;20;-1
28;10;0;1;30;-1
25;13;0;0;40;-1
69;5;0;0;20;-1
41;11;0;0;60;-1
31;13;0;0;40;1
57;14;0;0;40;1
40;13;0;0;40;1
47;10;0;0;60;-1
50;8;0;0;40;-1
36;13;0;0;50;-1
17;7;0;0;25;-1
30;9;0;0;40;1
79;9;0;0;40;-1
42;9;0;0;40;1
67;9;0;0;50;-1
36;9;0;0;45;1
35;14;0;0;50;1
27;13;0;1;40;-1
21;4;0;0;40;-1
46;9;0;0;40;-1
20;7;0;0;40;-1
17;7;0;0;20;-1
28;13;0;0;40;1
33;7;0;0;40;-1
55;9;0;1;40;-1
55;10;0;0;50;-1
47;9;1;1;40;-1
29;10;0;1;40;-1
36;3;0;0;35;-1
37;13;0;0;70;-1
43;10;0;0;48;1
39;13;0;1;60;-1
47;13;0;0;50;-1
42;9;0;1;45;-1
48;13;0;1;60;-1
27;6;0;0;40;-1
29;9;0;0;40;-1
22;11;0;1;30;-1
37;9;0;0;44;-1
38;13;0;0;60;-1
48;14;0;1;80;-1
46;9;0;1;50;-1
51;9;1;1;38;-1
35;9;0;0;40;-1
18;7;0;0;30;-1
45;9;1;1;40;-1
36;9;0;0;40;-1
73;10;0;1;10;-1
52;13;0;0;40;-1
17;6;0;1;40;-1
29;11;0;0;40;1
31;9;0;1;40;1
20;10;0;0;10;-1
37;10;0;1;40;-1
40;9;0;0;40;-1
32;12;0;0;45;1
29;14;0;0;55;1
20;10;0;1;40;-1
26;7;0;0;40;1
37;9;0;0;80;1
18;8;0;1;24;-1
33;10;0;1;50;-1
26;10;0;0;40;-1
24;9;0;1;30;-1
33;9;0;1;25;-1
23;9;2;0;40;-1
20;6;1;0;40;-1
36;10;0;0;50;-1
37;13;0;1;50;-1
24;11;0;0;35;-1
38;12;0;0;50;1
50;13;0;1;45;-1
44;7;0;0;40;1
57;10;1;1;40;-1
37;9;0;0;70;-1
44;9;0;0;55;-1
21;10;0;1;30;-1
31;9;0;0;40;1
45;9;1;1;60;1
20;9;0;0;40;-1
52;9;0;1;50;-1
47;9;0;0;25;-1
41;10;0;1;40;-1
40;10;0;0;60;1
41;13;0;1;40;1
49;9;0;1;40;-1
65;10;0;1;40;-1
50;9;2;1;40;-1
59;9;0;0;40;1
18;10;0;1;25;-1
45;9;0;0;45;1
17;7;0;1;40;-1
45;9;0;0;32;1
73;7;0;0;40;-1
48;6;1;0;40;-1
64;9;0;1;20;-1
38;12;0;0;60;-1
37;9;0;0;50;1
26;9;1;0;40;-1
46;14;0;1;50;1
54;10;0;1;40;-1
65;10;0;0;40;-1
29;12;0;0;45;-1
37;9;0;0;40;-1
36;16;0;1;10;-1
60;9;0;0;50;1
62;9;0;1;20;-1
20;9;0;1;40;-1
32;12;0;0;20;-1
29;10;0;0;40;-1
74;9;0;0;15;-1
37;9;0;0;40;-1
51;9;0;0;40;-1
50;10;0;0;50;-1
42;9;0;0;60;1
26;13;0;0;70;-1
58;9;0;0;70;-1
30;10;0;0;60;-1
23;10;0;0;45;-1
35;9;0;0;44;-1
50;13;0;0;50;-1
17;7;0;1;40;-1
35;9;0;1;48;-1
31;9;0;1;50;-1
30;7;0;0;49;-1
84;10;0;0;35;1
35;9;1;0;40;-1
45;11;0;0;50;1
46;9;0;0;40;-1
50;10;0;0;40;-1
37;7;0;0;40;-1
32;9;0;1;40;-1
27;10;0;0;40;1
22;9;0;0;40;-1
29;13;0;0;40;-1
35;9;0;0;44;-1
38;10;0;1;35;-1
29;4;0;0;40;-1
26;10;2;0;44;-1
34;15;2;1;40;-1
31;11;0;0;40;1
20;10;0;0;40;-1
37;14;0;0;48;-1
32;9;0;1;20;-1
36;12;0;1;40;-1
78;4;0;0;40;-1
46;10;0;1;50;-1
18;9;2;1;20;-1
57;10;0;0;50;-1
37;9;0;0;40;-1
43;9;0;0;40;1
45;9;1;1;40;-1
32;10;0;1;40;-1
38;9;0;0;40;-1
70;10;2;0;40;-1
40;10;0;0;50;1
40;9;0;0;40;-1
20;9;0;0;40;-1
29;9;0;0;40;1
24;11;0;0;55;-1
28;11;1;1;40;-1
58;6;1;0;50;-1
18;7;0;1;15;-1
40;9;0;0;40;-1
39;14;0;0;50;-1
45;9;0;0;72;-1
62;13;0;0;5;-1
24;9;1;1;20;-1
22;10;1;0;30;-1
23;13;0;0;40;-1
39;10;0;0;60;1
28;11;0;1;38;-1
44;13;0;1;37;-1
73;2;0;0;40;-1
24;9;1;0;35;-1
24;7;0;0;40;-1
52;2;3;0;50;-1
43;9;0;0;40;-1
67;8;0;0;20;-1
31;8;1;0;40;-1
43;12;0;0;40;-1
31;4;0;0;70;-1
23;10;1;0;20;-1
26;13;0;0;40;-1
48;10;0;0;40;-1
40;10;0;0;44;-1
55;15;0;1;39;-1
49;9;0;0;45;1
34;13;0;1;15;-1
29;9;1;1;60;-1
50;13;0;1;8;-1
19;10;0;1;9;-1
66;13;2;0;30;-1
65;10;2;1;6;-1
60;11;0;0;20;-1
60;9;0;1;38;-1
19;9;0;0;40;-1
26;9;0;0;60;-1
58;10;0;1;20;-1
18;10;0;1;50;-1
26;10;0;0;40;-1
45;14;0;0;50;1
19;10;0;0;40;-1
29;9;0;0;40;1
52;10;0;1;52;1
23;13;0;1;40;-1
21;9;0;0;40;-1
48;9;0;1;40;-1
59;14;0;0;35;1
50;13;0;0;40;1
32;9;1;1;30;-1
40;9;1;0;40;-1
19;9;0;0;30;-1
30;3;0;0;40;-1
42;9;0;0;39;-1
23;13;0;1;50;-1
21;7;0;1;24;-1
28;13;0;0;40;1
50;9;1;0;40;-1
20;10;0;0;25;-1
21;7;0;0;35;-1
21;10;0;0;16;-1
45;13;0;0;40;-1
49;9;0;0;40;-1
41;9;0;0;40;-1
48;13;2;1;40;-1
73;9;0;1;15;-1
34;10;0;1;40;-1
24;9;0;1;40;-1
58;9;0;1;16;-1
41;13;0;0;50;1
53;1;0;0;40;-1
40;9;1;0;40;-1
18;7;0;1;40;-1
37;9;0;1;40;-1
43;12;1;1;45;-1
22;9;0;1;40;-1
28;6;1;0;40;-1
51;10;0;1;40;-1
63;9;0;1;72;-1
29;10;0;0;45;-1
44;4;0;1;38;-1
37;10;0;0;40;-1
62;9;1;0;40;-1
31;9;0;0;52;-1
20;9;0;0;30;-1
24;10;0;1;50;-1
56;13;0;0;40;-1
36;10;0;0;35;-1
29;9;0;0;40;-1
39;10;1;0;40;-1
29;10;1;0;45;-1
38;9;0;0;65;-1
23;5;2;0;20;-1
37;9;0;0;40;-1
30;10;0;1;30;-1
58;10;0;1;36;-1
42;12;0;0;40;-1
46;10;0;0;40;-1
41;9;0;0;55;-1
49;9;0;0;50;1
37;10;0;0;40;-1
31;9;0;0;45;-1
22;12;2;0;6;-1
22;9;0;1;33;-1
17;7;0;1;20;-1
47;16;0;0;50;1
17;6;0;0;15;-1
39;3;0;0;40;-1
23;10;0;0;20;-1
41;13;0;0;40;1
36;14;0;0;45;1
21;9;0;1;30;-1
33;6;0;1;36;-1
17;7;0;1;35;-1
41;9;0;0;44;-1
19;9;0;1;35;-1
38;9;0;0;45;1
24;10;0;0;40;-1
39;13;0;0;45;1
19;10;0;1;15;-1
31;12;0;1;25;-1
42;10;0;1;40;-1
36;9;0;0;45;-1
29;10;0;0;40;-1
17;8;0;0;20;-1
47;13;0;0;50;1
24;10;0;1;60;-1
61;10;0;0;40;1
40;10;0;0;60;-1
31;5;0;1;25;-1
59;9;1;1;38;-1
29;10;0;0;55;-1
26;9;0;0;40;-1
46;9;0;0;40;1
56;9;0;0;40;1
25;13;0;1;40;-1
17;8;0;1;18;-1
29;11;1;1;40;-1
23;3;0;0;30;-1
67;9;0;1;35;-1
29;14;0;1;50;-1
32;9;0;0;40;-1
34;10;0;0;62;-1
49;9;0;0;40;-1
54;10;0;0;40;-1
39;9;0;0;40;-1
41;13;0;0;40;-1
31;10;0;1;38;-1
47;16;0;0;40;1
27;9;0;0;1;-1
44;4;0;0;80;1
25;12;0;0;45;-1
23;10;0;1;16;-1
52;9;0;0;50;1
62;9;0;1;36;-1
31;13;0;1;40;-1
19;7;0;0;60;-1
22;10;0;0;36;-1
53;10;0;0;40;-1
25;9;0;1;40;-1
45;9;0;0;40;-1
49;9;0;0;40;1
42;13;2;1;27;1
44;9;0;0;40;1
56;10;0;0;41;1
37;9;0;0;40;1
37;13;0;0;45;1
22;10;0;1;40;-1
34;13;0;0;40;1
36;9;0;0;40;-1
54;9;0;0;20;-1
28;10;0;0;65;-1
28;13;0;0;50;-1
36;6;0;1;35;-1
73;3;0;0;20;-1
37;9;0;0;60;-1
24;13;1;1;65;-1
30;9;0;1;38;-1
38;11;0;0;40;-1
50;10;2;0;40;1
69;9;0;0;45;1
42;9;1;0;40;-1
54;10;0;1;38;-1
27;12;0;1;58;-1
39;10;0;0;45;-1
27;10;1;1;40;-1
30;9;0;0;66;-1
37;10;0;0;40;-1
50;13;0;0;60;1
36;10;0;1;40;-1
22;10;1;0;10;-1
21;10;0;0;40;-1
76;4;0;1;25;-1
22;10;0;1;28;-1
37;13;0;0;40;-1
34;10;0;0;60;-1
29;9;0;0;97;-1
29;9;0;0;40;-1
28;13;0;0;40;-1
73;10;0;0;35;-1
43;10;1;1;40;-1
39;10;0;0;40;-1
74;6;1;1;6;-1
27;13;0;0;30;-1
47;9;0;0;60;-1
90;9;0;1;24;-1
47;13;0;0;60;1
42;13;0;0;40;1
69;13;0;0;40;-1
18;8;3;0;40;-1
23;13;0;1;20;-1
44;9;0;0;30;-1
47;10;1;0;40;-1
33;10;1;0;40;-1
48;7;0;1;30;-1
39;13;0;0;60;-1
18;10;0;1;20;-1
52;9;0;1;40;-1
18;9;0;1;20;-1
27;9;0;0;45;-1
45;9;0;1;40;-1
79;15;0;0;10;-1
24;11;0;0;20;-1
25;10;0;1;40;-1
42;6;0;0;35;-1
63;4;0;0;40;-1
40;9;0;1;46;1
42;9;0;0;50;1
42;10;0;1;45;-1
63;13;0;0;40;1
37;13;0;1;55;-1
65;9;0;0;20;-1
30;6;0;0;40;-1
46;9;2;0;40;-1
23;9;1;1;25;-1
47;13;0;1;45;-1
20;10;0;0;20;-1
21;9;0;1;10;-1
28;9;0;0;40;-1
61;9;0;0;40;-1
30;9;0;1;72;-1
30;13;0;0;72;1
29;13;0;0;50;1
39;9;1;1;40;-1
23;7;0;1;35;-1
32;7;1;1;40;-1
63;9;0;1;34;-1
19;10;0;1;15;-1
57;16;0;0;60;1
41;13;0;0;40;1
23;11;0;0;40;-1
30;16;0;0;20;-1
43;12;0;0;50;-1
64;4;0;0;25;-1
56;3;0;0;40;-1
32;9;0;0;40;-1
55;9;0;0;45;-1
17;7;0;1;12;-1
17;6;1;0;20;-1
29;10;0;1;65;-1
23;9;0;1;40;-1
37;9;0;0;50;-1
39;9;0;1;22;-1
36;13;0;1;40;1
50;13;0;0;55;1
31;10;0;1;50;-1
56;10;1;1;32;-1
20;10;0;1;30;-1
33;14;1;1;35;-1
45;10;1;1;32;-1
33;9;0;0;50;-1
27;9;0;1;40;-1
36;6;1;0;60;-1
42;14;0;0;55;1
33;10;0;1;40;-1
19;10;0;1;25;-1
52;13;0;0;45;1
41;14;2;1;40;1
30;10;0;0;40;-1
22;10;0;0;40;-1
26;3;0;0;40;-1
36;7;1;0;40;-1
35;9;0;0;40;-1
46;10;1;0;40;1
24;13;0;1;8;-1
38;9;0;0;40;-1
50;9;0;1;45;-1
41;10;1;1;40;-1
38;9;0;0;60;1
36;13;1;0;48;-1
47;9;0;0;50;1
59;10;0;1;16;1
35;13;0;1;16;-1
59;16;0;0;60;1
52;10;0;0;45;1
37;11;0;0;60;1
52;13;1;1;40;-1
51;12;0;0;45;1
67;13;0;0;55;-1
58;7;1;0;15;-1
68;6;1;1;20;-1
71;5;1;1;6;-1
49;14;0;0;40;-1
35;9;0;0;40;-1
18;9;0;0;40;-1
29;6;0;1;40;-1
47;13;0;0;60;-1
31;5;0;0;40;-1
22;10;1;0;40;-1
20;10;0;1;10;-1
57;9;0;1;26;-1
18;10;0;1;15;-1
32;9;0;0;40;-1
39;9;0;0;40;-1
37;13;0;1;40;-1
51;9;2;0;50;-1
48;10;0;0;40;1
39;9;0;0;55;1
35;13;0;0;45;-1
19;9;0;0;25;-1
28;9;0;0;40;-1
18;10;0;0;35;-1
23;13;0;0;40;-1
42;13;0;0;40;-1
25;10;0;0;40;-1
17;6;0;1;12;-1
34;13;0;1;45;-1
29;12;0;0;40;-1
22;10;0;1;40;-1
46;9;0;0;40;-1
69;9;0;0;24;-1
50;9;0;0;60;1
19;10;0;0;30;-1
59;9;0;0;40;-1
45;10;0;0;40;1
41;14;1;1;40;-1
47;13;0;0;40;-1
64;7;0;1;40;-1
29;10;0;0;35;-1
17;7;0;1;20;-1
24;9;0;0;60;-1
28;9;0;0;40;-1
48;13;0;0;60;-1
36;11;1;1;38;-1
38;11;0;1;40;-1
42;14;0;0;40;1
36;11;0;0;60;-1
25;6;0;1;40;-1
41;14;0;0;40;-1
35;9;0;0;30;-1
32;11;0;1;50;-1
41;14;0;0;40;1
48;10;0;0;60;-1
56;9;0;1;50;-1
47;10;1;0;40;-1
30;9;1;1;40;-1
51;7;0;0;40;1
22;13;0;0;40;-1
49;13;0;0;60;1
67;9;0;1;10;-1
35;13;0;0;40;-1
37;5;0;1;40;-1
34;10;0;0;40;-1
51;9;0;0;40;-1
26;13;0;0;40;-1
32;4;0;0;35;-1
55;7;1;1;40;-1
17;7;0;1;20;-1
40;10;0;1;40;-1
38;13;0;0;50;-1
44;9;0;0;40;-1
25;9;0;1;40;-1
45;9;0;1;40;-1
38;9;0;0;45;1
62;10;0;0;45;-1
45;10;1;0;40;-1
47;14;0;1;20;1
49;13;0;0;40;-1
36;9;0;0;40;1
24;9;1;1;37;-1
29;9;1;1;30;-1
23;7;0;1;40;-1
50;9;0;0;40;-1
44;13;0;0;40;1
32;9;0;1;36;-1
73;9;0;0;30;-1
24;14;0;1;40;-1
46;9;1;1;40;-1
37;14;0;1;40;-1
29;11;0;0;40;1
40;12;0;0;40;1
17;7;3;0;12;-1
30;9;0;1;40;-1
30;16;0;0;60;-1
76;3;0;1;40;-1
65;1;1;0;30;-1
25;10;0;0;40;-1
41;13;0;1;40;-1
47;9;0;0;40;-1
27;12;1;1;40;-1
42;9;0;0;44;-1
49;9;0;1;20;-1
19;10;0;0;15;-1
24;9;0;0;38;-1
34;15;0;0;40;1
33;13;0;0;40;-1
44;10;0;1;40;-1
45;9;0;0;40;-1
35;13;1;0;40;-1
58;9;0;0;50;-1
45;10;0;1;50;-1
54;10;0;0;40;1
45;14;0;0;40;1
24;9;1;0;40;-1
36;9;2;0;40;-1
61;6;1;1;38;-1
56;9;0;0;40;-1
51;13;0;0;50;1
50;7;0;1;40;-1
25;10;0;1;43;-1
46;14;2;0;50;1
23;13;0;1;25;-1
44;9;0;0;40;-1
38;9;0;1;40;-1
35;9;0;0;40;-1
25;10;3;1;40;-1
18;6;0;1;15;-1
61;9;0;0;40;-1
31;8;0;1;40;-1
33;9;0;0;45;-1
35;11;0;1;40;-1
55;14;0;0;45;1
19;9;0;0;30;-1
43;14;0;0;40;1
49;14;1;0;47;1
48;15;0;0;45;1
27;9;0;1;34;-1
29;9;3;0;40;-1
27;13;0;0;2;-1
31;5;0;0;43;-1
26;13;0;0;40;-1
53;9;0;0;35;-1
23;9;0;1;30;-1
32;9;1;0;46;-1
54;9;0;1;40;-1
36;13;0;1;40;-1
22;9;0;0;50;-1
62;10;0;1;40;-1
43;9;0;1;40;1
34;9;0;0;40;1
27;10;0;1;40;-1
35;10;2;0;60;-1
41;9;0;0;60;-1
42;13;0;0;32;-1
24;10;0;0;48;-1
35;9;1;0;72;-1
40;10;0;1;40;1
46;4;0;1;45;-1
45;10;0;0;40;1
68;9;0;1;7;-1
33;13;1;1;45;-1
23;10;0;0;20;-1
42;13;0;0;60;1
30;10;0;0;45;1
35;10;1;1;40;-1
40;9;0;1;50;-1
46;5;0;1;50;-1
49;9;0;0;40;-1
41;9;0;0;60;-1
26;14;0;0;38;-1
37;9;1;1;20;-1
50;10;0;0;40;1
20;10;0;0;20;-1
30;10;0;0;40;-1
23;9;0;0;45;-1
44;13;0;0;40;1
28;13;0;0;40;-1
48;10;0;1;40;1
34;9;0;1;40;-1
58;13;0;0;99;-1
33;10;0;0;40;-1
38;13;3;0;84;-1
67;2;1;1;20;-1
23;6;0;1;40;-1
42;10;0;0;40;1
54;9;0;1;40;-1
49;14;0;0;40;1
35;14;0;0;60;1
26;9;0;0;40;-1
36;9;0;0;40;-1
25;6;0;0;40;-1
35;14;0;0;60;1
40;14;0;0;40;-1
52;12;0;1;50;-1
42;13;0;0;40;1
25;8;0;1;30;-1
50;14;0;1;40;1
52;10;1;0;40;1
51;14;2;0;40;-1
19;10;0;0;40;-1
43;11;0;0;40;1
57;8;0;0;40;1
35;9;0;0;60;-1
30;13;0;1;30;-1
38;9;0;0;40;-1
45;10;0;1;40;-1
23;9;0;0;40;-1
22;10;0;1;40;-1
21;9;0;0;35;-1
60;10;0;0;38;-1
45;13;0;1;48;1
49;6;0;0;40;-1
29;10;0;1;35;-1
40;9;0;0;35;-1
42;14;0;0;40;-1
33;2;0;0;35;-1
63;9;0;0;40;-1
53;9;0;0;40;-1
38;11;0;0;40;1
44;10;0;0;45;1
43;6;0;0;40;-1
26;14;0;0;32;-1
56;9;0;0;40;-1
39;11;1;1;40;-1
44;4;0;0;48;-1
34;9;0;0;48;1
40;12;0;1;40;-1
38;10;1;0;40;-1
44;10;0;1;40;-1
34;10;0;0;72;-1
22;13;0;0;20;-1
58;10;0;1;20;1
43;10;0;1;30;-1
23;9;0;0;40;-1
41;10;1;1;40;-1
44;10;0;0;35;-1
32;9;0;0;40;-1
38;12;0;0;56;1
47;10;0;0;50;1
24;9;0;1;30;-1
39;14;0;0;40;-1
32;8;0;0;54;-1
40;9;0;0;50;-1
71;3;0;0;40;-1
45;14;0;0;50;1
54;9;0;0;45;-1
26;11;0;1;54;-1
37;10;0;1;45;1
28;10;0;0;55;-1
42;13;0;1;15;-1
45;9;0;0;40;-1
37;9;0;0;50;-1
57;9;0;0;50;-1
39;13;0;0;60;-1
45;10;2;1;40;1
30;11;0;1;46;-1
27;9;0;0;40;1
44;16;0;0;40;1
38;9;0;1;60;1
19;9;0;0;40;-1
39;10;0;1;38;-1
55;6;0;0;40;-1
17;6;0;1;20;-1
43;10;0;1;40;-1
36;9;0;1;35;-1
45;13;0;0;60;-1
44;14;0;0;38;1
26;10;0;0;52;1
21;9;0;1;40;-1
43;13;0;0;60;-1
34;9;0;0;40;-1
33;13;0;0;20;-1
40;9;0;0;51;-1
46;3;0;1;40;-1
20;9;0;0;40;-1
54;9;0;1;40;-1
23;10;0;0;40;-1
58;9;0;0;45;-1
42;9;0;0;45;-1
25;9;0;1;38;-1
60;7;2;1;30;-1
43;9;0;1;40;-1
25;13;0;1;40;-1
31;9;0;1;45;-1
35;9;0;0;40;-1
48;10;0;0;40;-1
43;9;0;1;20;1
27;9;0;1;40;-1
52;9;0;0;22;-1
49;10;0;1;40;1
31;9;0;1;40;-1
59;7;0;0;40;-1
27;13;0;0;40;-1
38;14;0;0;40;1
51;13;0;0;40;1
24;9;0;0;40;-1
58;13;0;0;45;1
46;10;0;1;40;-1
55;3;0;1;40;-1
76;9;0;1;8;-1
25;10;0;1;40;-1
33;9;0;0;40;-1
46;9;0;0;40;-1
51;10;0;1;40;-1
42;11;1;1;40;-1
41;10;0;0;40;-1
42;12;0;1;40;-1
34;9;2;0;40;1
31;11;0;1;40;-1
35;2;0;0;40;-1
40;9;0;0;40;-1
46;10;0;0;40;1
43;14;0;1;40;1
35;9;2;0;40;-1
23;13;0;1;20;-1
50;9;0;1;12;-1
43;9;1;0;40;-1
61;9;0;0;40;1
29;15;0;0;50;-1
21;9;0;0;40;-1
40;9;1;1;40;-1
23;13;0;0;40;-1
90;13;0;0;55;-1
24;13;0;0;40;-1
40;14;0;0;60;1
37;11;0;0;55;-1
31;9;0;1;40;-1
22;9;0;0;40;-1
25;10;0;0;40;-1
47;14;0;0;60;1
48;11;0;0;40;-1
36;14;0;0;50;-1
26;13;0;1;80;-1
28;5;0;1;40;-1
20;10;0;0;40;-1
51;10;0;1;40;-1
32;9;0;1;40;1
55;6;0;0;40;-1
41;13;0;1;40;-1
45;9;0;0;40;1
65;9;0;0;40;-1
22;10;0;1;40;-1
22;10;0;1;20;-1
42;15;0;0;50;1
24;13;0;1;40;-1
67;10;1;1;41;-1
28;9;0;1;37;-1
56;6;0;0;35;1
31;11;0;0;38;-1
33;10;0;1;40;-1
52;4;0;0;40;-1
45;10;0;0;40;1
47;4;0;0;40;-1
40;9;0;1;30;-1
35;10;0;0;48;-1
65;4;0;0;40;-1
42;10;1;1;30;-1
23;13;0;1;15;-1
39;10;0;1;40;-1
39;9;0;0;30;-1
37;9;0;0;40;-1
25;11;0;1;40;-1
31;9;0;1;40;-1
39;9;0;0;45;-1
39;13;0;0;30;1
25;13;1;0;35;-1
30;7;0;0;40;-1
37;5;1;1;48;-1
22;9;0;1;36;-1
33;12;0;0;45;-1
70;13;0;0;40;-1
36;10;0;0;45;-1
53;14;0;1;50;-1
17;7;0;1;30;-1
36;10;0;0;40;-1
36;15;0;0;55;1
40;9;1;0;40;-1
36;9;1;0;50;1
28;9;0;0;55;-1
49;3;0;0;45;-1
63;9;0;0;40;-1
61;10;0;0;20;-1
48;9;0;0;60;1
55;9;0;0;40;-1
18;10;0;1;4;-1
20;9;0;0;20;-1
49;9;2;0;40;-1
27;9;2;0;40;-1
37;6;0;1;33;-1
32;9;0;0;40;-1
33;16;0;0;60;-1
47;11;0;0;26;-1
34;9;1;0;40;-1
61;9;1;1;35;-1
25;9;1;0;40;-1
26;12;0;0;30;-1
18;9;0;1;30;-1
35;9;0;0;50;-1
36;9;1;1;40;-1
56;9;0;0;35;1
40;11;0;0;40;-1
24;8;0;1;38;-1
66;9;0;1;40;1
42;9;0;1;40;-1
28;9;0;0;20;-1
39;10;0;1;35;-1
65;11;0;0;25;-1
20;10;0;1;20;-1
39;10;0;1;40;-1
18;9;0;1;30;-1
49;4;0;1;40;-1
21;10;0;0;48;-1
35;9;0;0;30;-1
38;9;0;0;40;1
55;9;0;0;40;-1
27;6;0;0;55;-1
34;9;0;1;40;-1
54;10;0;1;40;-1
38;9;0;1;40;-1
32;9;0;1;40;-1
33;10;0;0;12;-1
32;12;0;0;50;-1
34;14;0;0;50;-1
46;13;0;0;30;1
48;14;0;0;40;1
23;10;0;0;40;-1
48;4;0;0;40;-1
67;9;0;0;37;1
25;13;0;1;20;-1
27;12;0;1;40;-1
56;2;0;0;40;-1
60;9;0;1;25;-1
27;10;0;1;40;-1
21;10;0;0;40;-1
24;10;0;1;40;-1
31;10;0;0;40;-1
22;6;0;0;15;-1
26;13;0;1;45;-1
45;9;0;0;48;-1
33;9;2;0;40;-1
55;3;0;0;48;-1
29;5;1;1;40;-1
35;9;0;0;60;1
53;9;0;0;40;-1
40;10;0;1;40;-1
20;9;0;0;30;-1
41;9;0;1;25;-1
45;14;0;0;45;1
27;9;0;0;40;-1
55;10;1;0;35;-1
31;10;1;0;40;1
45;10;0;1;55;-1
64;9;0;0;5;-1
38;10;0;0;45;-1
17;6;0;0;40;-1
22;8;1;1;50;-1
23;10;0;1;30;-1
25;9;0;0;40;-1
31;9;0;0;30;-1
37;9;0;1;35;-1
28;10;0;0;40;-1
33;13;0;1;40;1
41;9;0;0;40;-1
61;13;0;0;50;-1
25;10;0;1;25;-1
20;10;0;0;56;-1
35;9;0;1;40;1
64;11;0;0;40;1
28;9;0;0;38;-1
53;9;0;0;40;-1
28;9;0;1;40;-1
38;10;1;1;40;-1
25;13;0;0;35;-1
19;10;0;1;30;-1
20;12;0;1;30;-1
27;13;2;0;40;-1
21;10;0;1;40;-1
30;9;0;1;40;-1
22;6;0;0;30;-1
26;13;0;1;40;-1
27;9;0;0;45;-1
57;5;0;0;40;-1
18;14;0;1;60;-1
30;13;0;0;45;-1
34;13;0;1;50;-1
60;9;1;1;38;-1
25;8;0;0;40;1
39;13;0;0;55;-1
48;9;0;1;40;1
27;10;0;0;30;-1
33;9;0;0;65;1
65;9;0;0;40;-1
27;13;0;0;40;-1
32;10;0;0;40;-1
45;10;0;0;50;-1
18;7;0;0;16;-1
27;13;0;0;45;-1
57;10;0;1;60;-1
44;10;0;0;55;1
30;14;0;0;44;1
26;10;0;1;40;-1
28;10;0;0;40;1
61;9;0;0;40;1
49;9;0;0;50;-1
50;12;0;0;50;1
53;4;0;0;99;-1
33;9;0;0;40;1
22;10;0;0;10;-1
45;13;0;0;40;1
26;10;0;0;60;-1
50;4;0;1;20;-1
47;9;0;0;40;1
52;13;0;0;40;1
57;9;0;1;36;-1
21;10;0;1;35;-1
50;14;2;1;50;1
33;10;2;1;40;-1
34;7;0;0;40;-1
20;10;0;1;20;-1
57;12;1;1;40;-1
57;9;0;0;48;-1
21;12;0;1;8;-1
40;10;0;0;40;-1
23;10;0;0;40;-1
54;9;0;0;20;-1
38;10;0;0;40;1
22;10;0;1;40;-1
27;9;0;1;42;-1
42;3;0;0;40;-1
36;9;0;1;47;-1
22;9;1;0;40;-1
40;5;1;0;40;-1
26;9;0;0;45;-1
46;9;1;0;40;-1
28;7;0;0;60;1
46;13;0;0;45;-1
55;9;0;1;40;-1
76;10;0;1;20;-1
27;13;0;0;60;-1
50;9;0;0;40;1
75;9;0;0;20;-1
42;14;0;0;40;1
36;14;1;1;40;-1
51;9;0;0;40;-1
44;13;0;0;40;-1
20;10;1;1;20;-1
60;3;0;0;45;-1
47;13;0;0;45;1
73;7;0;0;15;-1
27;9;1;0;40;-1
35;4;0;0;40;-1
31;9;1;0;50;-1
45;13;0;0;40;1
57;9;2;0;40;1
34;9;0;0;40;-1
19;10;0;1;16;-1
25;9;1;0;40;-1
39;13;0;1;50;1
28;9;0;0;40;1
48;14;0;1;40;-1
38;9;0;0;44;-1
53;3;1;1;10;-1
19;9;0;0;40;-1
41;9;0;1;60;-1
23;12;1;1;36;-1
32;9;0;0;40;-1
35;10;2;0;40;-1
24;13;0;0;40;-1
34;9;1;0;40;-1
29;13;0;1;25;1
24;10;1;1;20;-1
55;9;0;1;40;-1
28;9;2;0;40;-1
46;9;0;0;40;-1
38;9;0;0;40;-1
29;10;1;1;40;-1
35;13;0;0;50;1
29;9;1;0;40;-1
41;16;0;0;50;1
40;9;0;0;32;-1
30;9;0;1;40;-1
72;7;1;1;35;-1
17;7;0;0;40;-1
46;9;0;0;70;-1
38;13;0;0;48;-1
36;13;0;1;45;-1
24;12;0;0;40;-1
28;9;0;1;35;-1
28;9;0;0;40;-1
42;10;3;0;40;1
48;13;0;0;40;1
37;9;0;0;40;-1
32;16;0;0;40;1
30;10;0;0;40;-1
68;4;0;1;10;-1
45;9;0;1;30;-1
26;9;0;1;40;-1
22;10;0;1;40;-1
22;10;0;0;40;-1
52;4;1;1;40;-1
68;15;0;1;16;-1
26;13;1;1;40;1
52;13;0;0;40;-1
17;7;0;1;8;-1
29;13;0;0;75;-1
41;10;0;0;50;1
45;10;1;1;40;-1
57;10;0;1;50;1
30;13;0;0;30;-1
46;9;0;0;45;1
45;12;0;0;40;-1
59;10;0;0;40;1
40;12;0;0;52;-1
22;10;0;1;40;-1
59;4;0;0;85;-1
36;10;0;0;40;-1
40;4;0;0;40;-1
18;6;1;1;40;-1
62;9;0;0;40;-1
63;9;0;1;40;-1
29;14;0;1;80;-1
27;13;1;1;45;1
47;16;0;0;50;1
20;9;0;0;40;-1
48;12;0;0;45;-1
29;9;0;0;30;-1
22;9;0;1;40;-1
42;12;0;1;24;-1
36;11;0;0;40;-1
60;6;1;1;40;-1
41;9;1;1;40;-1
43;9;0;0;40;1
33;13;0;0;38;1
34;4;0;1;40;-1
32;9;0;1;35;-1
22;10;0;1;20;-1
52;5;0;1;25;-1
27;12;0;0;40;-1
60;14;0;0;40;1
34;13;0;0;62;-1
30;9;0;0;40;1
35;10;0;1;25;-1
39;13;1;1;40;-1
64;10;0;1;40;-1
17;7;0;0;20;-1
29;14;0;0;40;-1
37;11;0;0;40;1
43;9;0;0;45;-1
30;9;0;0;25;-1
17;6;0;1;12;-1
29;9;0;0;40;-1
24;10;0;0;40;-1
27;13;0;0;50;-1
69;13;0;0;40;-1
30;9;0;0;40;-1
29;9;0;0;40;-1
17;6;0;0;40;-1
70;4;1;1;38;-1
21;9;0;0;40;-1
27;13;0;1;40;-1
19;10;0;1;25;-1
44;14;1;0;60;1
36;10;0;1;40;-1
29;13;0;1;60;-1
28;13;0;0;50;-1
34;3;0;0;40;-1
18;9;0;1;20;-1
39;10;0;1;45;-1
34;10;0;0;40;-1
35;14;0;1;41;-1
24;9;0;0;40;-1
41;13;0;0;70;-1
68;10;0;0;30;-1
35;7;0;0;50;-1
47;11;0;0;40;-1
43;14;0;1;40;-1
35;9;0;0;40;-1
34;10;0;1;17;-1
26;9;0;0;40;-1
50;10;0;1;40;-1
22;9;0;1;40;-1
20;9;2;0;40;-1
18;9;0;1;40;-1
52;9;2;0;40;-1
71;9;0;0;28;-1
55;9;0;1;40;-1
17;7;0;1;8;-1
36;10;0;1;40;-1
25;13;0;0;40;-1
27;13;2;0;40;-1
42;9;0;1;40;-1
57;11;0;0;40;1
34;10;1;0;28;-1
31;14;0;1;60;-1
24;13;0;0;40;-1
41;9;1;0;60;-1
17;7;0;1;32;-1
26;9;0;1;20;-1
32;2;3;0;50;-1
55;6;0;0;45;-1
19;8;3;1;20;-1
28;14;0;1;50;-1
49;15;0;0;60;1
23;13;0;0;40;-1
43;9;0;0;40;-1
40;10;0;0;40;-1
41;13;0;0;40;1
23;10;0;0;40;-1
20;9;0;0;35;-1
21;9;0;0;40;-1
28;13;2;1;10;-1
44;10;0;0;50;-1
31;13;0;0;48;-1
54;9;0;0;45;1
28;9;0;0;50;-1
34;9;0;0;40;-1
46;14;0;0;40;1
28;13;0;0;60;1
29;13;0;0;40;1
35;9;0;0;40;-1
90;10;2;0;10;-1
20;9;3;0;40;-1
31;13;0;0;45;-1
23;9;0;0;50;-1
60;9;0;0;40;-1
28;10;0;0;40;-1
32;10;0;0;60;1
44;13;0;0;60;-1
34;10;0;0;48;1
27;9;2;0;40;-1
49;9;0;0;50;-1
48;9;1;1;40;-1
47;9;0;0;50;1
34;13;0;0;65;1
27;12;0;0;40;-1
24;10;0;0;40;-1
24;9;0;0;30;-1
25;10;0;0;40;-1
36;11;0;1;40;-1
38;9;0;0;45;-1
57;3;0;0;40;-1
24;10;0;0;50;1
41;9;0;0;40;-1
56;11;1;0;60;1
19;9;0;1;40;-1
44;9;1;0;32;-1
34;11;0;1;40;-1
25;13;0;0;40;-1
27;9;0;0;40;-1
22;9;0;0;40;-1
34;7;0;0;50;-1
30;9;0;0;65;1
21;10;0;1;38;-1
24;10;0;0;40;-1
19;10;0;1;15;-1
82;10;2;0;3;-1
35;13;0;0;50;1
32;11;0;0;40;-1
45;10;0;1;45;-1
30;9;0;1;40;-1
28;13;0;0;55;-1
28;13;0;1;5;-1
29;9;0;1;44;-1
60;10;0;0;40;-1
28;11;0;1;40;-1
38;10;1;1;40;-1
31;9;0;0;50;1
28;10;0;0;35;1
42;10;0;1;23;-1
40;5;0;1;40;1
24;10;0;0;40;-1
37;10;0;0;60;1
36;9;0;0;40;-1
39;13;0;0;40;-1
22;5;0;0;35;-1
28;13;0;0;43;-1
34;10;0;1;40;-1
42;10;0;1;43;-1
43;9;0;0;40;-1
35;9;0;1;40;-1
22;9;0;0;80;-1
39;11;0;0;40;-1
39;9;0;0;40;-1
37;7;0;0;45;-1
63;4;0;0;60;1
48;9;1;1;40;-1
33;9;1;1;40;-1
39;9;0;1;40;1
43;13;1;1;40;1
28;6;0;0;40;-1
24;13;0;0;20;-1
48;9;0;0;40;-1
35;10;0;0;40;-1
62;9;0;0;40;-1
42;10;0;0;40;-1
50;9;0;0;50;1
40;15;0;1;40;-1
39;9;0;0;40;-1
43;13;0;0;40;-1
43;9;0;1;40;-1
35;9;0;0;38;-1
39;13;0;0;45;1
30;13;0;0;40;1
32;10;1;0;65;-1
18;10;0;0;40;-1
37;12;1;1;40;-1
26;13;0;1;40;-1
51;9;0;0;42;-1
35;10;2;1;36;-1
33;13;0;0;45;-1
46;13;0;0;44;1
40;11;0;0;50;1
34;11;0;0;48;-1
29;9;0;0;40;-1
47;10;0;1;35;-1
34;13;2;0;40;1
45;9;0;1;30;-1
53;9;0;0;35;-1
52;14;2;0;40;-1
64;4;0;0;40;1
42;14;0;0;45;1
44;10;0;0;44;1
53;14;0;0;43;1
25;9;0;0;35;-1
20;7;0;1;40;-1
29;11;0;1;40;-1
56;9;0;0;40;-1
56;9;0;1;35;-1
62;9;2;0;40;-1
28;13;0;0;60;-1
24;13;0;0;40;-1
65;13;0;0;34;-1
40;9;1;0;30;-1
31;13;0;0;40;-1
20;9;0;1;30;-1
30;10;0;1;40;-1
25;13;0;0;45;-1
22;9;0;0;40;-1
56;10;1;0;50;1
51;9;1;0;32;-1
36;6;0;0;60;-1
28;9;0;0;40;-1
33;10;0;0;65;-1
39;9;0;1;40;-1
56;13;0;0;40;1
27;13;0;0;40;1
17;7;0;1;40;-1
28;5;1;1;40;-1
18;6;0;0;40;-1
42;14;0;1;25;-1
39;10;1;1;40;-1
21;10;0;0;10;-1
36;10;2;1;40;-1
56;6;1;1;40;-1
49;3;0;0;40;-1
47;10;0;0;80;-1
44;10;0;1;40;-1
40;2;0;0;45;-1
62;8;0;0;48;-1
25;9;1;1;40;-1
63;14;0;0;70;1
51;16;2;0;99;-1
25;9;2;1;40;-1
62;10;0;0;40;-1
27;9;0;1;40;-1
48;10;0;0;30;-1
32;9;0;0;40;-1
36;10;0;0;45;-1
30;9;0;0;40;-1
45;14;0;1;40;-1
27;9;0;0;50;-1
41;13;0;0;37;-1
61;9;1;0;40;-1
70;13;0;1;55;-1
55;7;1;1;40;-1
35;13;0;1;45;-1
36;11;0;0;38;-1
29;10;0;0;60;-1
30;13;0;1;40;-1
45;7;0;0;40;-1
18;9;0;0;20;-1
28;9;1;0;40;-1
27;13;0;0;45;-1
38;9;0;0;40;-1
33;9;0;0;40;-1
25;9;0;0;40;1
25;9;0;1;4;-1
38;7;1;1;40;-1
23;10;0;0;45;-1
40;11;0;0;40;-1
20;10;0;1;20;-1
41;9;0;0;48;-1
44;10;0;1;38;-1
49;13;0;0;40;1
22;12;1;1;40;-1
26;10;0;1;40;-1
47;12;0;0;40;-1
48;9;0;1;25;-1
28;9;0;0;40;-1
44;13;0;0;40;-1
20;8;1;1;35;-1
36;14;0;0;15;-1
77;4;3;0;30;-1
21;9;0;0;35;-1
24;13;2;1;40;-1
30;12;0;1;40;-1
51;11;0;1;50;-1
22;10;2;1;30;-1
23;10;2;0;25;-1
17;8;0;0;20;-1
48;13;0;0;50;1
43;10;0;0;40;1
34;8;0;0;40;-1
19;9;0;1;35;-1
42;10;0;1;40;-1
23;13;2;0;40;-1
61;15;0;0;50;1
63;7;0;0;30;-1
65;9;0;1;40;-1
41;12;0;0;40;1
35;10;1;0;40;-1
21;9;0;1;40;-1
48;13;0;1;35;-1
43;13;0;0;55;-1
22;10;0;0;15;-1
56;10;0;0;60;-1
47;9;0;1;40;-1
26;13;0;0;24;-1
39;10;0;1;24;-1
45;10;0;0;75;-1
49;9;0;0;40;-1
23;9;0;0;30;-1
69;9;0;0;36;-1
41;14;0;0;60;1
40;9;0;0;40;-1
25;9;0;0;40;-1
52;9;0;0;40;-1
50;12;0;0;40;1
21;11;0;1;30;-1
48;10;0;0;40;1
27;15;0;0;42;1
63;9;0;0;30;-1
47;16;0;0;40;1
28;10;1;0;40;-1
58;9;0;1;40;-1
41;10;0;0;51;-1
67;10;0;0;40;-1
62;9;0;1;48;-1
28;10;0;0;40;1
26;8;0;0;40;-1
46;15;0;0;65;1
29;9;0;0;40;-1
39;13;2;0;40;1
25;14;0;1;35;-1
20;10;0;1;35;-1
21;10;0;0;40;-1
25;13;0;0;50;-1
44;15;0;0;50;1
37;9;0;0;38;-1
29;9;0;1;40;-1
18;10;1;1;21;-1
32;13;0;1;40;-1
58;11;0;1;60;-1
50;9;0;0;40;1
29;10;0;1;18;-1
58;9;0;0;60;1
29;10;0;1;40;-1
36;9;0;0;45;1
21;9;0;0;35;-1
49;9;0;1;40;-1
60;14;0;1;50;-1
30;10;0;1;48;-1
55;9;0;0;40;-1
64;9;0;0;20;-1
29;12;1;1;40;-1
42;9;0;0;50;-1
55;9;0;1;40;-1
43;9;0;0;45;-1
28;8;1;0;40;-1
46;12;0;0;38;1
34;9;0;0;40;-1
43;14;0;1;40;-1
24;10;1;1;25;-1
21;7;0;0;40;-1
65;13;0;0;40;1
20;10;0;0;40;-1
31;14;0;1;25;-1
22;10;0;0;40;-1
20;10;3;1;20;-1
44;10;0;0;60;-1
44;14;0;1;40;-1
41;16;0;0;60;1
21;10;0;1;25;-1
24;10;3;1;30;-1
24;14;0;1;45;-1
28;9;0;1;40;-1
39;13;0;1;35;-1
24;9;0;0;40;-1
50;9;2;0;35;1
68;10;0;0;40;-1
31;14;0;0;50;-1
22;2;0;0;40;-1
18;10;0;0;48;-1
25;9;0;0;40;-1
28;10;0;1;40;-1
17;7;0;1;15;-1
24;16;0;1;99;-1
20;6;0;1;36;-1
45;12;0;0;40;1
57;4;0;0;40;-1
24;13;0;0;40;-1
22;10;2;0;24;-1
41;9;0;1;40;-1
51;13;0;0;40;-1
46;13;0;0;40;-1
52;9;0;1;38;-1
50;13;0;0;40;1
26;13;0;1;50;-1
17;6;1;1;12;-1
64;10;0;0;40;-1
51;9;0;0;40;1
28;9;0;0;35;-1
51;13;0;1;40;-1
48;10;0;1;32;-1
44;10;0;1;40;1
47;7;0;0;40;-1
52;9;0;1;40;-1
58;10;0;1;39;-1
19;7;0;1;40;-1
40;13;0;0;40;1
23;10;0;0;40;-1
31;13;0;0;40;-1
40;12;0;0;40;1
48;10;0;0;38;1
46;14;0;1;50;1
50;9;0;0;40;-1
18;9;0;0;37;-1
26;14;0;1;30;-1
36;13;0;1;20;-1
19;10;0;1;15;-1
54;10;1;0;41;-1
29;10;0;1;6;-1
81;14;0;0;60;-1
37;14;0;1;38;1
40;11;0;0;50;1
36;10;1;1;40;-1
18;8;0;1;30;-1
44;7;1;0;40;-1
36;9;1;1;35;-1
69;16;0;0;50;1
17;8;0;0;7;-1
38;11;0;0;40;1
27;9;1;0;40;-1
52;12;0;0;40;-1
24;12;0;0;35;-1
57;13;0;1;40;-1
19;6;0;1;40;-1
38;9;2;0;50;-1
21;9;0;0;40;1
29;10;0;1;40;-1
33;10;0;1;40;-1
26;9;0;0;70;-1
28;9;0;0;55;-1
26;10;0;1;40;-1
37;15;0;0;6;-1
49;13;0;0;40;-1
28;13;0;0;55;-1
57;10;0;0;40;-1
60;4;0;0;40;-1
20;9;0;0;25;-1
38;9;0;0;42;-1
60;10;0;1;40;-1
44;9;1;1;40;-1
19;10;0;1;25;-1
59;14;2;1;35;-1
50;9;0;0;40;-1
35;13;0;0;40;1
46;10;0;0;40;-1
18;10;1;0;35;-1
32;3;2;0;40;-1
32;11;0;1;40;-1
39;9;0;0;40;1
25;9;0;1;40;-1
38;10;0;0;80;1
36;12;0;1;37;-1
56;10;0;0;40;1
35;13;0;0;40;1
56;9;0;0;41;-1
17;6;0;0;14;-1
56;9;0;1;40;-1
61;8;0;0;40;-1
25;10;0;0;43;-1
27;9;1;1;40;-1
50;9;0;0;30;-1
33;11;0;0;62;-1
38;10;0;0;60;-1
51;7;0;0;40;-1
27;12;0;0;42;-1
49;14;0;1;16;-1
26;9;1;1;40;-1
42;14;0;0;60;1
38;10;0;1;40;-1
48;9;0;0;40;1
30;9;0;0;40;-1
25;13;0;1;50;-1
50;13;0;0;40;1
54;9;0;0;36;1
37;7;0;0;40;-1
17;6;1;1;24;-1
57;9;0;0;38;-1
33;6;1;0;20;-1
41;14;0;0;65;-1
45;13;2;1;40;-1
50;9;0;0;48;-1
18;9;0;0;25;-1
19;10;0;1;20;-1
26;10;2;1;40;-1
61;12;0;0;2;1
67;7;0;0;40;-1
41;10;0;0;40;1
29;9;0;0;50;-1
27;10;1;0;40;-1
35;9;0;1;38;-1
37;13;0;0;90;1
22;7;0;0;40;-1
25;6;0;1;24;-1
26;9;0;0;50;-1
27;9;0;0;40;-1
51;9;0;0;40;-1
45;9;2;0;40;1
60;9;0;0;40;-1
35;10;0;0;55;1
24;9;0;0;40;-1
40;9;0;1;40;-1
69;9;0;1;20;-1
52;10;0;1;40;1
38;9;0;1;35;-1
18;7;0;1;49;-1
24;11;0;0;40;-1
52;10;0;0;60;-1
21;9;0;0;44;-1
64;10;0;1;8;-1
25;10;1;0;40;-1
34;14;0;0;50;1
39;9;0;0;50;-1
26;9;0;0;52;-1
19;6;0;0;25;-1
35;9;0;0;50;1
26;14;0;1;40;-1
38;9;0;0;35;-1
45;10;0;0;65;-1
18;7;0;1;28;-1
51;10;0;1;63;-1
36;9;1;1;28;-1
18;10;0;1;16;-1
37;13;0;0;60;1
39;9;0;1;40;1
21;10;0;0;40;-1
33;9;0;1;35;-1
23;13;1;1;40;-1
52;9;1;0;40;-1
28;9;0;1;40;-1
23;10;0;0;40;-1
48;10;0;0;40;1
17;7;0;1;20;-1
22;10;0;1;3;-1
26;9;2;0;80;1
40;9;0;0;40;-1
90;6;0;0;40;-1
28;9;0;1;40;-1
44;9;0;0;40;-1
43;9;1;0;40;1
17;6;0;0;8;-1
49;13;0;0;40;1
27;13;0;0;50;-1
60;9;0;1;40;-1
33;9;3;1;40;-1
53;6;0;0;50;1
19;10;0;0;40;-1
28;9;0;0;40;-1
22;12;0;0;20;-1
48;9;0;0;60;-1
19;10;0;1;25;-1
58;10;1;0;40;-1
19;10;0;1;25;-1
37;9;2;1;42;-1
22;10;0;0;40;-1
52;15;0;0;50;1
31;13;0;0;50;-1
62;9;0;0;40;-1
26;13;0;0;50;-1
64;9;0;1;24;-1
38;10;0;0;40;-1
28;9;0;1;40;-1
19;9;0;1;52;-1
39;9;0;1;10;-1
50;6;0;0;40;1
39;14;0;1;40;1
36;13;0;0;40;-1
39;11;0;0;49;-1
51;12;0;1;25;-1
28;9;0;1;32;-1
57;15;0;0;30;1
40;15;1;1;40;-1
27;10;0;1;40;-1
49;9;0;1;44;-1
34;6;0;1;40;-1
24;9;0;0;40;-1
54;4;0;0;40;-1
52;8;0;0;45;-1
43;7;0;1;25;-1
84;3;0;0;15;-1
79;12;0;1;2;1
35;10;0;0;46;-1
56;9;0;0;30;-1
30;9;0;0;40;-1
54;9;0;1;40;-1
35;13;2;0;50;-1
32;10;1;1;40;-1
44;13;0;0;60;1
32;9;0;1;10;-1
60;8;0;0;40;-1
40;10;0;0;45;-1
50;4;1;0;40;-1
58;5;0;0;50;1
41;9;0;0;45;1
28;9;0;0;40;1
53;9;0;0;35;-1
17;5;0;1;25;-1
45;9;0;1;40;-1
23;9;0;1;30;-1
25;10;0;0;50;-1
40;10;0;0;35;1
28;13;0;1;60;-1
27;8;0;0;40;-1
19;10;0;0;15;-1
24;9;1;0;25;-1
38;13;0;0;40;-1
24;14;1;1;40;-1
18;7;1;0;7;-1
58;9;0;1;40;-1
35;14;0;0;44;1
43;5;0;1;20;-1
24;9;0;0;40;-1
63;5;1;0;40;-1
40;5;0;0;40;-1
21;13;0;0;20;-1
20;10;0;0;40;-1
49;10;0;0;20;1
47;9;0;0;40;-1
48;9;0;0;36;-1
23;12;0;0;40;-1
35;13;0;0;40;1
46;10;0;1;20;-1
18;8;0;0;25;-1
28;13;0;0;50;1
62;13;0;0;4;-1
20;9;0;1;20;-1
28;9;0;0;40;-1
57;9;0;0;40;-1
56;4;0;0;40;-1
33;9;0;0;40;-1
19;9;0;0;40;-1
29;9;0;0;40;-1
30;10;0;0;55;-1
53;13;0;1;57;-1
25;2;0;1;40;-1
44;9;0;0;38;-1
22;10;0;0;28;-1
40;9;0;0;40;-1
25;11;0;0;40;-1
30;4;0;0;40;-1
51;11;0;1;38;-1
17;7;0;1;24;-1
46;13;0;0;40;1
50;10;0;0;40;1
34;10;0;1;50;-1
42;14;0;0;50;-1
41;13;0;0;40;-1
32;13;3;0;40;-1
32;9;0;0;40;-1
47;10;0;0;70;-1
50;10;0;0;40;-1
77;4;0;1;23;-1
33;9;0;0;40;-1
47;9;0;0;48;-1
64;7;0;0;40;-1
34;9;0;0;50;-1
34;9;1;1;35;-1
37;9;0;0;40;-1
34;13;0;0;40;1
22;10;0;1;29;-1
50;16;0;0;64;-1
60;13;0;0;45;1
46;13;0;1;43;-1
43;9;0;1;44;-1
48;14;0;0;40;1
48;10;0;1;43;-1
37;10;0;0;40;-1
51;14;0;0;40;1
52;14;0;0;45;1
27;3;2;1;20;-1
43;14;0;0;40;1
23;9;1;0;25;-1
35;10;0;1;40;-1
49;6;0;1;38;-1
51;13;0;1;40;1
71;9;0;0;9;-1
63;9;0;1;40;-1
41;14;0;1;35;-1
24;10;0;1;40;-1
41;10;0;1;45;-1
33;12;0;0;40;-1
42;10;1;0;40;-1
23;13;2;0;40;-1
49;11;0;1;38;-1
28;8;0;0;40;-1
31;3;0;0;56;-1
28;13;1;0;35;-1
37;7;0;0;25;-1
19;10;0;0;40;-1
51;13;0;0;26;-1
25;11;0;0;41;-1
49;9;0;0;50;-1
47;9;0;1;45;-1
48;9;0;0;40;-1
41;9;0;1;40;-1
32;9;0;1;40;-1
26;9;0;1;16;-1
46;9;1;0;40;-1
17;6;0;1;20;-1
34;7;0;0;43;-1
44;9;0;1;30;-1
23;12;0;1;20;-1
65;10;2;0;20;-1
34;13;0;0;45;-1
34;15;0;0;40;1
39;11;0;0;40;-1
34;7;0;0;40;-1
21;9;0;0;40;-1
53;4;0;0;45;-1
54;14;0;0;50;1
32;10;0;1;40;-1
39;13;0;0;35;-1
39;10;0;1;40;-1
29;9;0;0;40;-1
29;9;0;1;40;-1
43;9;0;0;42;1
20;10;0;0;15;-1
39;14;0;0;40;-1
45;10;0;1;40;-1
36;10;0;0;40;-1
71;11;0;1;40;-1
62;9;0;0;40;-1
31;9;1;1;58;-1
39;9;0;0;60;1
45;9;1;0;40;1
19;9;0;0;50;-1
43;10;0;0;48;1
32;11;0;0;40;-1
43;13;0;1;60;-1
34;13;0;0;27;-1
66;10;0;0;40;-1
46;12;0;1;40;-1
23;13;0;1;40;-1
41;13;0;0;40;1
63;9;1;0;40;-1
35;15;0;0;50;1
28;5;0;0;50;1
37;13;0;0;55;1
63;9;0;0;20;-1
43;13;0;0;42;1
30;11;0;0;60;-1
36;14;0;1;60;1
54;13;0;0;40;1
36;13;0;0;50;1
77;13;0;0;50;1
28;9;2;1;40;-1
39;9;0;0;72;1
37;13;2;0;40;-1
22;13;0;1;35;-1
54;13;0;1;50;-1
21;10;0;1;20;-1
36;6;0;0;40;-1
62;9;0;1;30;-1
40;10;0;0;40;1
47;10;1;1;40;-1
38;13;0;0;70;1
28;3;0;0;40;-1
46;13;0;1;40;-1
22;10;0;0;35;-1
37;9;0;1;25;-1
69;6;0;1;28;-1
43;13;0;0;50;1
53;13;2;1;21;1
20;9;1;1;35;-1
22;13;0;0;50;-1
48;5;0;0;44;-1
40;14;0;0;40;1
68;10;0;0;20;-1
23;6;0;0;60;-1
25;13;0;1;38;1
22;9;1;0;40;-1
23;8;0;0;30;-1
41;13;0;0;45;1
25;10;0;1;25;-1
58;10;0;0;40;-1
33;9;2;0;45;-1
28;14;0;0;48;-1
19;7;0;1;25;-1
44;10;0;1;40;-1
68;1;0;0;10;-1
33;9;0;0;40;1
24;9;0;1;40;-1
44;9;0;0;50;-1
31;9;0;1;40;-1
29;9;0;1;40;-1
65;5;0;1;40;-1
55;9;0;1;40;-1
49;9;0;0;40;-1
27;9;1;1;40;-1
41;9;0;0;30;-1
33;10;0;0;50;1
22;9;0;0;40;-1
66;9;1;0;4;-1
38;10;0;0;60;-1
43;9;0;0;42;1
40;10;0;0;40;-1
32;10;0;0;40;1
30;9;0;1;35;-1
35;13;0;0;40;-1
33;13;2;0;60;-1
36;13;0;0;55;1
33;13;0;0;60;-1
53;9;0;0;60;1
27;13;0;0;45;-1
22;13;0;1;15;-1
26;9;1;0;36;-1
64;9;0;1;21;-1
48;10;0;1;45;-1
23;9;0;1;40;-1
26;10;0;1;40;-1
35;13;0;0;40;-1
46;10;0;0;40;1
65;10;0;1;45;-1
18;3;0;0;54;-1
34;15;0;0;55;1
28;9;0;1;40;-1
37;13;0;0;60;1
61;13;0;0;10;-1
31;13;0;1;35;-1
25;13;0;1;40;-1
81;2;0;0;15;-1
47;9;1;1;35;-1
39;9;0;0;40;-1
37;10;1;0;30;-1
44;9;0;0;45;1
37;12;0;0;45;-1
41;10;0;0;50;1
27;3;0;1;40;-1
55;10;0;0;40;1
60;13;0;0;40;1
22;12;0;0;36;-1
23;13;0;0;25;-1
19;9;0;1;60;-1
45;10;0;0;44;1
36;9;1;1;30;-1
46;13;0;0;40;1
48;7;0;0;40;-1
39;9;0;0;50;-1
29;13;0;0;20;-1
39;9;0;1;40;-1
26;9;3;1;40;-1
37;12;0;0;25;-1
49;10;0;1;40;1
27;13;0;0;40;-1
28;6;0;0;40;-1
35;10;0;1;30;-1
17;6;0;0;40;-1
18;9;2;0;40;-1
33;10;3;1;38;-1
33;12;2;0;60;-1
51;10;0;1;35;-1
49;9;2;1;40;-1
41;10;0;0;35;1
64;2;0;1;12;-1
40;10;0;0;40;1
49;9;0;1;40;-1
23;13;0;1;40;-1
34;10;0;1;40;-1
47;10;0;0;86;-1
36;12;0;0;40;1
23;13;0;1;40;-1
47;10;0;0;80;-1
61;9;0;1;40;-1
47;13;0;0;40;-1
56;13;0;0;40;1
20;8;0;1;55;-1
33;9;0;1;46;1
36;9;0;0;50;1
38;9;0;1;35;-1
34;10;0;0;40;1
56;9;0;0;50;-1
32;11;0;1;23;-1
49;13;0;0;40;1
71;9;0;0;40;1
19;10;0;1;15;-1
20;10;0;1;40;-1
42;9;0;1;35;-1
51;10;0;1;20;1
38;10;1;1;40;-1
38;6;0;0;40;1
35;13;0;0;25;-1
24;13;1;1;40;-1
40;9;1;0;40;-1
21;9;0;0;35;-1
49;9;0;0;40;-1
18;10;1;1;24;-1
52;13;0;1;42;-1
27;13;0;1;60;-1
20;9;0;0;40;-1
31;10;0;0;40;-1
25;9;0;1;40;-1
19;10;0;0;20;-1
33;10;0;0;50;-1
23;13;0;0;40;-1
34;14;0;1;40;-1
37;14;0;1;40;-1
25;13;0;1;40;-1
40;11;0;0;40;-1
33;13;0;1;40;-1
31;10;0;1;40;-1
32;13;0;0;45;-1
63;13;0;0;8;1
54;13;0;0;70;1
32;9;0;0;44;-1
29;9;1;0;40;-1
26;10;0;0;40;-1
39;10;0;0;60;-1
54;10;0;0;40;-1
57;6;0;0;40;-1
23;13;0;0;40;-1
27;10;0;0;45;1
42;13;0;0;55;1
31;6;0;0;40;-1
49;14;0;1;60;-1
50;9;0;0;40;-1
46;9;0;1;30;-1
37;9;0;0;60;-1
26;9;0;0;40;-1
27;13;0;1;35;-1
24;10;0;0;25;-1
24;9;0;0;40;-1
29;9;0;1;34;-1
47;13;0;0;50;1
26;12;0;1;45;-1
20;10;0;0;40;-1
36;9;0;0;50;-1
25;14;0;0;40;-1
46;13;0;0;40;1
29;10;0;0;40;1
18;7;0;1;20;-1
46;11;0;0;40;-1
61;13;0;0;50;1
41;9;0;1;40;-1
50;10;1;1;40;-1
36;13;0;0;60;-1
38;10;1;1;40;-1
75;9;0;0;35;-1
26;11;0;1;40;1
44;13;0;0;40;1
25;9;0;1;40;-1
31;10;0;1;40;-1
49;8;2;0;35;-1
34;9;0;0;48;-1
31;9;0;0;40;-1
47;10;0;0;40;-1
18;9;0;1;20;-1
42;9;0;0;40;-1
29;13;0;0;40;-1
38;10;0;0;75;-1
22;10;1;1;20;-1
32;9;0;0;40;-1
20;10;0;0;48;-1
41;15;0;0;50;-1
46;9;1;0;46;1
44;9;0;1;38;-1
35;13;0;1;40;-1
18;10;0;0;25;-1
36;5;0;0;25;-1
30;10;0;0;40;-1
40;16;0;0;50;1
25;13;0;1;40;-1
26;4;0;0;40;-1
66;9;0;1;40;1
48;4;0;0;32;-1
35;10;0;0;50;-1
41;14;0;0;45;1
19;10;0;1;20;-1
55;9;0;0;40;-1
45;10;0;0;50;-1
29;13;0;0;40;-1
65;9;0;1;20;-1
30;12;2;0;40;-1
43;10;0;0;40;-1
61;4;0;0;40;-1
22;10;0;1;50;-1
23;7;0;1;40;-1
34;9;0;0;40;-1
51;9;0;1;35;-1
21;10;0;1;15;-1
31;12;2;0;40;-1
34;12;0;1;35;-1
33;10;1;1;40;1
44;7;0;0;40;1
21;10;1;0;20;-1
75;9;0;1;20;-1
55;14;2;0;60;1
43;9;0;1;16;-1
31;9;0;0;45;-1
41;10;0;0;45;-1
26;14;0;0;50;-1
23;11;1;1;40;-1
42;9;1;1;40;-1
29;9;0;1;40;-1
21;9;0;0;50;-1
28;13;0;0;40;-1
64;9;0;0;40;-1
35;10;1;1;40;-1
65;13;0;0;20;-1
58;13;0;0;50;-1
63;15;0;0;30;1
59;9;0;1;40;-1
30;11;0;0;40;1
28;13;0;0;40;-1
51;3;1;0;8;-1
34;9;0;0;40;-1
51;10;0;1;40;-1
41;9;0;0;40;-1
57;10;0;0;40;1
28;11;0;0;60;-1
62;9;0;1;18;-1
22;10;0;0;20;-1
38;13;0;0;40;1
34;7;0;0;30;-1
45;9;0;0;40;1
37;12;0;0;55;-1
21;9;0;0;40;-1
49;9;1;0;40;-1
24;9;1;0;40;-1
20;10;0;1;24;-1
27;15;0;1;50;1
40;9;0;1;40;-1
19;10;0;1;30;-1
31;13;0;1;40;-1
39;9;0;0;40;-1
50;9;0;0;40;-1
52;11;0;1;40;-1
44;14;0;1;45;-1
50;9;0;0;55;1
17;6;0;0;35;-1
33;9;1;0;40;-1
28;6;0;1;40;-1
39;13;0;0;60;-1
33;11;0;0;40;-1
59;4;0;0;32;-1
74;2;1;1;15;-1
54;10;0;0;40;1
31;12;0;0;55;-1
31;10;0;1;40;-1
20;10;2;1;20;-1
57;15;0;0;36;-1
49;9;2;1;40;-1
19;9;0;0;30;-1
38;9;0;0;40;-1
39;9;0;0;42;1
32;10;0;0;40;-1
57;13;0;1;40;-1
38;15;0;0;99;1
25;13;0;1;38;-1
40;13;0;1;45;-1
34;13;0;0;48;1
35;9;0;0;50;-1
53;10;0;1;34;-1
21;10;0;0;40;-1
43;13;0;0;40;-1
43;9;0;0;60;-1
22;11;1;1;35;-1
64;9;0;0;35;-1
19;8;0;0;28;-1
34;9;0;0;70;-1
46;9;0;1;40;-1
35;9;0;0;40;-1
32;10;0;0;60;-1
26;10;0;0;40;-1
25;9;0;0;40;-1
55;13;0;0;55;1
22;10;0;1;40;-1
29;10;0;0;20;-1
38;9;0;0;99;-1
55;10;0;1;35;-1
26;9;0;0;40;-1
34;13;3;0;60;-1
25;9;0;1;40;-1
18;7;0;0;25;-1
58;5;0;0;40;-1
34;11;0;1;40;-1
29;10;2;0;45;-1
49;16;0;0;50;1
38;13;0;1;35;-1
21;10;0;0;35;-1
28;13;0;0;40;1
42;10;0;1;40;1
29;12;0;0;60;-1
48;9;0;1;45;-1
40;13;0;0;40;-1
36;10;0;0;40;1
34;13;0;0;60;1
57;2;0;0;35;-1
24;5;0;0;40;-1
32;5;0;1;23;-1
18;9;0;0;48;-1
39;9;0;0;56;-1
39;7;0;0;40;-1
18;7;0;1;12;-1
20;10;0;0;40;-1
27;5;0;1;40;-1
54;6;0;0;40;-1
40;9;0;0;75;1
27;10;0;0;30;-1
27;9;0;1;40;-1
43;13;0;0;50;-1
22;13;0;1;40;-1
17;7;0;1;12;-1
37;12;0;0;50;1
33;11;1;0;40;-1
45;9;0;0;40;-1
33;9;0;0;40;-1
71;9;0;0;36;-1
23;13;0;1;45;-1
41;15;0;0;80;1
21;6;0;1;30;-1
47;9;0;1;20;-1
30;13;0;0;65;-1
40;10;0;1;40;-1
44;10;0;1;48;-1
31;9;0;0;40;-1
68;9;0;0;24;-1
38;13;0;0;40;-1
78;7;0;0;10;-1
31;11;0;0;55;-1
39;9;0;0;40;-1
46;14;0;1;50;-1
30;10;2;0;50;1
34;10;0;0;35;-1
30;9;1;0;35;-1
47;13;1;0;40;1
40;10;0;1;17;1
62;9;0;0;40;-1
44;9;1;0;70;-1
40;9;0;1;40;-1
20;10;0;0;40;-1
45;13;0;0;40;1
51;9;0;1;40;-1
38;10;0;0;40;-1
49;14;0;0;40;1
30;9;0;1;26;-1
20;10;0;0;40;-1
34;5;1;0;40;-1
42;9;0;1;40;-1
43;13;0;1;40;1
62;9;0;1;38;-1
21;10;0;1;70;-1
58;2;1;0;40;-1
30;13;0;1;40;-1
37;9;0;0;70;-1
22;13;0;1;40;-1
64;5;0;1;38;-1
42;9;0;0;50;1
43;9;0;0;40;-1
34;10;0;1;40;-1
25;9;0;1;6;-1
21;10;0;0;40;-1
45;9;0;0;40;1
55;12;0;0;55;1
24;9;0;0;50;-1
70;10;0;0;35;-1
27;13;0;0;35;-1
34;10;0;0;40;-1
57;13;0;0;40;-1
37;9;0;0;40;-1
52;2;0;0;50;1
32;9;0;0;48;-1
42;11;0;0;40;-1
24;13;1;1;40;-1
50;9;1;0;40;-1
36;12;0;0;50;-1
42;9;0;0;40;-1
39;13;0;0;45;-1
38;13;1;0;52;-1
18;9;0;0;40;-1
63;3;0;1;3;-1
82;9;0;0;40;-1
33;9;0;0;45;-1
37;10;2;0;40;-1
24;9;0;0;40;-1
31;13;0;1;50;-1
59;9;0;1;40;-1
18;8;0;0;55;-1
47;10;0;0;40;-1
48;7;0;0;50;-1
27;13;3;1;33;-1
34;7;2;0;40;-1
50;11;0;0;84;-1
57;10;0;0;75;-1
60;9;0;0;40;-1
39;9;0;0;40;1
56;10;0;1;50;1
18;9;0;1;25;-1
26;12;0;1;75;-1
20;9;0;1;30;-1
29;14;0;0;45;-1
30;9;0;0;52;-1
21;10;0;0;15;-1
24;10;0;1;40;-1
51;9;0;0;40;-1
31;9;0;1;40;-1
36;10;0;0;40;-1
29;13;0;1;72;-1
20;9;0;1;35;-1
46;10;0;1;60;-1
44;9;0;0;45;-1
39;9;0;1;38;-1
39;13;0;0;55;-1
45;9;0;0;44;1
28;10;0;0;55;-1
44;10;0;1;35;-1
27;9;0;1;70;-1
34;9;0;0;40;-1
35;9;0;0;40;-1
28;9;0;0;40;-1
25;15;0;1;30;-1
21;10;1;1;20;-1
18;7;0;0;15;-1
63;4;0;1;10;-1
18;7;1;1;8;-1
32;9;0;0;40;-1
25;7;0;1;40;-1
19;7;0;0;20;-1
23;10;0;0;60;-1
38;14;2;0;40;-1
45;13;0;0;40;1
30;9;3;0;40;-1
24;10;1;1;25;-1
23;10;0;1;40;-1
27;9;0;0;50;-1
48;10;0;0;40;-1
31;9;0;0;44;-1
31;2;0;1;25;-1
18;8;0;1;25;-1
36;9;0;1;40;-1
22;9;0;1;40;-1
72;6;0;0;15;-1
61;6;0;0;55;-1
37;9;2;1;40;-1
30;9;0;0;50;1
40;12;0;1;40;-1
20;9;0;0;40;-1
65;13;0;0;15;-1
36;10;0;1;40;-1
37;9;0;0;40;-1
33;10;0;0;60;-1
64;9;0;1;40;-1
61;13;0;0;20;1
38;13;0;1;45;-1
24;13;2;1;40;-1
39;13;0;0;40;1
44;13;0;0;40;1
47;10;0;1;40;-1
73;15;0;0;40;-1
66;13;2;0;40;-1
53;10;0;0;50;1
43;13;0;0;55;1
57;16;0;0;40;1
44;12;0;1;45;-1
52;9;1;1;40;-1
46;10;0;0;40;-1
20;10;0;1;40;-1
37;9;0;0;40;1
41;10;0;0;50;-1
30;9;0;0;55;-1
59;10;0;0;56;-1
22;13;0;1;40;-1
40;9;0;1;30;-1
39;13;0;0;50;-1
24;6;0;1;58;-1
63;9;0;0;40;1
51;12;0;1;40;-1
34;13;0;0;50;-1
38;11;0;0;50;1
17;7;0;1;15;-1
20;10;0;1;25;-1
42;9;0;0;40;-1
41;13;0;1;12;1
56;9;0;0;40;-1
17;6;0;0;5;-1
23;10;0;1;40;-1
33;10;0;0;40;-1
36;13;0;0;40;-1
37;3;2;0;40;-1
52;9;1;1;40;-1
28;9;0;0;50;-1
59;9;0;0;40;-1
30;6;2;0;40;-1
32;11;0;0;40;-1
30;4;0;0;50;-1
53;9;1;0;40;-1
54;6;0;0;36;-1
26;13;1;0;50;-1
31;11;2;1;40;-1
34;9;0;0;40;-1
30;9;0;0;40;-1
53;9;0;0;40;-1
27;10;0;1;20;-1
23;3;0;0;40;-1
24;11;0;0;45;-1
33;9;1;1;35;-1
22;10;0;1;10;-1
47;9;0;0;44;-1
44;15;0;0;40;1
41;11;0;1;45;-1
45;9;2;0;4;-1
24;9;0;0;44;-1
65;13;0;0;40;-1
45;13;0;1;50;-1
23;13;0;0;55;-1
54;9;0;0;40;-1
40;7;0;1;37;-1
45;3;0;1;35;-1
50;9;0;0;40;-1
40;12;0;0;25;-1
24;10;0;0;40;-1
50;10;0;0;60;1
58;10;0;0;40;-1
47;10;0;0;46;-1
37;16;0;0;99;1
37;9;0;0;35;-1
22;12;0;0;45;-1
29;9;0;0;48;-1
45;13;2;0;40;1
49;10;0;0;60;-1
72;9;0;1;16;-1
63;9;0;0;12;-1
26;9;0;0;50;-1
58;11;0;0;42;-1
40;9;0;0;50;-1
56;10;0;0;40;-1
55;10;0;0;72;-1
28;13;0;1;45;-1
57;9;0;1;40;-1
37;14;0;0;45;1
44;9;0;1;40;-1
31;9;0;0;40;-1
42;10;0;0;40;-1
18;10;0;1;25;-1
57;6;0;0;40;-1
53;10;0;0;35;-1
38;9;0;0;44;1
33;9;0;1;50;-1
42;14;0;1;40;-1
70;9;0;0;60;-1
50;9;0;0;50;-1
50;9;0;0;40;-1
28;12;0;0;40;-1
72;7;0;1;8;-1
33;9;0;0;40;-1
47;9;2;0;25;-1
48;10;0;0;40;1
64;13;0;0;24;1
19;7;0;1;35;-1
48;11;0;1;40;-1
24;14;0;1;45;-1
42;9;0;1;40;-1
43;9;0;1;50;1
34;12;1;1;40;-1
55;14;0;0;60;-1
22;9;0;0;40;-1
39;10;0;1;60;-1
50;13;0;0;35;-1
25;13;0;1;20;-1
52;7;0;1;20;-1
30;9;0;0;40;-1
37;9;0;0;50;-1
73;9;0;0;20;-1
50;4;0;0;60;-1
34;10;0;0;45;-1
24;12;1;0;40;-1
66;10;0;0;24;1
22;9;0;0;55;-1
69;6;0;0;25;-1
23;9;0;0;40;-1
55;13;0;1;40;-1
35;10;0;1;30;-1
20;10;0;1;35;-1
70;10;0;0;20;1
34;9;2;0;40;-1
38;16;0;0;45;1
33;4;0;0;40;-1
43;9;0;1;26;-1
60;10;0;0;40;-1
32;9;0;0;55;-1
34;9;0;0;45;-1
46;14;0;0;25;-1
30;10;2;0;84;-1
23;9;2;1;20;-1
29;10;0;0;40;-1
51;9;0;0;60;-1
31;4;0;0;25;-1
36;9;1;1;36;-1
23;10;1;0;22;-1
35;9;0;0;30;-1
28;14;0;1;40;-1
33;13;0;0;40;1
40;10;0;0;40;-1
27;10;0;0;45;-1
38;9;0;0;40;1
25;10;1;1;56;1
38;10;1;1;40;-1
66;10;0;0;40;1
65;10;1;1;40;-1
30;11;0;0;40;1
54;7;0;1;43;-1
49;8;0;1;40;-1
41;11;0;1;15;1
48;9;0;0;40;1
23;3;0;1;12;-1
77;9;0;0;25;-1
19;10;0;1;20;-1
30;9;0;1;30;-1
35;9;0;0;55;1
20;10;0;1;40;-1
49;9;0;1;40;-1
52;13;0;0;45;1
24;14;0;1;35;1
50;9;0;0;15;-1
22;7;0;0;65;-1
19;10;0;0;20;-1
39;7;0;1;30;-1
45;13;2;0;38;-1
61;13;0;0;30;-1
45;12;0;0;55;-1
36;13;0;0;40;-1
38;9;0;0;50;-1
52;10;1;0;40;-1
29;11;0;0;42;1
33;9;0;0;40;-1
40;10;0;0;40;-1
34;9;0;0;55;-1
46;13;1;0;50;1
19;9;0;1;13;-1
44;9;0;1;40;1
40;9;2;0;40;-1
20;10;0;1;2;-1
24;12;0;0;30;-1
76;9;0;0;17;-1
20;9;0;0;40;-1
33;15;0;0;40;1
31;10;0;0;40;-1
33;9;0;1;40;-1
19;9;0;0;35;-1
30;9;0;0;45;-1
42;13;0;0;40;-1
37;7;0;0;40;-1
28;9;0;1;28;-1
42;10;0;0;52;1
76;9;0;1;25;-1
21;11;0;1;40;-1
29;10;0;0;40;-1
43;13;0;0;40;1
44;9;0;0;38;-1
38;10;1;1;40;-1
28;10;0;0;50;1
29;9;0;1;40;-1
20;10;0;0;40;-1
49;14;0;0;40;1
36;10;0;0;56;1
40;13;0;0;50;1
17;8;0;1;30;-1
45;9;0;0;40;-1
42;10;0;0;28;-1
29;13;1;1;40;-1
23;13;0;0;40;-1
20;10;1;1;40;-1
23;9;0;0;24;-1
39;9;0;0;40;-1
34;10;0;0;40;1
43;13;0;0;45;-1
25;10;0;0;40;-1
40;10;0;0;60;-1
52;9;0;0;25;-1
48;9;0;1;36;-1
37;11;1;1;6;-1
36;9;0;0;50;-1
33;11;0;0;40;-1
36;9;0;1;40;1
24;13;0;0;10;-1
42;9;0;0;40;-1
35;12;0;0;40;-1
40;9;0;1;22;-1
50;15;2;0;40;-1
40;14;0;0;50;1
22;9;1;0;40;-1
57;9;0;0;40;-1
51;9;0;0;40;1
61;9;0;1;35;-1
71;9;0;1;20;-1
47;9;0;0;40;1
38;13;0;1;45;-1
25;13;0;0;65;-1
33;7;0;0;50;-1
40;7;0;1;52;-1
39;7;1;1;40;-1
33;9;0;0;40;-1
46;10;1;1;36;-1
24;9;0;1;40;1
28;14;3;0;30;-1
20;9;0;0;40;-1
34;10;0;1;40;-1
34;13;0;0;55;-1
25;10;1;1;40;-1
36;13;0;0;40;-1
61;9;0;0;40;-1
38;10;0;1;58;-1
20;9;0;1;40;-1
56;9;0;1;10;-1
24;13;0;1;40;-1
60;10;0;1;48;-1
37;10;0;0;50;-1
27;10;0;0;40;1
54;10;0;0;28;-1
40;9;2;0;30;-1
18;8;0;0;15;-1
51;9;0;0;40;1
40;10;0;0;50;1
64;9;0;0;8;-1
33;9;1;1;38;-1
31;9;0;1;40;-1
31;2;0;0;37;-1
39;8;1;0;45;-1
22;10;0;0;40;-1
31;10;0;0;40;-1
68;3;0;0;12;-1
59;6;0;1;37;-1
25;13;0;0;40;-1
23;9;0;0;40;-1
35;10;0;0;60;-1
17;6;0;0;30;-1
19;10;0;0;45;-1
59;3;0;1;40;-1
37;9;0;1;37;-1
74;9;0;0;20;-1
28;10;0;0;50;-1
40;13;0;0;40;-1
30;10;0;0;40;-1
20;10;1;0;40;-1
80;15;0;0;35;1
51;9;1;0;40;-1
17;6;0;0;15;-1
37;13;0;0;40;-1
19;9;1;1;24;-1
58;9;0;0;40;-1
57;10;0;0;40;-1
37;10;0;0;40;-1
23;10;2;0;40;-1
36;13;0;1;32;-1
33;9;0;0;40;-1
30;10;0;1;40;-1
30;9;0;1;24;-1
57;10;2;0;60;1
23;9;0;0;40;-1
53;9;1;1;40;-1
31;10;0;0;13;-1
41;3;0;0;40;-1
36;9;0;0;40;-1
30;8;0;1;40;-1
44;9;0;0;40;-1
36;9;0;0;40;-1
42;12;0;0;40;1
48;9;0;0;30;-1
22;13;0;0;40;-1
38;9;0;0;40;-1
31;9;0;0;50;-1
35;9;1;0;40;-1
21;10;0;0;43;-1
26;9;0;0;40;-1
19;9;1;1;40;-1
43;9;1;1;42;1
33;9;0;0;60;-1
30;13;0;0;10;-1
52;6;0;0;45;-1
38;13;0;0;40;1
28;13;0;0;46;1
57;12;0;0;40;-1
51;13;0;0;50;1
50;5;0;0;48;-1
32;13;2;0;50;1
37;9;0;0;40;-1
69;9;0;0;33;-1
33;10;2;0;30;-1
37;10;0;0;50;1
47;9;0;0;45;1
63;6;0;0;40;-1
21;10;0;0;65;-1
17;9;0;0;35;-1
56;9;0;0;40;-1
90;12;2;0;20;-1
27;10;0;1;38;-1
38;9;0;1;20;-1
33;12;0;0;50;-1
26;9;0;1;40;-1
20;10;0;1;35;-1
42;7;0;0;40;-1
55;9;0;1;40;-1
32;10;1;1;40;-1
49;10;0;1;40;-1
34;9;1;0;45;-1
38;13;0;0;50;1
40;9;0;0;40;-1
22;12;0;0;20;-1
46;9;0;0;40;-1
29;9;0;0;50;-1
19;8;2;0;20;-1
71;9;0;1;40;-1
52;14;0;0;32;1
27;14;0;1;46;-1
52;9;0;1;40;-1
37;10;0;0;50;1
28;9;0;0;40;-1
25;4;0;0;40;-1
31;10;0;0;50;-1
29;9;0;0;40;-1
45;9;0;1;35;-1
69;4;0;0;20;-1
50;7;1;0;40;-1
54;16;0;0;46;1
17;5;0;1;20;-1
32;9;0;1;5;-1
23;10;0;0;40;-1
66;13;0;0;45;1
61;9;0;0;40;-1
55;10;0;1;40;-1
24;9;0;0;40;-1
49;11;0;0;45;1
21;10;0;1;3;-1
56;9;0;0;50;1
25;9;0;0;40;-1
49;13;0;0;40;-1
58;13;0;0;40;1
40;13;0;0;40;-1
62;14;0;1;45;-1
54;13;0;0;25;1
34;11;0;1;40;-1
18;6;0;0;30;-1
28;7;1;1;40;-1
32;9;2;0;40;-1
22;13;0;1;35;-1
34;13;0;0;48;-1
53;13;0;0;30;1
47;9;0;0;40;-1
19;10;0;1;40;-1
56;4;0;0;20;-1
42;9;1;1;40;-1
42;9;0;0;50;-1
57;4;0;0;40;1
40;14;0;0;50;1
62;9;0;1;40;-1
20;10;0;0;16;-1
47;10;0;0;50;-1
40;10;0;0;40;-1
44;9;2;1;40;1
48;13;0;0;55;-1
39;11;0;0;60;1
46;10;1;0;40;1
53;9;0;0;30;-1
47;10;0;0;40;1
40;9;0;0;45;-1
34;9;2;0;40;-1
41;9;0;0;40;-1
41;9;0;0;40;-1
20;10;0;0;35;-1
42;2;0;0;60;-1
54;13;0;0;50;-1
39;13;0;1;40;-1
37;9;0;0;40;-1
59;16;0;0;40;-1
24;13;1;1;35;-1
21;10;0;0;30;-1
68;9;0;0;32;-1
20;10;0;0;40;-1
26;11;0;1;35;-1
48;8;0;1;50;-1
21;12;0;1;18;-1
22;9;0;1;42;-1
34;11;0;1;40;-1
33;10;0;0;45;1
46;5;0;0;40;-1
65;13;0;0;40;1
23;9;0;0;40;-1
28;10;0;1;30;-1
34;9;0;0;60;1
20;10;0;0;40;-1
28;7;0;0;40;-1
52;13;0;0;60;-1
40;14;2;1;38;1
22;13;0;1;7;-1
29;9;0;0;45;-1
31;4;0;0;60;-1
38;9;1;1;40;-1
22;7;0;0;70;1
21;10;0;0;40;-1
43;5;0;0;40;-1
43;13;0;0;50;1
33;10;0;0;50;-1
17;6;1;0;35;-1
45;9;0;1;40;-1
55;6;0;0;45;-1
51;9;0;0;35;1
65;6;0;0;40;-1
21;13;2;1;45;-1
40;9;1;1;40;-1
58;10;1;1;37;-1
53;9;0;1;58;-1
56;9;0;0;40;-1
37;10;0;0;50;-1
44;13;0;0;40;-1
49;5;0;0;38;-1
36;10;2;0;50;1
59;13;0;0;60;-1
33;9;0;1;40;-1
26;10;0;1;25;-1
25;14;0;0;40;-1
28;10;0;1;15;-1
41;12;0;1;38;-1
45;11;0;0;70;-1
43;9;0;0;40;-1
30;5;1;0;40;-1
33;9;0;0;50;-1
34;10;0;0;40;-1
21;11;0;0;30;-1
48;3;0;0;40;-1
22;10;0;1;20;-1
47;10;0;1;60;-1
27;13;2;1;40;-1
18;7;0;0;25;-1
43;14;0;0;40;1
36;10;0;1;20;-1
37;9;0;0;40;-1
24;11;0;0;20;-1
24;9;0;0;40;-1
48;13;1;0;40;1
75;2;1;1;16;-1
43;13;0;0;70;1
64;13;0;1;50;-1
36;9;0;1;40;-1
53;10;0;0;40;-1
22;10;1;0;20;-1
73;9;0;1;36;-1
46;9;0;1;40;-1
43;9;0;0;40;1
20;9;1;0;20;-1
43;10;2;0;40;-1
21;8;1;0;48;-1
40;9;1;1;25;-1
36;13;0;0;40;1
64;13;0;0;45;-1
19;10;0;1;40;-1
46;14;0;1;65;1
41;13;0;1;70;-1
29;10;0;1;8;-1
28;10;0;1;40;-1
23;10;0;0;45;-1
30;13;0;1;60;1
44;13;0;1;40;-1
27;9;0;0;45;1
25;9;0;1;34;-1
29;6;0;0;40;-1
54;9;0;0;40;1
27;13;0;0;65;-1
34;9;0;0;35;-1
38;10;0;0;50;-1
24;9;2;1;40;-1
56;14;0;1;40;1
35;9;0;0;62;-1
23;11;2;1;30;-1
23;10;0;0;40;-1
19;10;1;1;20;-1
48;9;2;1;84;-1
27;9;0;0;40;-1
22;12;0;0;15;-1
49;10;0;0;70;1
23;10;0;0;20;-1
24;9;0;0;40;-1
34;9;2;0;40;-1
25;9;0;0;40;-1
33;10;0;0;50;-1
22;12;0;1;27;-1
54;9;0;1;30;-1
39;14;0;1;40;-1
25;13;0;1;40;-1
75;9;0;0;26;-1
28;9;1;0;30;-1
50;13;0;1;50;-1
62;13;0;0;55;1
40;9;0;0;40;-1
58;13;0;1;37;-1
24;12;0;1;40;-1
21;9;0;1;30;-1
48;9;0;0;60;-1
34;9;0;0;70;-1
23;9;3;1;40;-1
42;10;0;0;40;-1
52;9;0;0;60;-1
21;10;0;1;35;-1
56;13;0;1;60;-1
48;9;0;1;40;1
37;9;2;1;70;1
25;9;0;0;35;-1
40;13;0;0;40;1
34;7;1;0;45;-1
52;9;0;0;40;-1
36;9;0;0;40;-1
28;13;0;1;40;-1
31;13;0;0;60;1
20;10;0;0;9;-1
68;9;0;0;40;1
35;9;0;0;40;-1
32;9;1;0;40;-1
64;14;0;0;50;1
17;6;0;1;23;-1
25;13;0;0;20;-1
74;9;0;1;25;-1
31;11;0;0;40;-1
67;9;0;0;10;-1
29;9;0;0;40;-1
31;9;1;0;40;-1
21;9;0;0;37;-1
67;6;0;0;16;-1
41;9;0;0;40;1
27;13;0;1;36;-1
51;8;0;0;50;-1
21;7;0;1;40;-1
28;9;0;0;46;-1
21;10;0;0;40;-1
28;11;0;0;40;1
29;9;0;0;35;-1
39;9;0;0;70;-1
21;13;0;0;40;-1
43;11;0;0;40;-1
28;7;0;0;50;-1
31;5;0;0;43;1
18;9;0;0;30;-1
27;10;2;1;45;-1
34;10;0;0;40;-1
25;9;0;0;40;-1
34;13;0;0;40;-1
40;14;0;0;50;-1
21;9;1;1;35;-1
25;10;0;1;25;-1
21;9;0;1;40;-1
19;10;0;0;30;-1
49;12;0;0;40;1
20;10;0;0;20;-1
36;7;0;0;47;-1
32;10;1;1;40;-1
23;10;0;0;32;-1
21;10;0;0;10;-1
25;13;0;0;40;-1
26;3;0;0;40;-1
24;13;0;1;40;-1
22;10;0;1;20;-1
26;9;0;1;40;-1
22;5;0;0;40;-1
41;13;0;0;40;1
18;9;0;1;40;-1
24;13;0;0;40;-1
36;13;0;1;17;-1
45;14;0;1;55;-1
38;10;0;0;40;1
38;9;0;0;50;1
34;9;0;0;40;-1
53;12;1;0;40;-1
32;11;0;1;40;1
17;7;1;1;30;-1
31;9;0;0;48;-1
47;16;0;0;45;-1
27;9;0;0;50;-1
61;10;0;1;30;-1
33;9;0;0;40;-1
67;9;0;1;40;-1
38;13;0;0;40;-1
25;9;0;1;40;-1
33;3;3;1;40;-1
27;9;0;1;40;-1
45;9;0;0;60;1
24;13;2;1;40;-1
23;11;0;0;40;-1
48;10;0;1;40;-1
61;10;0;0;40;1
22;9;0;1;20;-1
34;11;0;1;40;-1
35;10;0;1;50;-1
36;6;0;0;40;-1
24;9;0;0;40;-1
60;5;0;0;40;-1
28;13;0;1;43;-1
64;9;0;0;20;-1
22;9;0;1;35;-1
27;3;0;1;65;-1
36;10;0;0;60;-1
27;9;1;1;30;-1
52;10;0;1;40;-1
57;9;0;0;45;-1
23;10;2;0;24;-1
29;9;0;0;40;-1
34;9;1;0;80;-1
38;9;1;1;30;-1
50;9;0;0;84;1
50;7;0;0;40;-1
51;13;0;1;40;1
17;6;0;0;40;-1
25;7;0;1;40;-1
19;9;0;0;40;-1
43;9;0;0;40;-1
18;5;0;0;40;-1
27;14;0;1;40;-1
39;11;0;0;60;-1
44;13;0;0;40;1
19;9;0;1;35;-1
32;9;0;0;40;-1
48;9;0;0;40;1
46;12;0;0;50;-1
65;7;0;1;20;-1
57;13;0;0;45;1
48;9;1;1;32;-1
27;6;0;0;40;-1
21;9;1;1;25;-1
20;10;0;1;12;-1
51;9;0;0;40;-1
29;9;0;0;70;-1
65;9;0;1;15;-1
20;9;0;1;35;-1
47;10;0;0;40;-1
17;5;0;1;16;-1
38;3;0;0;40;-1
38;14;0;0;40;1
39;9;0;1;4;-1
24;9;0;1;38;-1
52;6;0;0;41;-1
46;10;0;0;58;1
22;13;0;1;30;-1
56;14;0;0;50;-1
37;7;1;1;30;-1
59;13;0;0;55;1
31;5;3;0;45;-1
22;10;2;0;20;-1
48;16;0;1;60;1
63;13;0;0;60;-1
53;9;0;0;10;-1
38;11;0;0;40;1
39;12;0;0;24;-1
59;15;0;0;50;-1
45;9;0;0;40;-1
39;10;0;1;45;-1
60;9;0;1;35;-1
38;13;0;1;56;-1
31;9;0;0;40;-1
61;13;0;0;50;1
66;13;0;0;24;-1
26;13;2;0;20;-1
68;4;0;1;15;-1
32;10;0;0;60;-1
25;13;0;1;20;-1
43;9;0;0;40;-1
26;13;0;0;44;-1
66;6;0;1;11;-1
31;9;0;0;40;-1
35;3;2;0;50;-1
56;14;0;0;40;1
22;10;0;0;16;-1
46;13;1;0;40;1
33;10;0;1;35;-1
26;14;0;0;30;-1
42;13;0;0;50;-1
45;9;0;1;40;-1
43;10;3;1;6;-1
19;7;0;0;20;-1
27;13;0;1;99;-1
42;9;0;0;40;-1
38;13;0;0;45;1
44;9;0;1;40;-1
36;9;0;0;64;1
37;9;2;1;60;-1
29;13;0;0;50;1
53;9;0;1;40;-1
42;13;0;0;45;-1
80;10;0;1;20;-1
61;7;0;0;40;-1
20;10;0;1;25;-1
23;9;0;0;40;-1
48;10;0;0;40;1
24;13;0;1;50;-1
71;9;1;0;40;-1
49;7;0;1;6;-1
39;9;0;0;50;-1
22;13;0;1;25;-1
67;13;0;1;40;-1
18;9;0;1;25;-1
38;4;0;0;45;-1
50;9;0;1;40;-1
56;12;0;1;40;-1
23;10;0;1;20;-1
26;10;0;0;40;-1
32;9;0;0;40;-1
27;9;0;1;40;-1
43;12;0;0;60;-1
31;10;0;0;35;1
57;10;0;0;40;1
25;13;0;0;35;-1
22;11;1;1;36;-1
20;11;0;1;35;-1
39;10;0;1;40;-1
27;14;0;0;40;-1
41;9;0;0;40;-1
31;13;0;0;45;-1
41;12;0;0;20;-1
25;13;0;0;40;-1
29;12;1;0;40;1
22;9;0;0;50;-1
62;4;0;0;91;-1
29;9;3;1;40;-1
44;10;0;1;70;1
32;13;0;1;2;-1
19;9;1;1;40;-1
20;11;0;1;40;-1
65;10;1;0;40;1
24;9;0;1;36;-1
37;14;0;0;50;1
43;9;1;1;40;-1
38;13;0;1;60;1
28;12;0;1;35;-1
32;9;0;1;40;1
38;14;0;0;45;1
33;10;0;1;40;-1
42;13;0;0;60;1
27;9;0;0;40;-1
41;9;0;0;40;-1
47;14;0;0;60;1
55;7;0;0;45;-1
30;10;0;0;8;-1
54;10;0;1;50;-1
40;13;0;0;40;1
21;9;0;1;40;-1
34;13;0;1;25;-1
30;13;0;0;40;1
31;10;0;1;45;-1
22;9;0;0;37;-1
37;9;1;0;40;1
41;5;2;1;40;-1
52;14;0;1;40;-1
57;10;0;0;40;-1
48;10;0;1;48;-1
58;9;0;0;40;1
35;5;0;0;50;-1
40;9;0;1;45;-1
30;9;0;1;25;-1
26;9;0;0;40;-1
46;9;0;0;60;-1
26;10;1;0;40;-1
50;13;1;1;40;-1
22;9;0;0;50;1
36;14;2;1;40;-1
30;9;0;0;52;1
58;12;0;0;50;1
17;7;0;0;40;-1
19;9;0;1;40;-1
29;4;0;1;40;-1
20;9;1;1;25;-1
30;10;0;0;40;-1
47;10;0;1;45;-1
51;10;0;0;45;1
26;6;0;0;40;-1
24;10;0;0;42;-1
44;14;0;0;24;-1
43;9;0;0;50;1
35;13;0;0;50;-1
41;9;0;0;40;1
38;10;3;1;40;-1
54;6;0;1;43;-1
62;9;0;0;40;-1
45;16;0;0;60;-1
30;9;1;1;35;-1
32;9;0;0;40;-1
23;9;0;1;40;-1
84;11;0;1;14;-1
46;13;0;0;60;-1
29;13;0;0;40;1
33;11;0;0;55;1
23;10;0;0;42;-1
63;9;0;0;55;1
42;15;0;1;40;-1
17;7;2;1;20;-1
60;3;0;0;40;-1
31;8;0;0;40;-1
28;4;0;0;40;-1
31;5;1;0;48;-1
61;9;1;1;40;-1
43;15;0;0;50;1
40;10;1;1;49;-1
39;9;0;0;40;-1
37;10;1;1;27;-1
47;10;2;0;40;-1
45;10;0;0;65;1
30;9;0;0;60;-1
30;15;0;0;40;-1
51;9;0;0;40;1
31;13;0;1;72;1
48;13;0;1;25;1
20;10;2;1;30;-1
31;10;1;1;40;-1
19;9;0;0;25;-1
50;14;0;1;35;-1
33;9;0;0;50;-1
25;13;0;0;20;-1
30;10;0;0;40;-1
23;13;0;0;40;-1
24;11;0;0;5;-1
28;11;2;1;45;-1
38;9;0;1;38;-1
52;13;0;0;60;1
32;10;1;0;40;-1
37;11;0;1;32;-1
36;13;0;0;40;1
39;13;0;0;40;1
49;9;0;0;56;-1
40;11;0;1;40;-1
42;7;0;0;45;-1
35;13;0;0;40;-1
39;9;0;1;81;-1
32;11;0;0;40;-1
22;7;0;0;50;-1
53;10;0;1;40;-1
25;9;0;0;40;-1
17;6;0;0;30;-1
44;9;0;0;70;1
52;14;0;0;40;1
42;9;2;0;40;-1
34;7;0;0;50;-1
27;10;0;0;40;-1
37;9;1;0;40;-1
26;9;0;0;40;-1
57;9;0;1;28;-1
36;11;0;0;48;-1
27;13;0;1;40;-1
17;7;0;0;15;-1
30;3;0;0;40;-1
37;11;1;1;48;1
31;13;0;1;40;-1
23;12;0;1;20;-1
32;6;0;0;45;-1
58;9;0;0;40;1
31;9;0;1;8;-1
44;13;1;0;40;1
42;13;0;0;48;1
45;9;0;0;35;-1
20;9;0;0;35;-1
35;9;0;0;40;-1
50;12;1;0;40;-1
56;9;0;0;28;-1
48;11;0;0;40;1
58;14;0;1;15;-1
32;11;0;0;50;-1
23;10;0;1;12;-1
48;9;0;0;40;-1
33;9;0;0;70;-1
48;13;0;1;45;-1
40;11;2;1;40;-1
50;10;0;0;40;-1
52;6;0;0;35;-1
19;9;0;1;30;-1
36;15;0;0;30;1
39;13;2;1;40;1
22;10;0;1;40;-1
33;10;0;0;50;-1
35;14;0;0;45;1
50;7;0;1;40;-1
43;10;1;1;40;-1
29;11;0;0;40;-1
56;10;1;0;40;-1
24;9;0;0;50;-1
46;11;0;1;40;-1
48;14;0;0;40;-1
65;7;0;0;35;-1
44;15;0;0;50;1
73;10;0;0;6;1
21;10;0;1;50;-1
43;14;0;0;35;1
21;9;1;0;32;-1
30;10;0;0;20;-1
54;13;0;0;48;-1
19;10;0;1;15;-1
55;10;0;1;37;-1
20;10;0;1;28;-1
53;13;0;0;40;-1
51;14;0;0;55;1
33;9;0;0;40;-1
62;10;0;1;40;-1
24;9;0;0;30;-1
17;5;0;1;40;-1
26;10;0;1;45;-1
36;9;0;0;40;-1
32;6;0;1;35;-1
58;16;0;0;50;1
38;13;0;0;40;1
26;9;0;1;40;-1
45;9;0;1;38;-1
72;11;0;1;30;-1
27;9;0;0;50;-1
38;11;0;0;48;1
28;10;0;0;40;-1
38;13;0;0;40;1
29;9;0;0;60;1
28;13;0;0;25;-1
70;13;0;1;7;-1
40;9;0;0;50;1
26;11;0;0;40;-1
43;12;1;0;60;-1
29;10;0;1;40;1
25;10;1;0;40;-1
29;9;1;0;40;1
60;2;3;0;38;-1
31;13;0;1;40;-1
51;4;0;0;40;-1
18;10;0;1;15;-1
36;13;0;0;20;-1
35;13;2;0;40;1
48;13;0;0;38;1
78;4;0;0;25;-1
72;13;0;0;17;-1
24;10;0;0;40;-1
58;7;0;0;16;-1
48;10;0;0;30;-1
28;9;0;1;40;-1
26;14;0;1;40;-1
29;13;0;1;60;-1
47;3;1;0;40;-1
50;13;0;1;50;1
35;3;0;0;40;-1
17;7;0;0;20;-1
41;10;0;0;48;1
37;9;0;0;42;-1
35;9;2;0;40;-1
56;4;0;0;40;-1
23;10;0;0;40;-1
33;12;0;1;32;-1
79;9;0;0;40;1
28;13;1;0;40;-1
55;7;0;1;20;-1
59;14;0;0;50;-1
22;13;0;1;40;-1
19;7;2;1;19;-1
41;3;0;0;35;-1
32;11;0;0;40;-1
45;9;0;1;35;-1
61;3;0;1;45;-1
34;13;0;1;40;-1
43;11;0;0;40;-1
35;16;0;0;60;-1
65;9;0;0;20;-1
24;13;0;0;55;1
37;9;0;0;40;-1
34;10;0;0;50;-1
42;9;0;0;60;1
18;4;0;1;40;-1
43;10;2;1;15;-1
31;10;0;0;40;1
19;10;0;1;20;-1
40;10;2;0;50;-1
32;13;0;0;40;-1
47;10;0;0;40;1
32;10;0;0;40;-1
46;16;0;0;35;-1
40;13;0;0;65;1
36;13;0;0;35;-1
33;11;0;0;36;-1
23;3;0;0;35;-1
21;6;0;0;40;-1
40;9;1;1;32;-1
53;16;0;0;50;1
20;10;0;0;15;-1
53;10;0;0;72;-1
58;5;1;0;60;-1
51;9;0;0;55;1
31;9;0;0;65;-1
35;9;0;0;40;-1
23;7;2;0;40;-1
31;10;0;1;35;-1
21;10;0;1;35;-1
39;14;0;0;55;1
51;6;0;0;40;1
18;7;0;0;12;-1
32;10;0;0;48;-1
56;13;0;1;32;-1
35;12;0;0;40;-1
63;8;0;1;40;-1
61;9;0;0;50;1
23;10;0;0;40;-1
52;14;0;0;50;1
19;9;0;0;50;-1
33;14;0;0;50;1
35;13;1;0;50;-1
35;9;0;1;60;1
38;15;0;1;40;-1
23;13;0;1;60;-1
22;11;0;0;60;-1
20;9;0;0;40;-1
19;9;0;0;40;-1
47;9;1;0;40;1
59;7;0;0;40;-1
38;9;0;1;40;-1
36;9;0;0;50;-1
27;3;0;0;40;-1
24;11;0;0;40;-1
35;9;1;1;35;-1
22;10;1;0;39;-1
37;9;0;0;52;-1
28;9;0;1;25;-1
55;9;0;1;50;-1
29;3;0;1;40;-1
32;13;0;0;44;-1
66;10;0;1;35;-1
47;10;0;0;45;-1
23;13;0;1;40;-1
50;14;0;1;45;-1
40;9;0;0;84;-1
28;13;0;1;40;-1
43;13;0;0;40;1
36;13;0;1;35;1
25;13;0;1;15;-1
42;10;0;1;38;-1
35;10;0;0;40;-1
34;9;0;0;40;-1
50;13;0;0;38;1
30;10;0;0;60;-1
44;14;0;0;44;1
52;11;0;0;40;-1
35;12;0;0;60;-1
36;11;0;0;40;1
30;13;2;1;52;-1
39;13;0;1;40;-1
25;2;0;0;96;-1
26;13;0;0;40;-1
20;9;1;1;20;-1
20;10;0;0;40;-1
70;3;0;0;20;-1
26;9;0;0;50;-1
24;10;1;1;35;-1
48;13;0;0;40;1
62;9;1;1;99;-1
48;9;0;0;40;-1
52;13;0;0;40;1
25;13;0;0;44;-1
58;3;0;0;40;-1
40;13;0;1;45;-1
29;10;0;1;40;-1
45;4;0;0;52;-1
19;10;0;1;20;-1
37;7;1;0;40;-1
23;7;0;0;40;-1
31;9;0;0;60;-1
64;4;0;0;20;-1
28;10;0;1;16;-1
32;9;0;0;40;-1
49;10;0;1;44;-1
35;10;0;1;40;1
19;10;0;1;35;-1
45;16;0;0;45;1
46;13;2;1;60;1
19;10;0;1;16;-1
29;9;0;1;40;-1
25;9;0;0;35;-1
37;13;0;1;40;-1
30;9;0;0;40;-1
28;9;2;0;40;-1
32;10;1;1;35;-1
34;7;0;0;40;-1
34;9;0;1;36;-1
20;10;0;1;40;-1
27;14;0;0;40;-1
36;9;0;1;40;-1
35;10;0;0;40;-1
37;9;0;0;35;-1
32;9;0;0;50;-1
32;14;0;1;20;-1
52;9;0;1;48;-1
50;10;0;0;40;1
23;9;0;1;30;-1
25;9;0;0;45;-1
21;1;0;0;50;-1
31;9;0;1;32;-1
31;10;0;1;30;-1
41;11;0;0;40;-1
47;10;0;0;60;-1
20;10;0;1;10;-1
20;10;0;1;45;-1
29;6;1;1;25;-1
51;10;0;1;40;-1
30;13;0;1;33;1
23;10;0;1;12;-1
48;13;0;0;35;1
62;13;0;0;35;-1
22;13;0;0;30;-1
20;9;0;1;32;-1
31;13;0;0;40;-1
30;10;0;0;40;-1
52;9;0;1;38;-1
20;9;0;1;40;-1
37;11;0;0;40;1
65;13;0;1;40;-1
27;9;0;0;35;-1
62;13;0;0;60;1
53;9;0;1;35;-1
38;13;0;0;50;1
49;11;0;0;40;-1
21;9;0;0;40;-1
18;10;0;0;40;-1
25;13;0;0;40;-1
36;7;0;0;40;-1
52;9;0;0;55;1
19;10;0;0;14;-1
23;13;0;1;40;-1
63;13;0;0;15;-1
63;11;0;0;45;-1
76;10;0;1;30;-1
45;9;0;0;50;1
44;10;0;0;45;1
51;4;1;0;40;-1
43;14;0;0;40;1
53;7;0;0;40;-1
29;11;0;0;40;-1
41;10;0;0;40;-1
44;9;0;0;40;-1
27;9;0;0;40;-1
35;10;0;0;50;-1
60;11;0;1;30;-1
33;13;0;0;45;-1
35;13;0;0;40;1
31;10;0;0;38;-1
57;16;0;0;35;-1
30;5;0;0;45;-1
45;6;2;0;40;-1
25;13;0;0;18;-1
51;10;0;0;40;1
42;3;0;0;40;-1
28;11;0;0;45;-1
47;6;0;1;20;-1
53;13;2;0;40;-1
25;9;0;1;40;-1
47;9;0;0;40;-1
26;13;0;0;50;-1
30;9;0;0;40;-1
48;9;0;0;40;-1
22;10;1;0;40;-1
32;10;0;0;30;-1
33;16;0;0;45;1
31;9;0;0;40;-1
43;10;0;1;20;1
26;11;0;1;40;-1
34;9;1;0;40;-1
50;13;0;1;40;1
30;9;1;1;40;-1
17;7;0;0;20;-1
35;14;1;1;40;-1
29;10;0;0;40;-1
32;13;1;0;40;-1
34;13;0;0;40;1
32;9;0;1;40;-1
47;10;0;1;40;-1
40;10;0;1;40;-1
26;11;0;1;40;-1
30;9;0;1;40;-1
54;9;0;0;40;-1
53;13;0;0;55;1
38;13;0;0;40;1
43;4;1;0;40;-1
25;10;0;0;20;-1
39;9;0;0;40;-1
57;9;0;0;25;1
47;9;0;0;34;-1
45;9;1;1;35;-1
24;13;0;0;40;-1
32;6;0;0;40;-1
25;10;0;0;35;-1
57;3;0;1;40;-1
28;9;0;0;51;-1
27;13;0;1;55;-1
28;13;0;1;20;-1
74;2;1;0;40;-1
44;9;2;0;42;-1
27;9;0;0;45;-1
61;13;0;0;40;-1
25;7;0;0;99;-1
28;5;1;1;24;-1
20;10;0;0;40;-1
33;11;2;0;40;-1
38;9;0;0;40;-1
31;9;1;1;25;-1
40;14;0;1;45;1
43;10;0;0;55;1
38;14;0;0;60;1
19;10;1;0;30;-1
56;12;0;0;50;-1
38;14;0;0;45;1
30;13;0;1;4;-1
18;9;0;0;25;-1
68;10;0;1;20;-1
35;11;0;0;50;-1
42;4;2;1;48;-1
32;6;0;0;40;-1
43;10;0;1;40;1
30;6;1;1;40;-1
38;11;0;0;40;-1
27;9;0;0;40;-1
28;16;0;1;60;1
26;11;0;0;40;-1
21;10;0;0;20;-1
19;9;1;0;40;-1
20;10;0;0;30;-1
25;13;1;0;40;-1
28;10;0;0;50;-1
36;11;0;0;42;1
23;13;2;0;40;-1
24;13;0;1;50;-1
23;9;0;1;40;-1
24;13;0;1;20;-1
25;9;0;0;8;-1
24;9;0;0;40;-1
30;9;0;0;62;-1
26;13;0;1;45;-1
62;14;0;0;50;-1
36;10;0;1;33;-1
45;9;2;0;40;-1
34;9;0;0;48;-1
65;13;0;0;44;1
42;11;0;1;40;-1
27;15;0;0;70;-1
40;10;1;1;40;-1
53;10;0;0;40;1
54;9;0;0;50;1
30;13;0;0;35;-1
59;9;0;0;45;1
42;9;0;0;55;-1
23;9;0;1;40;-1
28;13;0;1;15;-1
20;9;0;0;40;-1
22;10;0;1;20;-1
73;13;0;0;30;-1
44;10;0;0;40;-1
40;8;0;0;40;-1
37;11;0;1;37;1
39;9;0;0;50;-1
44;10;0;0;45;-1
27;5;0;1;37;-1
50;9;0;0;40;-1
39;13;0;0;40;1
41;9;1;1;40;-1
55;13;0;0;40;1
53;2;1;0;35;-1
53;14;0;1;50;-1
21;9;0;0;40;-1
30;9;1;0;40;-1
74;9;0;1;10;-1
53;14;0;1;60;1
60;13;0;1;40;1
59;5;0;1;40;-1
37;13;0;0;48;1
49;5;0;0;40;-1
73;10;0;1;11;-1
58;9;1;1;20;-1
18;7;1;0;15;-1
35;10;1;0;40;-1
24;10;0;1;50;-1
62;9;0;1;38;-1
58;9;0;1;40;-1
21;9;1;0;40;-1
30;13;0;0;40;-1
31;9;2;0;45;-1
31;9;1;1;34;-1
30;12;0;0;40;-1
29;9;1;0;40;-1
36;7;0;0;40;-1
54;13;0;0;50;-1
59;10;0;0;40;1
55;10;0;0;45;-1
70;11;0;0;30;-1
22;12;0;1;20;-1
42;9;0;1;40;-1
36;12;0;1;40;-1
32;13;0;0;40;1
44;4;0;0;40;-1
22;9;1;0;45;-1
25;7;0;0;40;-1
31;9;0;0;50;-1
33;9;0;0;40;-1
54;12;0;0;50;1
42;9;0;0;48;-1
49;9;0;0;44;-1
30;9;0;0;44;-1
54;9;0;1;45;-1
39;10;0;0;40;-1
24;10;0;0;40;-1
21;9;0;1;44;-1
23;5;1;1;30;-1
54;9;0;1;42;-1
23;14;0;1;20;-1
23;10;0;0;25;-1
67;9;0;1;8;-1
19;7;2;1;40;-1
32;7;1;0;40;-1
57;9;0;0;40;-1
18;9;0;1;30;-1
21;10;0;1;40;-1
53;10;0;1;22;-1
21;10;0;0;40;-1
53;16;0;1;55;1
24;9;0;0;40;-1
36;12;0;0;40;-1
29;14;1;0;60;-1
23;10;0;0;40;-1
44;10;0;0;50;-1
32;14;0;0;48;-1
25;13;0;1;50;-1
41;9;0;0;27;-1
18;9;0;1;30;-1
29;13;0;0;40;-1
19;9;1;1;40;-1
35;15;0;0;65;1
52;13;0;0;50;1
28;6;0;1;40;-1
38;9;0;0;40;-1
42;10;1;1;40;-1
41;13;1;0;40;-1
23;13;0;0;38;-1
31;14;0;0;76;1
31;3;0;0;45;-1
46;14;0;0;40;1
18;7;0;1;20;-1
57;14;0;0;38;1
25;11;0;1;38;-1
32;14;0;0;40;1
27;5;0;0;40;-1
17;6;0;1;17;-1
43;9;0;0;40;-1
56;13;0;1;40;1
19;9;0;1;40;-1
20;9;0;1;40;-1
42;10;0;0;45;-1
90;9;0;0;99;-1
25;7;1;0;35;-1
27;9;1;1;40;-1
48;9;0;0;44;-1
48;10;1;0;40;-1
27;9;0;0;48;-1
46;13;0;1;38;-1
32;3;0;0;40;-1
22;11;0;0;40;-1
24;13;0;1;40;1
31;9;0;0;65;-1
20;10;0;1;18;-1
40;9;0;0;60;1
39;9;0;0;40;1
54;9;0;0;40;-1
59;10;0;0;42;-1
17;7;0;1;18;-1
25;10;0;0;80;-1
49;9;0;0;40;1
39;9;0;0;40;-1
67;10;0;1;16;-1
28;9;0;0;40;-1
35;5;0;0;40;-1
44;9;0;0;48;1
51;14;0;0;47;1
55;13;2;0;40;-1
45;9;0;0;78;1
32;9;0;0;48;-1
45;10;0;1;40;-1
35;13;0;0;40;1
55;9;0;0;44;-1
59;10;0;0;40;1
22;9;0;1;55;-1
46;14;1;1;35;-1
23;9;0;0;40;-1
47;13;0;0;45;1
34;9;0;0;30;-1
51;7;0;0;40;-1
40;11;0;0;50;-1
24;10;0;0;12;-1
20;10;0;0;72;-1
26;9;0;0;40;-1
35;9;0;1;38;-1
23;10;2;0;40;-1
40;9;0;0;50;-1
49;9;0;0;40;-1
32;9;0;0;45;-1
28;11;0;1;40;-1
62;11;0;0;50;1
31;10;0;0;40;-1
47;12;0;0;40;1
36;11;0;1;3;-1
44;9;0;0;40;-1
18;9;0;1;20;-1
46;13;0;0;40;1
32;9;0;0;40;-1
51;12;1;1;30;-1
48;13;0;0;45;1
28;13;1;1;40;-1
57;10;0;0;60;1
33;11;0;0;40;-1
42;9;0;0;15;-1
17;6;0;0;40;-1
63;5;1;0;40;-1
31;13;0;0;55;1
20;9;0;0;40;-1
36;9;0;1;40;-1
24;10;0;1;24;-1
33;10;1;0;50;1
36;10;0;0;40;-1
31;13;0;1;40;-1
47;13;0;0;60;1
34;9;0;0;50;-1
23;9;0;1;40;-1
33;11;0;0;40;-1
59;6;0;1;40;-1
67;13;0;0;40;-1
26;9;0;0;40;-1
20;9;0;1;36;-1
24;13;0;0;39;-1
44;11;0;0;40;-1
31;9;0;0;40;1
28;15;0;0;60;-1
19;9;0;1;20;-1
20;9;0;1;40;-1
64;9;0;1;15;-1
47;9;0;1;40;1
36;10;0;1;35;-1
48;9;0;0;44;1
19;10;0;1;40;-1
22;9;1;1;35;-1
56;5;0;0;40;-1
22;10;0;0;50;-1
37;13;0;0;99;1
57;13;0;1;35;-1
38;12;0;0;50;1
34;9;1;1;40;-1
22;7;1;1;40;-1
38;10;0;1;40;-1
32;13;0;0;45;1
29;8;1;1;40;-1
56;9;0;0;40;-1
71;9;0;1;33;-1
20;7;0;0;40;-1
25;9;0;0;36;-1
42;9;0;0;40;1
20;9;0;1;40;-1
61;10;0;0;50;1
24;13;0;1;40;-1
51;5;1;1;40;-1
27;9;0;0;40;-1
31;9;0;0;40;-1
39;9;1;1;16;-1
36;9;1;0;40;-1
51;15;0;0;40;-1
52;9;0;1;40;-1
49;13;0;0;40;1
43;10;0;0;40;-1
49;9;0;0;40;-1
19;9;0;1;40;-1
44;9;0;0;40;-1
67;9;0;0;40;-1
58;15;0;0;45;1
61;16;0;0;40;1
55;4;1;1;40;-1
23;12;2;0;16;-1
35;9;0;0;40;-1
35;6;1;1;38;-1
20;10;0;1;10;-1
51;9;1;1;40;-1
23;13;0;0;40;-1
39;9;0;0;24;-1
36;10;0;1;40;-1
47;9;0;0;45;1
27;13;0;0;80;1
29;9;0;0;40;-1
21;10;0;0;40;-1
18;10;0;1;20;-1
24;10;0;0;20;-1
39;9;0;0;40;1
51;10;0;0;40;-1
62;10;0;1;30;-1
49;13;0;0;40;1
20;7;0;0;40;-1
24;10;0;0;40;-1
25;9;0;1;40;-1
54;13;0;0;40;-1
25;9;0;0;40;-1
20;9;0;1;45;-1
43;10;0;1;55;1
24;9;0;0;40;-1
18;7;2;0;20;-1
45;10;0;1;40;1
45;9;0;0;25;-1
26;13;0;0;40;-1
47;10;0;0;40;-1
54;9;0;0;40;-1
21;9;1;0;40;-1
29;9;0;1;99;-1
68;10;0;0;15;-1
21;10;1;0;48;-1
28;10;0;0;30;-1
46;9;0;1;40;1
35;9;1;1;48;-1
50;6;0;0;25;-1
48;10;0;0;40;-1
17;6;0;0;40;-1
23;10;1;0;40;-1
53;9;0;1;30;-1
50;14;0;0;40;1
32;3;0;1;45;-1
53;8;3;0;56;-1
52;9;1;0;48;-1
38;13;0;0;50;-1
43;14;0;0;50;1
35;13;0;1;32;-1
41;15;0;0;50;1
22;10;0;0;40;-1
39;9;0;0;60;1
45;14;0;0;40;1
31;5;0;1;42;-1
47;3;0;0;20;-1
53;9;1;0;40;-1
53;13;0;0;60;1
24;13;0;1;20;-1
34;10;0;1;40;-1
46;9;0;0;50;1
29;10;0;0;60;-1
61;7;0;1;32;1
31;9;0;0;40;-1
29;9;1;0;40;-1
42;9;0;0;40;-1
50;10;0;0;40;-1
34;9;0;1;40;-1
39;4;0;0;40;-1
74;2;1;0;20;-1
40;10;0;0;40;-1
40;13;0;1;40;1
36;7;0;0;40;-1
61;13;0;0;40;1
42;7;0;0;22;-1
28;13;0;1;40;1
19;10;0;1;18;-1
36;12;1;1;32;-1
33;11;0;1;40;-1
48;9;1;1;33;-1
60;9;0;0;40;-1
30;14;1;0;30;-1
32;13;0;0;50;1
51;10;0;0;40;1
53;5;1;0;75;-1
34;14;1;1;40;-1
48;14;0;0;40;1
68;9;0;0;45;-1
32;12;0;1;50;-1
63;9;0;0;4;-1
31;9;1;1;40;-1
58;13;0;1;20;-1
32;12;0;0;60;1
32;13;0;0;40;-1
40;13;0;0;80;-1
38;6;0;0;40;-1
30;9;0;0;40;-1
21;9;0;1;40;-1
63;9;0;0;48;-1
25;9;0;0;45;-1
59;10;0;0;40;1
22;11;0;1;10;-1
49;10;0;0;40;-1
36;13;0;0;40;-1
31;9;0;1;30;-1
46;10;0;1;30;-1
37;15;0;0;60;1
48;13;1;0;40;1
41;9;0;0;40;1
36;10;0;1;4;-1
29;13;3;1;40;-1
59;15;0;0;50;-1
62;13;0;0;40;1
29;6;0;0;40;-1
28;13;0;0;45;1
42;9;0;0;40;1
60;11;0;0;46;1
58;14;0;0;50;1
27;10;0;0;40;-1
45;9;0;1;40;-1
50;10;0;0;40;1
43;10;1;0;40;-1
39;15;0;0;50;-1
21;10;0;0;20;-1
24;9;1;0;70;-1
59;15;0;0;30;-1
36;9;0;0;40;1
72;10;2;1;4;-1
35;14;2;0;65;1
33;10;0;0;40;-1
30;9;1;1;45;-1
40;11;0;0;50;1
26;10;0;0;55;-1
37;11;1;0;40;-1
68;10;0;1;20;-1
45;13;0;0;72;1
56;9;0;0;40;-1
36;9;0;1;40;-1
38;11;0;0;40;-1
29;13;0;0;41;-1
28;9;0;1;28;-1
39;10;0;0;50;-1
26;13;0;0;40;-1
52;10;0;0;65;1
52;13;0;0;40;-1
84;9;0;1;13;-1
33;10;0;1;10;-1
30;9;0;1;35;-1
38;13;0;0;40;1
66;9;0;1;8;-1
62;14;0;0;40;1
31;13;0;0;40;1
60;9;1;0;50;-1
27;13;0;1;40;-1
37;11;2;1;40;-1
38;10;0;1;40;-1
25;9;0;0;40;-1
48;9;0;1;40;-1
42;13;0;0;50;-1
45;14;0;0;50;1
22;10;0;0;40;-1
50;9;0;0;40;-1
21;9;0;0;40;-1
44;10;0;1;40;-1
21;10;0;1;6;-1
51;9;0;0;48;-1
30;9;0;0;40;-1
46;12;0;0;40;-1
43;11;0;0;45;1
57;9;1;0;48;-1
33;10;0;0;24;-1
18;7;0;0;7;-1
28;9;0;0;50;-1
32;14;2;0;40;-1
56;9;0;0;42;-1
36;9;0;0;50;-1
34;10;0;0;55;-1
25;13;0;1;40;-1
27;10;0;0;35;-1
33;9;0;0;40;-1
49;16;1;0;60;1
44;9;0;0;84;-1
30;7;0;0;45;1
27;9;0;0;50;-1
25;13;0;0;40;1
30;13;0;0;40;-1
38;12;0;0;40;-1
38;9;0;0;40;-1
46;10;0;1;40;-1
37;9;0;1;20;-1
62;9;0;0;40;1
55;9;0;0;40;-1
47;9;0;0;40;-1
45;9;0;1;14;-1
50;9;0;0;40;-1
36;9;0;0;40;-1
45;9;0;1;20;-1
23;9;0;0;38;-1
38;16;0;0;55;1
27;10;1;0;40;-1
29;13;0;1;50;-1
45;14;0;1;40;-1
38;10;0;1;20;-1
27;13;0;0;40;-1
51;10;3;0;40;-1
44;9;0;0;40;-1
33;14;1;0;40;-1
32;13;0;0;45;1
43;14;0;0;55;-1
45;9;1;1;40;-1
24;9;0;0;35;-1
19;10;0;0;40;-1
47;11;0;0;40;1
31;13;0;0;40;1
30;11;0;0;40;-1
56;9;0;0;40;-1
49;13;0;0;40;1
38;9;0;0;40;-1
19;10;0;0;18;-1
39;11;0;0;40;-1
38;9;0;0;40;-1
47;9;0;0;55;1
58;7;0;0;40;-1
59;14;0;0;40;1
24;13;0;0;47;-1
53;14;0;0;60;1
35;9;0;0;50;-1
36;9;2;1;40;1
26;9;0;0;40;-1
33;5;0;0;48;-1
29;10;0;0;40;-1
43;7;0;0;40;-1
48;13;2;1;36;1
45;14;0;1;40;-1
43;9;0;1;40;-1
27;5;0;0;30;-1
21;4;0;0;40;-1
63;9;0;1;4;-1
41;13;0;1;40;-1
27;7;0;1;35;-1
33;12;0;0;50;-1
37;6;0;0;35;-1
18;10;0;1;40;-1
43;16;1;1;24;1
20;10;0;1;40;-1
47;15;0;0;50;1
36;9;0;0;70;-1
38;13;1;0;40;-1
47;14;1;0;25;-1
39;11;0;0;40;-1
36;9;1;0;35;-1
24;10;1;0;40;-1
50;9;0;0;84;-1
21;5;0;1;50;-1
40;9;0;0;40;-1
19;10;0;1;25;-1
38;9;0;1;40;-1
34;11;0;0;50;-1
44;10;0;0;50;-1
20;12;0;1;25;-1
45;12;0;0;50;1
24;9;0;0;40;-1
34;9;0;0;40;-1
58;9;0;0;72;1
39;9;0;0;45;-1
22;9;0;0;40;-1
38;13;0;1;32;1
45;9;0;0;48;-1
23;9;1;0;45;-1
35;12;0;0;45;-1
52;10;0;0;45;1
55;10;0;0;40;-1
23;9;0;0;40;-1
27;9;0;0;40;-1
24;12;0;1;15;-1
21;10;0;0;40;-1
49;13;0;1;35;-1
32;8;0;0;40;-1
64;10;0;1;24;-1
37;9;0;0;50;-1
61;4;0;0;40;-1
44;9;0;1;40;1
53;9;0;0;52;1
43;14;0;0;50;1
23;10;0;1;40;-1
25;14;0;0;40;-1
29;9;0;1;40;-1
51;13;0;1;55;-1
47;2;0;0;12;-1
20;9;0;1;40;-1
27;6;0;0;40;-1
23;9;0;1;40;-1
18;9;0;1;27;-1
23;4;0;0;32;-1
59;9;0;0;60;-1
46;9;0;1;37;-1
66;4;0;0;40;-1
46;14;1;0;38;1
36;7;0;1;23;-1
44;9;0;1;40;-1
17;7;0;0;20;-1
27;10;0;0;45;-1
32;10;0;0;40;1
53;9;1;0;40;-1
22;10;0;0;98;-1
30;12;0;1;40;-1
68;10;0;0;40;1
39;9;0;0;40;-1
22;13;0;1;40;-1
20;9;0;1;35;-1
21;9;0;0;38;-1
34;11;0;0;50;-1
30;9;0;0;75;-1
25;10;0;1;40;-1
23;9;0;1;21;-1
40;13;0;0;40;-1
26;9;2;0;40;-1
57;11;0;0;40;1
36;11;0;0;60;1
43;10;2;1;40;-1
49;13;0;0;40;-1
58;9;0;0;40;1
32;10;1;0;40;-1
59;9;0;0;45;1
42;13;0;1;40;-1
37;13;2;0;40;-1
47;9;0;0;40;-1
56;13;0;0;45;1
30;9;0;1;40;-1
42;9;1;1;35;-1
21;9;0;0;40;-1
21;9;0;1;40;-1
47;9;0;1;40;-1
22;10;0;0;20;-1
41;7;1;1;40;-1
43;13;0;0;53;-1
60;10;0;0;55;-1
73;4;0;0;30;1
90;13;0;1;40;1
62;9;0;0;38;-1
28;9;0;0;40;-1
45;10;0;0;40;-1
19;9;0;0;45;-1
30;9;0;0;35;-1
19;8;1;1;52;-1
22;13;0;0;10;-1
19;9;0;1;28;-1
26;9;1;1;25;-1
62;9;0;0;35;-1
61;6;0;0;40;-1
22;9;0;1;53;-1
56;14;0;0;40;1
32;10;0;0;40;-1
24;10;0;0;40;-1
26;9;0;0;40;-1
25;12;0;1;35;1
23;10;0;1;25;-1
23;10;0;0;40;-1
54;10;0;0;40;-1
28;10;0;1;35;-1
35;13;0;0;40;1
30;10;0;0;25;1
23;8;0;0;40;-1
42;10;0;0;50;1
72;6;0;1;20;-1
21;9;0;0;40;-1
37;13;0;0;40;-1
54;9;0;1;40;-1
32;13;0;0;40;-1
65;10;0;1;15;-1
22;13;0;0;45;-1
52;13;0;0;40;1
65;6;0;1;20;-1
33;9;0;1;35;-1
27;10;0;1;40;-1
34;9;1;0;42;-1
53;9;0;0;70;-1
23;6;0;0;40;-1
43;16;0;1;40;1
26;9;0;0;50;-1
60;13;0;0;50;1
33;9;0;1;30;-1
29;10;0;0;40;-1
54;16;0;1;50;1
41;4;0;0;36;-1
63;10;0;0;50;-1
31;9;0;1;27;-1
23;13;1;1;25;-1
31;10;1;0;40;-1
41;15;0;0;45;1
51;9;0;0;40;1
59;10;0;0;40;1
23;10;0;1;45;-1
24;10;1;0;45;-1
67;9;0;1;20;-1
65;9;0;1;35;-1
47;13;0;0;40;1
21;9;0;0;40;-1
38;4;0;0;40;-1
55;13;0;1;40;-1
24;9;0;1;50;1
24;9;2;0;40;-1
19;9;0;0;24;-1
32;9;0;0;50;-1
63;10;0;0;60;1
18;10;0;1;30;-1
36;10;0;0;45;-1
57;10;0;0;40;-1
48;9;0;0;40;-1
25;10;2;0;40;-1
48;8;0;0;50;-1
20;10;0;1;8;-1
74;9;0;0;55;-1
44;9;0;1;40;-1
26;10;0;1;40;-1
54;9;0;0;40;-1
39;9;0;0;48;1
18;6;0;1;40;-1
32;14;3;1;40;-1
24;10;0;0;40;-1
19;5;0;0;35;-1
28;9;0;0;40;-1
28;9;3;0;30;-1
49;9;0;0;40;-1
50;13;0;0;40;-1
63;9;1;1;40;-1
58;9;0;0;50;-1
68;9;0;1;15;-1
41;10;1;0;40;1
21;9;0;1;40;-1
24;13;0;0;40;-1
50;13;0;1;40;-1
47;10;0;1;44;-1
54;9;0;1;40;-1
28;13;2;1;30;-1
26;14;0;1;40;-1
35;13;0;0;42;-1
39;9;0;1;40;-1
46;13;0;0;45;1
41;10;1;1;48;-1
57;9;0;0;40;-1
32;9;0;0;40;-1
41;12;1;0;50;1
55;9;0;0;40;1
41;11;0;0;80;-1
22;9;1;1;40;-1
33;9;1;0;40;-1
57;10;0;1;40;-1
40;9;0;0;50;-1
48;10;0;1;40;-1
38;10;1;1;35;-1
26;13;0;1;60;-1
24;9;0;0;40;-1
35;9;1;1;20;-1
42;9;0;0;40;-1
37;9;0;1;40;1
37;9;0;1;50;-1
28;14;0;1;80;-1
22;9;0;0;40;-1
24;7;0;1;40;-1
45;10;0;0;40;1
29;9;0;0;50;1
23;10;1;1;25;-1
24;13;0;0;40;-1
25;12;0;1;40;-1
58;9;0;1;32;-1
28;11;0;0;60;-1
58;9;0;1;35;1
18;7;0;0;16;-1
59;4;0;0;40;-1
39;9;0;1;40;-1
53;10;0;0;50;1
54;15;0;1;65;-1
51;9;0;0;50;1
42;9;0;0;40;1
36;10;0;1;40;-1
37;10;0;1;60;-1
32;10;0;0;40;-1
38;9;0;0;50;-1
19;9;0;1;30;-1
55;13;0;1;48;-1
30;9;0;0;40;-1
27;10;0;0;50;1
65;9;0;0;25;-1
44;13;0;1;5;-1
23;3;0;0;50;-1
32;13;0;0;50;-1
60;9;0;1;20;-1
28;9;2;0;40;-1
44;9;0;0;40;-1
29;9;0;0;16;-1
57;9;0;0;40;-1
41;10;0;0;60;-1
34;7;0;0;60;-1
44;10;0;1;42;-1
44;13;0;0;40;-1
57;2;0;0;22;-1
37;13;0;0;30;-1
35;13;0;0;16;1
27;10;0;0;45;-1
28;13;0;0;8;-1
37;16;0;0;60;-1
18;10;0;0;8;-1
24;4;0;1;20;-1
53;8;0;1;40;-1
54;10;0;0;60;-1
22;10;0;1;40;-1
44;6;1;1;30;-1
43;10;0;1;45;-1
58;13;0;1;20;1
59;13;0;1;45;1
31;13;0;0;45;1
35;9;0;0;40;-1
17;6;0;1;20;-1
45;10;0;1;32;-1
40;10;0;0;40;-1
35;9;0;0;45;-1
25;13;0;0;45;-1
58;9;0;0;40;-1
39;10;0;0;50;1
69;2;2;0;34;-1
23;9;0;0;54;-1
32;13;0;1;40;-1
48;12;0;0;44;-1
41;13;0;0;40;-1
74;5;0;0;10;-1
43;13;0;0;50;1
24;13;0;0;40;-1
58;10;0;1;32;-1
54;14;0;0;40;1
60;4;0;0;40;-1
28;10;0;0;40;-1
41;9;0;0;40;1
62;10;1;0;35;1
27;10;1;0;40;-1
30;10;0;1;20;-1
63;13;1;0;35;-1
34;9;0;0;45;-1
20;5;0;0;40;-1
51;9;0;0;40;-1
21;6;1;0;25;-1
50;9;0;0;40;1
43;9;0;0;40;-1
19;9;0;1;40;-1
20;9;3;0;43;-1
17;8;0;1;6;-1
47;12;1;0;40;-1
25;13;1;1;40;-1
71;14;0;1;20;-1
21;9;1;1;40;-1
69;7;0;0;48;-1
48;12;0;0;40;-1
34;9;3;1;20;-1
33;10;0;0;66;-1
56;3;0;0;40;-1
40;14;0;0;40;-1
28;9;0;0;32;-1
42;14;0;0;40;-1
19;10;0;1;20;-1
28;9;0;1;35;-1
40;6;0;1;35;-1
23;10;2;0;30;-1
46;9;0;1;40;1
39;14;0;0;50;1
45;9;0;1;40;-1
21;10;0;1;35;-1
50;10;0;1;40;-1
33;9;0;0;40;-1
34;7;0;1;40;-1
55;9;0;0;32;-1
62;9;0;1;40;-1
31;13;0;0;40;-1
35;5;0;0;40;-1
30;9;0;0;40;-1
57;10;0;0;50;1
51;9;0;0;50;-1
37;13;0;0;45;1
58;4;0;0;40;-1
39;13;0;1;50;1
34;10;0;0;40;1
45;9;0;1;38;-1
19;10;0;0;40;-1
36;14;0;0;40;1
56;9;2;1;35;-1
19;10;0;1;15;-1
37;10;1;0;40;1
60;9;0;0;40;-1
56;9;0;0;40;1
34;13;0;1;36;-1
23;10;0;1;10;-1
19;9;1;0;30;-1
37;9;1;1;40;-1
58;13;0;0;40;1
33;7;0;1;35;-1
39;13;0;0;40;1
26;13;2;1;40;-1
22;11;0;1;36;-1
32;14;0;0;40;-1
17;7;0;0;15;-1
57;10;0;1;40;-1
68;4;2;1;20;-1
30;9;0;0;40;-1
19;10;0;1;15;-1
51;9;0;0;40;-1
19;10;0;0;30;-1
47;9;0;0;40;-1
30;10;0;0;40;1
26;9;0;0;45;-1
41;13;0;0;20;-1
25;10;0;0;45;-1
62;5;0;0;40;-1
23;14;0;0;40;-1
26;13;0;1;10;-1
30;13;0;1;45;-1
48;9;0;0;40;-1
20;9;3;0;40;-1
51;10;0;1;15;1
19;10;0;0;10;-1
31;9;0;0;40;-1
21;10;0;1;40;-1
40;9;1;0;40;-1
30;7;1;0;40;-1
57;5;1;0;40;1
18;7;0;0;15;-1
54;9;0;0;40;1
32;9;1;0;40;-1
52;14;0;0;40;-1
27;9;0;1;40;-1
45;13;0;0;48;-1
18;10;0;0;20;-1
37;9;0;0;35;-1
52;9;1;0;40;1
59;5;1;0;50;-1
27;11;0;0;40;-1
43;9;0;0;40;-1
56;10;0;0;40;1
44;10;0;0;72;-1
37;11;0;0;45;-1
48;9;0;1;25;-1
58;13;0;0;50;-1
29;9;0;0;45;-1
37;12;0;0;40;-1
35;15;0;0;50;1
36;11;0;0;38;-1
52;9;0;0;48;-1
30;9;0;0;40;-1
22;5;0;0;40;-1
55;12;0;0;60;-1
33;9;0;0;30;-1
46;10;0;0;50;-1
64;7;0;1;16;-1
28;6;0;0;40;-1
19;9;0;1;42;-1
36;9;0;0;40;-1
43;13;0;0;40;1
39;16;3;0;40;-1
56;13;0;0;42;1
24;10;0;0;40;-1
40;9;0;0;60;-1
45;12;0;0;50;1
56;14;0;1;40;-1
46;9;1;1;40;-1
35;13;0;1;40;-1
36;15;0;0;60;1
50;15;0;0;50;1
61;4;1;1;21;-1
63;10;0;0;40;-1
41;11;0;0;40;-1
48;9;0;0;40;-1
45;9;0;1;35;-1
24;9;0;0;40;-1
34;10;1;0;40;1
27;13;0;1;40;-1
26;11;0;0;48;-1
27;9;0;0;40;-1
55;11;0;0;40;-1
38;9;0;0;40;1
31;9;0;1;40;1
51;12;0;0;40;1
56;8;0;0;40;1
39;12;0;0;40;-1
50;10;0;0;40;1
21;9;0;0;40;-1
37;10;0;0;70;-1
34;6;0;0;40;-1
18;8;0;1;30;-1
38;9;0;0;65;1
19;9;0;0;12;-1
46;9;0;0;40;-1
19;10;0;1;25;-1
22;10;0;1;20;-1
38;9;0;0;50;-1
83;9;0;0;8;-1
34;10;0;0;40;1
38;9;0;0;40;-1
33;10;0;1;40;-1
38;9;0;0;60;-1
25;10;0;0;25;-1
38;9;0;0;40;-1
52;13;0;0;48;1
33;14;0;0;50;-1
17;7;0;1;20;-1
52;9;1;1;40;-1
25;13;0;1;15;-1
17;5;1;0;26;-1
22;9;1;0;80;-1
22;9;1;0;40;-1
58;9;1;1;40;-1
39;10;0;1;35;-1
59;10;0;1;40;-1
61;9;0;0;40;-1
32;11;0;0;45;-1
50;13;2;0;40;1
51;9;0;0;40;-1
43;13;2;1;45;-1
20;10;0;0;40;-1
38;13;1;0;40;-1
44;11;1;0;40;1
28;11;0;0;50;-1
50;14;0;1;40;-1
53;16;0;0;50;-1
42;13;0;0;45;-1
47;14;2;0;45;-1
39;9;0;1;40;1
38;9;0;0;60;-1
34;13;0;0;50;-1
40;10;0;1;40;-1
63;10;0;1;20;-1
53;10;0;1;40;1
43;11;0;0;48;-1
68;9;0;1;10;1
22;4;0;1;40;-1
46;13;0;0;38;-1
57;9;0;1;40;-1
38;9;0;1;35;-1
66;14;0;0;40;-1
29;12;0;1;40;-1
38;9;0;0;40;-1
35;7;0;1;8;-1
30;13;0;1;37;-1
39;9;1;1;40;-1
31;14;1;0;40;-1
50;9;0;0;50;-1
30;9;0;0;60;-1
25;13;0;1;40;-1
24;13;0;1;40;-1
45;13;0;0;15;-1
64;3;0;1;20;-1
61;8;0;1;40;-1
42;11;0;1;40;-1
28;3;0;0;40;-1
53;9;0;0;40;-1
33;7;0;0;7;-1
34;14;1;0;40;-1
41;10;0;0;48;-1
46;12;0;1;27;-1
32;9;0;1;40;-1
41;9;0;0;40;-1
30;13;3;0;40;-1
54;13;0;0;50;-1
33;9;1;0;40;-1
20;9;0;0;32;-1
34;13;0;1;40;-1
20;10;0;0;30;-1
17;9;1;0;40;-1
45;10;0;1;48;-1
21;9;0;0;40;-1
25;13;0;0;40;-1
38;9;0;0;41;-1
17;7;0;1;15;-1
35;9;0;1;30;-1
38;13;0;0;40;-1
48;12;0;0;56;1
25;9;1;0;40;-1
57;14;0;0;40;-1
32;13;0;1;50;1
39;13;1;0;30;-1
23;13;0;1;35;-1
21;9;0;0;45;-1
47;9;0;1;48;-1
25;4;0;1;40;-1
18;7;0;1;35;-1
19;9;0;1;15;-1
24;9;0;0;42;-1
32;9;0;0;40;-1
28;11;0;0;45;-1
40;13;0;0;75;1
21;10;0;0;20;-1
45;13;0;0;40;1
17;8;0;1;25;-1
55;6;0;0;50;-1
42;10;1;0;40;-1
49;9;0;0;38;-1
38;9;0;0;40;-1
50;13;0;0;40;-1
47;9;0;0;48;1
43;13;1;1;40;-1
39;13;0;0;40;1
42;9;0;0;30;-1
32;9;1;1;50;-1
55;9;2;1;45;-1
37;9;0;0;40;-1
59;9;0;1;40;-1
56;7;0;0;40;-1
33;8;1;0;32;-1
35;13;0;0;40;1
44;9;0;0;40;-1
57;9;0;0;40;1
31;10;1;1;40;-1
18;7;0;1;15;-1
43;9;0;0;70;-1
33;9;3;0;40;-1
18;10;0;0;25;-1
47;13;0;0;40;-1
53;9;0;1;40;-1
59;11;0;0;35;1
35;14;0;0;38;-1
49;6;0;0;40;-1
26;12;0;0;40;-1
25;9;0;0;60;-1
36;14;0;1;30;-1
29;9;0;1;45;-1
52;6;0;1;25;-1
50;13;0;0;50;-1
22;13;2;1;40;-1
44;14;0;1;40;-1
32;11;0;0;40;1
49;9;0;1;38;-1
31;2;0;0;45;-1
33;9;0;0;40;-1
50;9;0;1;15;-1
62;9;0;0;40;-1
46;9;0;1;15;-1
49;9;0;1;20;-1
22;9;0;1;40;-1
43;13;0;0;38;1
58;10;0;0;42;-1
21;7;0;0;50;-1
67;4;0;1;20;-1
39;7;0;0;40;-1
52;11;0;1;40;-1
25;13;0;0;40;-1
27;10;0;0;60;1
18;7;0;1;20;-1
41;9;1;0;40;1
59;16;0;0;50;-1
23;12;1;0;44;-1
42;9;0;1;15;-1
54;15;0;0;30;1
39;9;0;0;60;-1
57;5;0;0;40;-1
51;6;0;1;25;-1
31;4;0;0;40;-1
24;10;1;1;45;-1
35;10;0;0;40;-1
26;13;0;1;40;-1
42;16;0;0;45;1
31;9;0;0;45;-1
46;13;0;0;40;1
38;13;0;0;37;-1
51;13;0;0;40;-1
27;9;0;0;40;-1
33;13;1;0;45;-1
22;10;0;0;48;1
72;9;0;0;40;-1
25;13;0;0;40;-1
58;13;0;0;70;1
23;10;0;0;45;-1
63;3;2;1;19;-1
23;5;0;0;40;-1
75;1;2;1;48;-1
52;10;0;1;50;-1
69;9;0;0;10;-1
52;16;0;0;40;1
40;9;1;1;40;-1
34;16;0;0;50;1
21;10;0;1;8;-1
30;13;0;1;40;-1
21;10;0;1;16;-1
44;9;0;0;40;-1
40;9;0;1;32;-1
33;9;0;0;37;-1
22;9;0;0;60;-1
23;9;0;0;30;-1
75;10;0;0;30;-1
55;7;0;1;40;-1
24;10;0;0;20;-1
31;9;0;0;24;-1
49;9;0;0;40;1
26;13;0;1;40;-1
28;10;1;1;40;-1
79;9;0;0;40;1
51;9;1;1;30;-1
44;16;0;0;60;-1
24;13;0;0;40;-1
46;10;0;0;40;1
36;9;2;1;20;-1
23;8;0;1;38;-1
25;4;0;0;40;-1
48;10;1;0;8;-1
18;7;1;1;24;-1
25;9;0;0;40;-1
33;9;0;0;35;-1
42;9;0;1;40;-1
22;10;0;1;40;-1
36;13;0;0;40;1
33;9;0;0;40;-1
34;9;0;0;70;-1
33;14;0;0;45;-1
62;15;0;0;15;1
30;10;1;1;40;-1
22;10;0;1;40;-1
34;11;0;0;40;-1
43;9;0;1;60;-1
25;13;0;0;40;-1
35;9;0;1;40;-1
28;12;1;1;40;-1
28;10;0;1;45;-1
25;9;1;1;25;-1
40;9;0;0;40;1
35;5;3;0;40;-1
48;4;0;0;50;-1
31;13;0;1;40;1
36;12;0;0;45;-1
39;10;0;0;40;-1
24;9;1;1;40;-1
32;13;0;0;35;-1
46;1;0;1;40;-1
19;9;0;0;35;-1
30;10;2;0;40;-1
35;11;0;0;40;-1
23;13;0;0;55;-1
33;9;0;0;55;-1
25;9;0;0;40;-1
64;9;2;0;35;1
18;9;2;1;20;-1
59;7;0;0;40;-1
45;9;1;1;40;-1
30;16;0;1;15;-1
24;3;0;1;40;-1
22;9;0;1;35;-1
49;10;2;0;56;1
35;8;0;0;40;-1
18;8;0;1;20;-1
35;10;0;0;40;-1
27;9;0;0;40;-1
28;13;1;0;60;-1
21;10;2;0;40;-1
26;10;1;1;50;-1
39;9;1;0;40;-1
40;13;0;0;40;-1
34;14;0;1;50;-1
34;12;1;0;40;-1
66;10;0;0;50;-1
40;9;1;0;40;-1
59;4;0;0;40;-1
28;14;1;1;40;-1
47;9;0;0;40;1
33;13;0;0;60;1
18;7;0;0;20;-1
22;10;0;0;20;-1
40;13;1;0;40;1
68;9;0;0;25;-1
45;4;0;0;10;-1
23;7;1;0;35;-1
40;13;0;0;45;1
23;10;0;0;40;-1
51;9;1;0;40;-1
53;9;0;0;45;-1
24;13;0;0;35;-1
53;13;0;0;40;-1
49;16;0;0;60;-1
34;9;0;0;40;-1
37;9;0;0;47;-1
40;11;0;0;40;-1
23;10;0;1;6;-1
53;13;1;1;50;1
42;10;0;0;65;1
32;14;0;1;40;-1
33;9;3;1;65;-1
59;9;1;0;60;-1
36;10;0;0;44;-1
37;15;0;0;40;1
31;10;0;0;45;-1
46;13;0;0;40;-1
44;13;2;1;38;-1
29;9;0;0;40;-1
39;10;0;0;40;-1
62;9;0;0;65;-1
48;14;0;1;40;1
42;9;1;1;25;-1
60;14;0;0;48;1
35;13;0;1;40;-1
39;10;0;0;40;-1
34;12;0;1;36;-1
22;10;1;0;22;-1
18;9;0;0;40;-1
44;11;0;0;40;1
44;9;0;1;40;-1
21;9;0;0;50;-1
49;11;1;0;40;-1
52;7;0;0;40;-1
23;13;0;0;40;-1
54;9;0;0;49;-1
31;9;0;1;25;-1
30;14;1;1;20;-1
21;10;0;0;40;-1
38;13;2;0;40;1
51;10;0;0;40;1
34;16;0;0;50;1
22;13;0;1;30;-1
20;10;0;1;45;-1
26;10;0;1;35;-1
41;10;0;0;40;1
35;13;0;0;40;1
27;10;0;0;40;-1
65;10;0;0;40;-1
31;7;0;0;65;-1
45;15;0;0;35;1
37;12;0;0;50;1
47;12;0;0;50;1
33;9;0;0;40;-1
40;6;1;0;40;-1
38;10;2;0;40;1
21;10;0;0;40;-1
40;9;0;0;40;-1
33;9;1;0;55;-1
29;10;0;0;52;-1
41;10;0;0;35;-1
20;10;0;1;30;-1
20;10;0;0;54;-1
34;6;0;0;40;-1
46;9;0;0;40;1
40;11;0;0;40;1
59;10;0;0;40;1
23;9;0;0;40;-1
23;10;0;0;24;-1
47;10;0;0;30;-1
31;13;0;0;38;1
42;10;0;0;56;1
46;9;0;1;40;-1
29;9;0;0;44;-1
21;9;0;0;40;-1
55;9;0;0;40;1
38;11;0;1;40;-1
44;14;0;0;40;-1
61;10;0;0;50;1
38;13;0;0;40;-1
50;13;0;0;45;1
53;14;0;0;40;1
37;9;1;0;36;1
49;14;0;0;45;1
30;10;0;0;40;1
19;11;0;1;40;-1
59;9;0;0;20;-1
43;13;0;0;40;-1
29;13;0;0;60;-1
49;15;0;0;45;-1
36;9;0;0;50;-1
18;10;0;1;20;-1
60;10;0;1;15;-1
43;9;0;1;40;-1
42;9;0;1;40;-1
41;9;0;0;50;-1
31;13;0;1;40;-1
20;10;0;0;40;-1
37;14;0;0;40;1
51;10;0;0;55;-1
24;11;0;1;40;-1
21;10;0;1;30;-1
21;9;0;0;50;-1
20;10;0;1;40;-1
35;9;0;1;45;-1
30;10;0;0;40;-1
44;9;0;0;30;-1
45;13;2;0;40;1
42;6;0;0;40;-1
36;9;0;1;40;-1
32;13;0;1;40;-1
33;9;0;0;40;-1
27;5;0;0;32;-1
17;6;0;1;15;-1
45;9;0;1;40;-1
41;13;0;0;40;-1
19;10;0;1;35;-1
45;11;0;1;8;-1
33;13;0;0;60;1
17;6;3;1;20;-1
51;13;0;1;60;-1
33;9;0;0;20;-1
23;10;0;1;18;-1
52;13;0;0;30;1
36;10;0;1;32;-1
25;9;1;1;40;-1
38;10;0;1;20;-1
64;5;0;0;45;-1
29;9;0;0;40;-1
26;13;0;1;38;-1
38;9;0;0;24;-1
24;6;0;0;30;-1
43;10;0;0;40;1
28;13;0;0;45;1
18;10;0;1;25;-1
44;11;1;0;40;-1
81;9;0;0;18;-1
55;9;0;0;40;1
52;7;1;1;40;-1
31;13;0;0;40;1
35;9;0;1;40;-1
39;9;1;1;36;-1
27;9;0;0;40;-1
23;10;0;0;15;-1
33;11;0;0;40;-1
39;10;0;1;40;-1
44;9;0;0;40;-1
38;9;0;1;40;-1
18;8;0;0;15;-1
54;9;0;1;15;-1
45;9;1;1;40;-1
43;14;2;0;40;1
23;13;0;1;40;-1
33;7;0;0;50;-1
45;13;0;0;50;1
32;13;0;0;55;-1
47;4;0;0;40;-1
44;12;0;0;40;1
22;9;0;0;40;-1
17;7;0;0;30;-1
30;13;0;0;45;1
51;13;0;0;70;1
26;9;0;0;40;-1
50;7;0;0;40;-1
63;9;0;1;40;-1
48;11;0;0;43;1
51;9;0;0;28;-1
29;9;0;1;38;-1
69;14;0;0;25;-1
56;9;0;0;60;-1
26;13;0;1;40;-1
42;9;0;1;22;-1
41;9;0;0;40;1
23;10;0;0;40;-1
29;13;0;0;50;1
34;10;0;0;50;-1
46;13;0;1;40;1
46;9;0;1;25;-1
33;3;0;1;40;-1
46;11;0;0;40;-1
26;9;1;1;40;-1
49;13;0;1;50;-1
66;9;3;1;35;-1
35;9;0;0;40;-1
27;10;0;1;40;-1
31;9;0;1;40;-1
47;10;0;1;16;-1
48;9;0;0;40;1
27;10;0;1;56;-1
38;9;0;1;40;-1
27;9;0;1;40;-1
17;8;0;0;15;-1
44;13;0;0;40;1
26;9;0;0;48;-1
37;9;0;1;40;-1
49;13;0;0;55;1
42;9;0;0;40;1
26;13;0;1;40;-1
73;11;0;1;32;-1
44;10;0;0;40;-1
47;14;0;1;40;-1
28;10;0;1;20;-1
49;10;0;0;40;-1
17;9;0;1;20;-1
42;10;0;0;40;-1
30;6;0;0;40;-1
36;11;2;0;37;-1
53;13;0;1;40;-1
23;9;1;0;40;-1
35;9;0;1;40;-1
39;13;0;1;50;1
40;14;0;0;60;-1
28;10;0;0;40;-1
32;9;0;0;40;-1
42;10;0;1;40;-1
35;13;0;1;43;-1
35;8;1;1;40;-1
21;9;0;0;40;-1
31;9;0;0;40;-1
25;10;1;1;40;-1
24;9;0;0;25;-1
69;10;0;0;25;-1
35;14;2;0;40;1
35;13;0;0;40;-1
51;11;0;0;40;1
48;9;0;0;44;-1
49;11;0;0;40;-1
43;10;0;0;40;-1
53;13;0;0;40;1
35;9;0;0;40;-1
36;9;0;1;40;-1
34;14;0;1;40;-1
48;10;0;0;40;1
53;9;0;1;40;-1
49;15;0;1;40;-1
30;10;0;0;40;-1
41;9;0;0;40;-1
25;10;0;1;40;-1
24;10;0;0;65;-1
34;9;0;0;40;-1
29;9;0;1;42;-1
23;13;1;1;45;-1
46;10;0;0;42;-1
20;10;0;1;15;-1
63;8;0;0;40;-1
33;12;0;0;50;-1
24;10;1;1;40;-1
36;10;0;0;45;-1
25;9;0;0;40;-1
54;5;0;0;40;-1
50;13;0;0;50;-1
58;13;0;0;40;-1
17;7;0;0;20;-1
27;13;0;0;40;-1
20;9;0;1;26;-1
22;7;0;0;35;-1
80;7;0;0;25;-1
52;9;0;0;45;-1
48;6;0;1;48;-1
62;9;0;0;25;-1
32;12;0;0;42;1
21;10;0;1;28;-1
58;13;0;0;40;1
37;14;0;0;60;1
29;16;0;0;35;1
25;9;0;0;40;-1
26;10;0;0;40;-1
50;10;0;0;50;-1
30;13;0;0;40;1
30;13;0;0;80;-1
59;9;0;1;10;-1
36;9;0;0;40;-1
37;14;0;0;50;1
42;13;0;1;40;1
34;13;1;0;45;1
27;5;0;0;40;-1
39;13;0;0;50;1
41;10;0;0;40;-1
50;10;1;1;40;-1
18;9;0;1;28;-1
23;13;0;1;15;-1
26;9;0;0;48;-1
27;10;0;0;88;-1
21;6;3;0;40;-1
41;9;0;0;40;-1
42;12;2;0;35;-1
25;6;0;0;40;-1
43;13;0;0;40;1
23;10;0;0;15;-1
23;10;1;0;9;-1
18;7;0;1;20;-1
37;13;0;0;50;-1
36;10;0;0;40;-1
36;12;0;0;40;1
23;9;0;0;35;-1
55;9;0;1;40;-1
42;9;0;0;40;-1
22;9;1;1;38;-1
42;10;0;0;40;-1
21;9;0;0;40;-1
25;12;1;1;45;-1
31;2;0;0;35;-1
42;10;0;0;38;-1
26;5;0;0;20;-1
34;14;0;0;40;-1
51;13;0;0;40;-1
45;14;0;1;45;1
44;10;0;0;50;1
47;4;0;0;10;-1
35;10;0;0;40;-1
46;4;0;0;40;-1
46;12;0;0;56;-1
46;13;0;0;53;1
66;13;0;0;8;1
34;9;0;1;20;-1
26;12;0;0;40;-1
29;9;0;0;40;1
30;9;1;0;40;-1
23;13;0;1;40;-1
46;5;0;1;40;-1
44;6;0;0;40;-1
54;14;0;0;68;1
54;4;0;0;60;-1
71;5;0;1;13;-1
51;8;0;0;45;-1
32;9;0;0;40;-1
57;7;0;0;40;-1
34;5;0;0;40;-1
21;9;0;1;40;-1
50;14;0;0;40;1
32;11;0;0;44;-1
37;13;0;1;50;1
19;4;0;0;99;-1
64;9;0;1;30;-1
17;7;1;0;20;-1
37;11;0;0;40;-1
20;10;1;0;20;-1
18;8;0;0;40;-1
42;13;0;0;55;1
53;13;0;1;60;1
52;9;0;0;40;-1
51;6;0;0;40;-1
77;10;0;0;8;-1
38;10;0;0;40;-1
20;9;0;0;40;-1
23;9;0;0;30;-1
27;9;0;1;40;-1
19;7;0;1;40;-1
41;13;0;0;40;1
47;10;1;0;40;-1
36;13;0;0;40;1
42;14;0;0;60;1
24;13;0;1;40;-1
22;9;0;0;40;-1
29;2;0;0;40;-1
24;13;0;0;20;-1
41;10;0;0;45;1
29;9;2;0;40;-1
36;9;0;0;40;-1
78;9;0;0;45;1
34;10;0;1;40;-1
20;10;0;1;40;-1
24;8;0;0;40;-1
36;11;0;0;40;-1
49;10;0;0;44;-1
21;5;0;0;40;-1
51;12;1;1;40;-1
30;9;0;0;40;-1
37;9;0;0;40;-1
30;11;0;1;40;-1
46;9;0;0;40;-1
24;9;0;0;40;-1
32;13;0;0;42;1
36;10;0;0;50;-1
30;7;0;1;40;-1
60;10;0;0;40;-1
56;10;0;1;40;-1
57;7;0;0;40;-1
61;13;0;1;40;-1
50;9;0;0;40;1
56;9;0;0;48;-1
26;10;0;0;40;-1
56;7;0;1;40;-1
45;7;0;1;40;-1
28;12;0;0;65;1
45;10;2;0;40;-1
58;5;0;0;40;-1
23;13;0;1;40;-1
49;9;0;0;40;1
19;10;0;1;25;-1
22;9;0;0;40;-1
23;9;0;0;50;-1
40;9;0;0;25;-1
55;13;0;1;40;-1
34;11;0;1;40;-1
21;9;1;0;40;-1
28;9;0;1;40;-1
43;13;2;0;40;-1
17;5;0;0;20;-1
51;6;0;1;40;-1
37;9;0;0;40;1
54;13;0;0;50;1
24;13;0;0;30;-1
35;9;0;0;40;1
23;11;0;0;40;-1
24;9;0;1;45;-1
24;11;0;1;20;-1
34;9;0;0;40;1
45;9;0;1;40;-1
36;7;0;0;40;-1
33;13;0;0;45;1
21;9;0;1;20;-1
32;9;0;0;40;-1
22;3;0;0;40;-1
53;9;0;0;40;1
36;9;0;0;40;-1
22;13;0;0;40;-1
47;9;1;1;40;-1
25;10;2;1;20;-1
30;9;0;1;20;-1
49;9;1;1;40;-1
23;10;0;0;40;-1
40;6;0;0;35;-1
45;12;0;0;40;-1
61;13;0;0;42;-1
35;9;0;1;55;-1
20;10;0;1;25;-1
27;6;0;0;60;-1
23;9;0;1;40;-1
25;13;0;0;40;-1
65;10;0;1;35;-1
25;9;1;1;40;-1
45;13;0;1;40;-1
67;9;0;1;32;-1
40;9;0;1;40;-1
51;10;0;0;60;1
35;9;0;0;60;-1
28;10;0;0;40;-1
44;9;0;1;48;-1
37;10;0;0;50;1
54;10;0;0;45;1
33;15;0;1;40;1
46;9;0;1;40;-1
49;14;0;0;50;1
51;9;0;0;45;-1
27;9;0;0;40;-1
36;9;0;0;40;-1
24;10;0;1;15;-1
66;11;0;1;40;-1
31;9;0;1;38;-1
35;16;2;1;60;1
50;10;1;0;70;1
43;9;0;0;50;-1
21;5;0;0;30;-1
33;5;0;0;45;-1
22;9;0;1;36;-1
29;14;2;0;40;-1
42;11;0;0;40;-1
28;9;0;0;50;-1
36;9;0;1;38;-1
66;9;0;1;25;-1
44;13;0;1;20;-1
45;10;1;1;40;-1
49;9;1;1;40;-1
36;13;0;1;45;-1
48;7;0;0;60;-1
19;9;0;0;40;-1
36;13;0;0;40;1
41;14;0;0;45;1
32;10;0;0;50;-1
49;9;0;0;40;1
51;9;0;1;40;-1
20;10;0;1;29;-1
39;13;0;1;40;-1
38;9;0;0;40;1
19;10;0;1;25;-1
29;13;0;0;40;-1
52;9;2;0;40;1
22;11;0;0;44;-1
44;10;0;0;80;-1
43;9;0;0;40;-1
63;9;0;0;40;-1
40;11;1;0;44;-1
40;13;0;0;30;-1
18;7;0;1;15;-1
57;15;2;0;50;1
54;13;2;0;40;1
44;13;0;1;40;-1
20;10;0;0;30;-1
40;10;0;1;40;-1
29;10;0;0;40;-1
22;13;0;0;40;-1
45;10;0;0;45;-1
52;13;0;0;40;1
51;9;0;0;40;-1
23;13;1;0;10;-1
22;11;0;0;44;-1
37;10;0;1;40;1
58;9;1;1;40;-1
61;6;0;0;20;-1
30;14;0;1;45;-1
23;10;0;1;40;-1
30;6;2;0;40;-1
18;9;0;0;25;-1
23;9;1;0;40;-1
23;10;0;1;10;-1
57;13;0;0;55;1
58;9;0;0;45;1
59;9;0;0;40;1
27;13;0;0;40;-1
50;13;0;0;45;1
44;14;0;1;16;-1
25;13;0;1;40;-1
33;9;0;1;30;-1
22;10;0;0;35;-1
50;10;2;0;50;1
44;9;0;0;45;-1
53;9;0;0;40;1
41;13;0;0;50;1
54;10;0;1;40;-1
60;4;0;0;40;-1
58;14;0;0;20;-1
43;9;0;1;60;-1
33;12;0;0;40;-1
24;10;0;0;65;-1
41;9;0;0;40;-1
21;9;0;0;40;-1
39;10;2;0;40;-1
27;13;0;1;40;-1
50;9;0;0;40;-1
20;9;0;0;40;-1
46;13;0;0;40;1
49;7;0;0;40;-1
35;13;0;1;35;1
56;10;0;0;45;1
42;9;0;0;40;-1
58;4;0;0;40;-1
43;10;0;0;40;-1
25;9;0;1;40;-1
57;9;0;1;42;-1
49;4;0;1;40;-1
23;10;0;0;40;-1
59;9;0;0;40;-1
50;10;0;0;70;1
33;13;0;1;45;-1
52;14;0;0;45;-1
37;9;0;0;40;1
30;9;0;1;40;-1
39;9;0;0;60;-1
54;10;0;0;42;-1
52;9;0;0;45;1
22;9;0;0;56;-1
19;10;0;0;25;-1
32;13;0;0;40;-1
25;4;0;0;40;-1
34;10;0;0;40;-1
47;11;0;1;55;-1
24;9;0;0;98;-1
48;3;0;1;35;-1
26;9;0;1;50;-1
28;10;0;0;40;-1
23;9;1;0;12;-1
64;13;0;0;40;-1
28;13;0;0;50;1
28;4;0;0;40;-1
34;10;0;0;40;-1
44;12;0;0;60;1
18;9;0;0;25;-1
36;8;3;0;40;-1
24;9;0;0;40;-1
29;13;1;0;40;1
33;10;0;0;40;-1
57;9;1;1;35;-1
41;11;0;1;40;-1
55;6;1;1;35;-1
21;6;0;0;40;-1
36;14;0;0;45;1
26;10;3;0;50;-1
32;13;0;1;20;1
32;9;0;0;40;-1
21;10;0;1;40;-1
29;10;0;0;48;-1
58;9;0;0;40;1
47;9;0;0;45;-1
31;9;0;0;40;-1
42;9;0;0;35;-1
19;9;0;0;25;-1
66;9;0;0;50;-1
41;9;0;0;45;-1
22;10;0;1;30;-1
30;13;0;0;40;-1
36;9;0;1;16;-1
75;16;0;0;40;-1
41;12;2;1;36;-1
19;10;0;0;20;-1
60;9;0;0;40;-1
24;7;0;0;40;-1
25;7;0;0;40;-1
52;10;0;1;50;-1
30;13;0;1;45;-1
37;9;0;0;40;1
55;16;0;1;30;-1
20;10;1;1;24;-1
32;4;0;1;15;-1
18;9;0;0;35;-1
24;10;0;0;40;-1
33;10;0;0;45;-1
76;10;0;1;40;-1
57;14;0;0;14;1
19;9;0;1;40;-1
50;15;0;0;40;1
27;13;0;0;50;-1
40;11;0;1;60;-1
26;6;0;0;40;-1
47;9;0;0;55;-1
39;11;0;0;50;-1
49;10;0;0;40;-1
28;10;0;0;7;-1
33;10;1;1;30;-1
28;7;0;0;50;-1
30;9;0;0;40;-1
39;13;0;0;40;1
37;9;0;0;50;-1
50;9;0;0;80;-1
37;6;0;0;40;-1
26;9;0;0;40;1
55;11;0;0;40;1
46;13;0;0;40;1
32;9;0;0;60;-1
26;13;0;0;45;1
19;9;0;1;40;-1
38;9;0;1;75;-1
38;3;0;0;40;-1
65;11;0;1;40;-1
48;9;0;1;25;-1
44;13;1;1;7;-1
32;10;0;0;50;-1
30;9;1;1;40;-1
49;12;0;0;60;1
23;9;1;1;40;-1
25;10;0;0;16;-1
19;10;0;1;15;-1
27;11;0;0;40;-1
43;9;0;0;60;-1
38;9;0;0;50;-1
42;14;0;0;60;-1
33;13;0;0;38;-1
30;13;0;0;40;1
29;13;0;0;40;-1
30;7;0;0;40;-1
26;9;0;0;40;-1
43;13;0;0;40;1
30;9;0;1;45;-1
38;10;0;0;40;1
48;14;0;0;40;1
30;9;0;1;30;-1
42;14;1;0;45;1
31;9;0;0;70;-1
32;10;0;0;40;-1
28;13;0;0;40;-1
63;9;0;0;40;-1
32;9;0;0;40;-1
20;10;0;0;12;-1
51;14;0;1;30;1
24;10;2;0;40;-1
41;11;0;1;44;-1
21;9;0;0;40;-1
17;5;1;0;35;-1
45;2;0;1;40;-1
21;10;2;1;4;-1
42;9;1;0;40;-1
22;3;0;0;40;-1
21;10;0;1;40;-1
59;9;0;1;40;-1
40;14;0;0;65;1
45;10;0;1;40;-1
35;9;0;0;50;-1
58;9;0;0;20;-1
29;9;2;0;45;-1
21;7;0;0;45;-1
51;9;0;0;40;-1
34;10;0;1;40;-1
40;13;0;1;35;-1
45;7;0;1;16;-1
22;13;0;1;40;-1
62;6;0;1;40;-1
32;13;0;1;60;-1
36;13;0;1;4;1
43;9;0;0;40;-1
37;9;0;0;40;-1
33;13;2;1;40;-1
28;9;0;0;55;-1
49;10;0;1;28;-1
47;9;0;1;7;1
59;9;0;1;40;-1
35;9;0;0;40;-1
35;13;0;0;40;-1
29;13;0;0;40;-1
57;12;1;1;40;-1
41;13;0;0;60;1
37;14;0;0;45;1
20;10;0;0;40;-1
44;9;0;0;60;-1
20;9;0;1;30;-1
38;13;0;1;28;1
23;9;0;0;40;-1
24;9;0;1;36;-1
46;13;0;0;40;1
32;9;0;0;40;-1
21;9;0;0;40;-1
32;10;0;0;40;-1
51;9;0;0;40;-1
43;10;0;0;40;-1
43;9;0;0;40;-1
35;7;0;1;84;-1
32;9;0;0;40;-1
25;13;0;1;21;-1
64;10;0;1;40;-1
28;13;0;1;40;-1
44;2;0;0;40;-1
40;13;0;0;40;1
21;10;2;0;40;-1
23;9;0;0;40;-1
23;10;0;1;20;-1
19;9;1;0;40;-1
61;10;0;0;25;-1
47;4;3;0;40;-1
39;6;0;0;45;-1
25;6;0;0;40;-1
33;9;0;0;45;-1
34;10;0;1;38;-1
54;10;0;0;50;-1
24;13;0;1;40;-1
28;9;3;0;50;-1
33;10;0;0;44;-1
63;9;0;0;14;-1
31;9;0;0;60;1
70;9;0;0;16;-1
43;9;0;1;40;-1
36;10;0;1;12;1
50;7;0;0;40;-1
21;10;1;1;30;-1
31;10;1;1;40;-1
19;10;0;1;30;-1
39;10;0;1;35;-1
29;4;0;1;40;-1
39;10;0;0;40;-1
17;4;3;0;40;-1
46;10;0;1;40;-1
62;9;0;0;40;-1
32;6;1;1;23;-1
28;9;1;1;40;-1
19;10;1;1;40;-1
18;10;0;0;25;-1
24;13;0;0;45;-1
38;10;0;0;41;-1
38;14;1;0;40;1
17;6;0;0;20;-1
28;9;0;0;40;-1
52;9;0;0;8;-1
19;9;0;1;25;-1
26;10;0;0;40;1
34;10;0;0;40;1
21;9;0;1;25;-1
43;9;0;0;44;-1
52;9;0;0;40;-1
59;9;0;0;40;1
21;11;0;1;40;-1
55;10;0;0;40;1
46;14;0;0;60;1
36;9;0;1;37;-1
39;9;0;0;48;-1
78;13;0;0;3;-1
30;9;0;1;30;-1
22;10;0;1;16;-1
43;13;0;0;40;1
36;9;0;0;56;-1
36;13;0;0;40;1
50;9;0;1;40;-1
27;13;0;1;35;-1
46;9;0;0;40;1
24;13;0;0;20;-1
41;9;0;0;40;-1
68;9;0;0;24;-1
38;10;0;0;40;-1
47;9;0;0;40;1
41;10;1;0;20;-1
31;16;0;1;48;-1
29;10;0;0;42;-1
26;9;0;1;40;-1
51;10;0;1;36;-1
26;13;3;0;60;-1
27;13;0;1;60;-1
36;9;0;0;50;-1
28;13;0;1;40;-1
53;13;0;1;40;-1
40;13;0;0;40;-1
38;9;0;1;20;-1
21;4;0;0;40;-1
53;6;0;0;34;-1
34;9;0;0;40;-1
43;9;0;0;60;-1
64;6;0;0;40;-1
21;10;0;1;40;-1
25;13;0;0;13;-1
47;14;1;0;50;1
57;9;0;0;50;-1
37;13;0;1;35;-1
37;7;0;0;40;-1
51;9;0;0;55;1
32;12;0;1;40;-1
49;9;0;0;40;-1
52;9;0;0;14;-1
46;9;0;1;45;-1
24;10;0;0;40;-1
39;13;0;0;45;1
30;10;0;0;44;-1
34;14;0;1;60;1
30;10;0;0;40;-1
25;13;1;1;40;-1
58;13;1;0;40;-1
32;10;0;0;50;-1
37;9;1;1;25;-1
35;9;1;1;40;-1
18;3;0;0;30;-1
46;13;0;1;40;-1
44;6;0;1;40;-1
45;6;0;1;40;-1
40;8;0;0;40;1
38;13;0;0;50;1
52;9;2;1;40;-1
47;9;0;0;40;-1
49;13;0;1;35;-1
59;9;0;0;40;-1
22;11;0;1;37;-1
44;10;0;0;40;1
76;13;0;1;20;-1
50;6;0;0;40;-1
33;10;0;0;40;-1
43;9;0;0;48;1
37;9;0;0;40;-1
40;7;0;0;55;-1
49;10;2;1;40;-1
48;10;0;0;45;-1
22;10;0;0;40;-1
42;9;0;1;40;-1
36;10;0;1;40;-1
57;10;0;0;50;-1
30;9;1;1;40;-1
40;9;2;0;40;-1
42;9;0;0;45;-1
56;9;0;0;40;1
55;10;0;1;40;-1
25;9;0;0;40;-1
52;9;0;0;40;-1
33;10;2;1;35;-1
47;13;0;0;60;1
23;12;0;1;65;-1
55;13;0;1;50;-1
43;9;0;1;50;-1
31;11;0;0;50;-1
62;12;0;1;40;-1
42;9;0;0;8;-1
38;9;0;0;40;1
29;9;0;0;42;-1
26;10;0;0;60;-1
26;9;0;1;52;1
37;9;0;0;72;-1
61;4;0;0;48;-1
28;4;0;1;99;-1
51;9;0;0;81;-1
34;9;0;0;43;1
35;9;0;0;40;-1
27;6;0;0;60;-1
44;9;0;1;40;-1
25;9;0;1;20;-1
32;4;0;1;40;-1
36;10;0;0;20;1
27;14;0;0;30;-1
40;16;0;0;60;1
43;10;0;0;40;1
25;13;0;0;40;-1
41;9;0;0;50;-1
30;13;0;0;45;1
52;7;3;0;40;-1
32;13;0;1;45;-1
33;9;0;0;40;-1
35;9;0;0;55;-1
48;9;0;1;44;-1
62;4;0;0;5;-1
40;12;1;1;2;-1
41;10;0;1;20;-1
28;3;0;1;40;-1
23;10;0;1;30;-1
51;10;0;1;35;-1
63;10;0;0;48;-1
63;9;0;1;40;-1
40;9;0;0;60;1
20;7;0;1;40;-1
40;9;0;0;40;-1
41;13;0;1;15;1
41;13;1;0;40;-1
27;13;0;1;24;1
20;10;0;1;15;-1
35;9;0;0;40;-1
31;13;0;0;40;-1
34;13;0;0;50;1
57;14;0;0;50;1
28;9;0;1;40;-1
38;10;0;0;40;1
37;11;0;0;40;-1
43;10;1;1;40;-1
26;9;0;0;40;-1
26;10;1;0;65;-1
27;11;0;0;50;-1
33;13;0;0;45;-1
45;13;0;1;40;-1
65;13;0;0;20;-1
59;9;0;1;38;-1
18;10;0;0;26;-1
44;8;0;0;40;-1
37;10;0;0;40;-1
27;9;0;0;40;-1
43;13;0;1;45;1
59;15;0;0;40;1
19;9;0;0;40;-1
36;9;1;0;90;-1
37;10;0;0;57;-1
31;12;0;1;35;-1
23;9;0;0;40;-1
22;10;0;0;30;-1
36;9;1;1;40;-1
38;10;0;0;50;-1
24;12;0;1;40;-1
26;13;1;1;40;-1
47;4;3;1;40;-1
31;14;0;1;50;-1
42;3;0;0;35;-1
48;11;0;0;70;1
56;10;1;1;38;-1
50;9;0;0;40;1
17;6;0;0;20;-1
50;9;0;1;40;-1
49;9;0;1;32;-1
34;9;0;1;15;-1
32;9;0;0;60;1
28;10;0;0;40;1
62;13;0;0;50;1
23;13;0;0;15;-1
24;14;1;1;40;-1
31;11;0;1;40;-1
36;9;0;0;40;-1
58;12;0;1;35;-1
46;3;0;1;40;-1
39;14;0;0;40;1
48;9;0;1;18;-1
21;9;0;0;42;-1
39;9;0;0;40;-1
21;10;0;1;35;-1
33;11;0;0;40;1
37;9;0;0;50;1
29;9;0;1;40;-1
30;13;3;1;40;1
43;9;0;1;40;-1
22;9;0;0;40;-1
25;14;0;1;40;1
69;10;0;0;40;-1
17;7;0;1;25;-1
18;7;0;0;12;-1
54;9;0;1;40;-1
65;9;0;0;45;-1
28;8;3;0;40;-1
27;11;0;1;38;-1
35;12;0;0;45;1
38;11;0;1;40;1
33;9;0;0;40;-1
26;9;0;0;40;-1
56;10;0;1;60;1
38;13;2;0;70;1
26;10;0;1;50;-1
33;13;0;0;55;1
44;4;0;0;50;-1
36;5;0;1;40;-1
42;10;0;0;40;-1
44;12;0;0;40;-1
21;10;0;1;20;-1
41;10;0;0;50;1
27;7;0;0;45;-1
38;13;0;0;40;1
60;10;2;1;30;-1
24;8;0;0;40;-1
24;9;0;0;40;-1
22;9;0;0;40;-1
32;10;0;1;40;-1
22;2;0;0;24;-1
51;13;0;0;40;-1
42;15;0;0;55;1
37;13;0;1;42;-1
37;15;0;0;45;1
66;13;0;0;40;1
18;9;0;1;24;-1
46;11;1;1;40;-1
52;9;0;0;40;1
23;9;0;0;40;-1
67;9;0;0;38;1
19;10;0;1;25;-1
37;13;0;1;45;-1
39;10;1;0;40;-1
46;9;0;0;40;-1
47;9;1;1;32;-1
33;9;1;1;40;-1
69;10;0;1;14;-1
21;10;0;0;40;-1
27;9;1;0;48;-1
39;9;0;0;40;1
23;10;1;0;40;-1
26;11;0;1;36;-1
42;16;2;1;40;-1
36;9;0;0;40;-1
24;9;0;0;40;-1
35;5;0;0;40;-1
42;9;1;1;40;-1
41;16;0;0;50;1
27;11;1;1;40;-1
44;13;0;1;16;1
18;9;0;1;16;-1
41;13;0;0;40;1
31;9;0;0;40;-1
26;10;0;0;40;-1
37;10;0;0;60;1
51;9;0;0;40;-1
26;10;2;0;40;-1
25;9;0;0;40;-1
38;11;0;0;40;1
43;9;0;0;40;-1
23;10;0;1;40;-1
60;14;0;1;25;-1
21;10;0;0;20;-1
18;10;0;1;25;-1
43;3;0;1;40;-1
26;7;0;1;65;-1
36;9;0;0;25;1
38;9;0;1;40;-1
43;10;0;0;84;-1
58;9;0;1;35;-1
55;9;0;1;29;-1
39;12;1;1;35;-1
38;13;0;1;35;-1
57;15;0;0;40;-1
35;12;0;0;52;-1
44;15;2;0;60;1
36;9;0;0;40;-1
58;9;0;0;40;-1
25;15;0;1;8;-1
54;13;0;0;40;-1
23;13;0;1;40;-1
37;10;0;0;60;-1
60;12;1;0;40;-1
66;4;0;1;20;-1
36;12;1;0;50;-1
25;13;0;1;44;-1
62;9;0;1;25;-1
23;10;0;0;40;-1
38;9;1;0;40;-1
33;10;0;0;50;1
49;10;0;0;60;-1
57;9;0;0;60;1
57;13;0;0;45;-1
46;10;0;1;45;-1
37;14;0;0;70;1
43;13;0;0;45;1
26;9;0;1;35;-1
40;11;0;1;40;-1
39;9;2;0;40;-1
39;12;1;1;40;-1
31;10;0;0;40;-1
31;13;3;0;36;-1
27;13;1;1;40;-1
36;13;0;0;50;-1
57;9;0;0;40;-1
24;9;0;1;35;-1
30;10;0;0;45;-1
28;8;0;0;50;-1
22;13;0;0;40;-1
31;4;0;0;50;-1
33;9;0;0;44;1
20;10;0;0;15;-1
25;8;3;0;60;-1
49;10;0;0;40;-1
21;9;0;1;35;-1
45;13;0;0;45;1
36;9;0;0;45;1
41;3;0;1;32;-1
47;13;0;0;50;1
41;9;0;0;50;-1
30;9;0;1;40;-1
29;10;0;0;40;-1
31;4;0;1;40;-1
64;5;0;0;50;-1
55;5;2;0;40;-1
19;9;0;0;35;-1
31;8;0;1;40;1
18;7;0;0;8;-1
68;9;0;1;24;-1
50;10;0;0;40;-1
36;10;1;1;48;-1
44;15;0;0;50;1
58;9;0;1;20;1
20;9;1;1;20;-1
18;6;0;0;40;-1
32;9;0;1;30;-1
49;9;0;1;40;-1
34;9;0;0;40;-1
22;9;0;1;40;-1
40;9;0;0;45;-1
35;9;0;0;40;-1
26;10;0;0;50;-1
44;8;2;0;60;-1
55;9;0;1;60;-1
54;10;0;1;40;-1
52;9;0;0;38;-1
57;13;0;0;50;1
67;4;0;1;35;-1
58;9;0;1;40;-1
27;10;0;0;16;-1
66;9;0;0;15;-1
41;10;0;0;40;-1
18;7;0;1;16;-1
50;3;0;0;37;-1
31;10;0;0;40;-1
32;6;0;0;40;-1
37;10;0;0;45;-1
26;13;0;0;20;-1
33;11;0;0;50;-1
35;9;1;1;40;-1
44;13;0;1;45;-1
26;13;0;0;40;-1
48;9;0;0;40;-1
40;13;0;0;40;-1
62;6;0;0;35;-1
37;15;0;0;45;1
18;7;0;0;18;-1
48;9;3;1;38;-1
45;14;0;0;50;-1
35;10;0;0;45;-1
35;9;0;0;40;-1
34;9;0;0;51;-1
29;9;0;1;40;-1
19;10;0;0;30;-1
53;10;0;0;60;-1
49;10;0;0;40;-1
71;9;0;1;16;-1
38;4;0;0;36;-1
39;14;0;0;45;-1
23;13;0;1;40;-1
29;13;0;0;50;1
52;3;0;0;40;-1
41;10;0;1;40;1
20;10;0;0;35;-1
30;10;0;0;45;-1
56;6;1;1;36;-1
26;9;0;1;40;-1
36;9;0;1;40;-1
26;13;1;1;42;-1
24;13;0;0;40;-1
41;10;2;1;32;-1
27;10;0;0;35;-1
57;9;0;0;40;-1
21;10;0;1;20;-1
50;9;0;0;40;-1
27;9;1;0;40;-1
58;13;0;1;60;-1
27;13;0;0;50;-1
36;9;1;1;17;-1
33;9;0;1;40;-1
19;10;0;1;18;-1
26;9;1;1;40;-1
37;9;1;1;30;-1
53;9;0;0;45;-1
32;10;1;0;38;-1
18;7;0;1;25;-1
53;9;0;0;40;1
40;13;0;0;40;-1
50;10;0;1;40;-1
60;13;0;0;46;1
28;9;0;1;40;-1
37;9;0;0;40;-1
25;9;0;0;40;-1
26;13;0;1;45;-1
47;9;0;1;40;-1
18;8;0;0;20;-1
22;13;0;1;16;-1
36;10;0;1;30;-1
59;9;0;0;48;-1
33;9;0;1;38;-1
33;6;0;0;35;-1
53;13;2;1;50;-1
55;9;0;0;50;-1
56;9;0;0;50;-1
54;10;0;1;35;-1
51;9;0;0;40;-1
43;14;0;0;50;1
44;9;0;1;40;-1
22;10;0;0;50;-1
43;9;2;0;40;-1
26;12;1;1;40;-1
30;13;0;0;18;-1
46;9;0;0;15;-1
27;13;0;0;50;-1
26;9;0;0;50;-1
25;9;0;0;35;-1
30;15;1;1;40;-1
47;10;1;1;48;1
43;6;0;0;40;-1
71;9;0;1;20;-1
46;9;2;0;40;-1
44;10;0;1;15;-1
42;16;0;0;50;-1
36;12;0;0;50;1
37;10;0;0;50;1
26;13;0;0;20;-1
24;13;0;1;30;-1
17;7;0;0;18;-1
45;14;0;1;35;-1
54;10;0;0;48;1
22;10;0;1;30;-1
63;14;0;0;48;-1
22;9;0;0;43;-1
27;10;0;0;25;-1
33;5;0;0;33;-1
64;13;0;1;30;-1
50;12;0;0;50;1
44;11;0;1;40;-1
31;9;0;0;50;-1
44;9;2;1;40;-1
53;6;0;0;35;-1
33;9;0;1;40;-1
34;8;0;0;40;-1
27;9;0;0;70;-1
80;9;0;0;20;-1
31;12;0;1;32;-1
40;9;1;0;40;1
53;13;0;0;40;-1
58;9;0;0;44;-1
38;10;0;0;40;1
33;15;0;0;40;1
48;13;0;0;60;1
23;10;1;1;40;-1
31;9;0;0;50;-1
52;14;0;0;70;-1
24;9;0;0;40;-1
45;5;0;0;40;-1
36;9;0;1;40;1
52;3;0;1;40;-1
54;9;0;0;40;-1
39;15;0;0;55;1
40;13;0;0;50;1
28;9;2;0;50;-1
21;10;0;0;16;-1
23;10;0;1;40;-1
36;4;1;0;40;-1
22;10;0;1;15;-1
55;14;0;0;50;-1
71;9;0;0;17;-1
47;16;0;0;60;1
17;6;0;0;12;-1
31;13;0;1;50;1
32;10;2;0;40;-1
27;13;0;1;40;-1
40;9;0;1;48;-1
17;5;0;0;20;-1
33;14;0;0;40;-1
72;16;0;0;30;-1
34;10;0;1;40;1
65;9;2;0;40;-1
32;9;0;0;40;-1
26;10;0;0;40;-1
22;9;0;0;40;-1
31;10;0;0;40;-1
28;13;0;0;50;-1
38;14;0;1;50;1
34;12;0;0;28;-1
44;13;0;0;35;1
27;10;2;0;40;-1
50;13;0;0;44;1
47;9;1;1;30;-1
20;10;0;0;40;-1
24;9;0;0;38;-1
29;10;0;0;40;1
37;11;1;1;32;-1
42;12;0;0;40;-1
20;10;0;0;20;-1
68;10;0;1;40;-1
22;10;2;1;40;-1
72;9;0;0;30;-1
45;10;1;0;20;-1
30;9;1;0;40;-1
33;9;0;0;40;-1
43;9;0;0;40;1
25;11;0;0;40;-1
41;9;0;1;40;-1
25;13;0;1;37;-1
31;12;0;0;40;1
36;9;0;0;38;-1
37;13;0;0;40;1
58;9;0;0;20;-1
26;13;1;1;40;-1
55;10;0;0;50;1
46;10;0;0;48;1
44;7;1;0;60;-1
28;13;0;0;55;-1
42;6;0;0;50;-1
41;9;0;0;40;-1
39;13;0;0;45;-1
64;11;0;0;30;-1
20;10;0;0;25;-1
45;10;0;0;40;1
31;9;0;0;50;-1
36;14;0;0;40;1
32;5;3;1;40;-1
33;11;0;0;65;-1
36;9;0;0;40;-1
40;9;0;0;40;-1
40;9;0;1;45;-1
46;11;0;1;40;-1
31;15;0;0;60;1
26;9;0;0;40;-1
25;13;0;0;40;-1
35;12;0;0;40;-1
29;15;0;0;50;-1
39;12;0;0;40;-1
44;10;0;0;40;-1
37;9;0;0;60;1
79;11;0;0;20;1
36;13;1;0;45;1
44;10;0;0;60;1
27;13;0;1;45;-1
58;9;0;0;40;-1
36;12;0;0;48;-1
21;10;0;0;45;-1
49;9;0;0;40;-1
34;13;0;1;40;1
29;9;0;0;35;-1
63;13;0;0;50;1
29;13;0;1;40;-1
65;10;0;0;40;-1
26;13;0;1;25;-1
42;16;2;0;40;1
44;10;2;1;37;-1
51;9;1;0;6;-1
41;9;0;0;25;-1
22;12;1;1;35;-1
36;10;0;1;25;-1
18;7;0;0;40;-1
33;6;0;0;40;-1
46;13;0;0;38;1
49;7;0;1;40;-1
41;9;0;1;40;-1
52;10;0;1;40;-1
40;10;0;0;40;-1
53;10;0;1;40;-1
45;9;0;0;50;-1
30;6;0;0;40;-1
56;9;0;0;40;-1
24;9;0;0;40;-1
71;4;0;0;50;-1
20;9;0;1;30;-1
26;13;0;0;50;-1
34;9;0;0;65;-1
36;5;0;1;40;-1
22;9;0;1;40;-1
51;9;0;0;40;-1
46;10;0;1;40;-1
32;9;0;0;45;-1
52;10;0;0;50;-1
57;9;1;1;40;-1
35;10;0;1;39;-1
52;14;0;0;50;1
59;5;0;1;12;-1
36;10;0;1;40;-1
33;10;0;0;40;1
67;9;1;0;20;-1
31;10;0;0;48;-1
31;9;0;0;50;-1
28;10;0;0;42;-1
72;4;0;1;20;-1
36;9;0;0;40;-1
58;9;0;0;35;1
56;9;0;0;40;-1
35;10;0;0;40;-1
37;11;0;0;40;1
44;13;0;1;40;-1
26;9;0;0;40;-1
51;9;0;0;40;-1
30;10;0;1;40;-1
20;10;0;1;40;-1
21;10;2;1;40;-1
37;13;0;0;50;1
54;9;0;0;45;-1
32;13;0;1;32;-1
43;9;0;1;40;-1
48;11;0;1;40;-1
42;13;0;0;48;-1
62;9;0;0;40;-1
31;9;0;0;40;-1
22;9;0;0;60;-1
45;13;0;0;32;-1
34;10;0;0;45;-1
64;9;0;0;20;-1
42;13;0;0;65;-1
60;9;0;0;70;-1
44;9;0;0;58;-1
67;4;0;0;4;-1
45;12;0;1;40;-1
53;15;0;0;38;1
32;6;0;1;40;-1
23;9;0;1;35;-1
28;13;2;0;40;-1
55;4;0;0;41;-1
58;14;0;1;24;1
27;9;0;0;40;-1
37;9;1;1;40;-1
22;10;2;1;4;-1
44;6;0;0;70;-1
23;12;0;0;40;-1
41;13;0;0;40;-1
45;10;2;0;55;1
29;9;0;0;40;-1
33;13;0;0;45;1
22;10;0;0;38;-1
28;5;0;0;40;-1
30;13;0;1;40;-1
20;10;0;0;20;-1
28;6;0;0;30;-1
45;9;0;0;50;1
19;10;0;1;24;-1
42;12;0;1;40;-1
34;9;0;0;40;-1
31;13;0;0;60;1
23;13;0;1;40;-1
50;9;0;0;50;-1
40;6;0;0;40;1
57;9;0;1;45;-1
24;13;0;0;45;-1
27;10;0;1;15;-1
27;10;0;1;40;1
45;9;0;0;40;-1
80;16;0;0;30;-1
23;10;0;0;50;-1
46;10;0;0;40;1
38;13;0;0;40;1
50;9;0;0;60;-1
90;13;0;0;20;-1
55;10;0;0;50;-1
72;9;0;1;50;-1
65;10;0;1;40;-1
37;6;0;0;40;-1
39;9;0;1;40;-1
38;11;0;0;40;-1
50;9;0;0;65;1
54;12;0;0;40;1
40;14;0;0;50;1
50;9;0;0;35;-1
28;10;0;0;30;-1
34;11;0;0;53;-1
55;9;0;0;40;-1
20;9;0;0;40;-1
19;10;0;1;32;-1
21;10;0;0;35;-1
39;10;0;1;20;-1
43;9;0;0;40;1
33;9;2;0;40;-1
26;10;0;1;40;-1
45;16;0;0;40;1
31;10;0;1;65;-1
32;3;0;0;60;-1
60;9;0;0;50;-1
41;9;0;0;40;1
21;10;1;0;20;-1
27;10;1;1;36;-1
33;3;0;0;40;-1
43;9;0;0;40;-1
18;6;0;0;40;-1
48;10;0;0;40;1
37;4;0;0;50;-1
58;9;0;0;40;-1
24;9;0;0;40;-1
26;13;0;0;15;-1
34;7;0;0;40;-1
38;13;0;1;40;-1
51;7;0;0;45;1
31;9;1;1;45;-1
49;16;0;1;35;1
26;13;0;1;40;-1
28;9;1;1;20;-1
26;9;0;0;40;-1
23;9;0;0;40;-1
62;9;0;0;8;-1
42;13;0;0;60;1
39;9;0;0;40;-1
43;11;0;0;40;-1
33;10;0;0;70;-1
68;13;0;0;20;-1
30;14;0;0;46;1
32;13;2;0;40;-1
25;10;3;0;40;-1
53;3;0;1;24;-1
38;11;0;0;55;1
62;9;0;0;40;-1
20;9;0;0;40;-1
26;9;0;0;40;-1
23;9;0;0;40;-1
43;9;0;1;40;-1
29;10;0;0;36;-1
34;6;0;1;36;-1
24;10;0;0;35;-1
44;14;0;0;35;1
19;10;0;0;40;-1
47;13;0;0;40;1
40;10;0;1;48;-1
45;9;0;1;45;-1
43;9;1;1;45;-1
22;5;0;0;30;-1
72;10;0;0;3;-1
29;13;0;0;40;-1
47;13;0;0;50;-1
24;9;0;0;35;-1
22;10;0;0;15;-1
21;9;0;1;40;-1
74;15;0;0;40;-1
27;11;0;0;40;-1
32;13;2;1;46;-1
30;7;0;0;50;-1
29;11;0;0;56;-1
39;10;0;0;70;-1
21;10;0;1;30;-1
31;9;0;0;38;-1
33;10;0;0;40;-1
39;15;0;0;70;1
29;9;0;0;40;-1
52;13;0;1;55;-1
35;9;0;0;25;-1
33;6;0;0;40;-1
40;5;0;1;5;-1
43;13;2;0;50;1
66;2;1;0;30;-1
51;13;0;0;40;1
36;9;0;1;30;-1
17;7;0;1;40;-1
32;9;0;0;40;-1
39;9;1;1;40;-1
19;10;0;0;60;-1
54;7;0;0;40;1
45;13;0;0;50;1
47;13;1;1;40;-1
32;9;0;1;40;-1
28;9;0;0;50;-1
39;13;0;0;40;-1
27;9;0;0;50;-1
42;14;0;1;38;1
24;13;0;0;44;-1
45;13;0;0;45;1
19;9;0;0;30;-1
46;6;0;0;40;1
50;9;0;0;40;-1
32;9;0;1;42;-1
43;9;0;0;50;-1
29;13;0;0;40;-1
90;13;0;1;10;-1
41;15;0;1;50;1
24;1;0;0;36;-1
24;10;0;0;50;-1
24;10;0;1;53;-1
30;13;0;0;40;-1
46;13;0;1;40;-1
39;5;0;0;35;-1
43;9;0;0;40;-1
35;9;0;1;40;-1
65;9;0;1;24;-1
34;9;0;0;40;-1
41;11;0;0;40;-1
24;10;0;0;60;-1
24;9;2;0;35;-1
33;9;0;0;40;1
37;9;0;0;38;-1
39;9;0;0;60;1
58;9;0;1;25;-1
36;9;0;0;35;-1
42;14;0;0;55;-1
31;10;1;0;40;-1
57;9;0;0;40;-1
67;9;0;0;40;1
23;9;0;0;40;-1
35;10;2;0;40;-1
43;13;0;0;55;1
39;10;0;0;60;-1
36;9;0;0;40;-1
29;12;0;1;13;-1
25;9;0;0;40;-1
54;6;1;0;45;1
24;9;0;0;44;-1
50;13;2;0;60;1
70;6;0;0;50;-1
38;14;0;0;70;-1
51;9;0;1;40;1
28;9;0;0;40;-1
66;15;0;0;25;1
57;9;0;0;60;1
44;13;2;0;50;1
29;10;0;1;40;-1
21;10;1;1;40;-1
42;6;3;0;43;1
50;10;0;1;40;-1
65;9;0;1;14;-1
64;9;0;1;38;-1
44;7;1;1;30;-1
17;6;0;0;10;-1
17;6;0;1;40;-1
43;10;0;0;60;-1
32;12;0;1;40;-1
20;10;0;1;20;-1
23;10;0;0;10;-1
34;9;0;0;45;-1
30;10;0;0;20;-1
32;4;0;0;40;-1
40;13;0;0;60;1
28;10;1;0;40;-1
44;9;0;0;45;1
29;11;0;1;35;1
37;10;0;0;40;-1
56;10;0;0;40;-1
27;13;0;0;40;-1
34;9;0;1;20;-1
37;9;0;0;40;-1
66;13;0;0;40;1
19;9;0;0;30;-1
60;11;0;1;40;-1
47;9;0;0;40;1
47;10;0;0;48;1
48;11;0;0;60;-1
57;9;0;0;60;-1
50;10;0;0;50;1
62;5;1;1;25;-1
45;10;0;0;40;-1
55;9;0;0;40;-1
62;9;0;1;32;-1
25;6;0;0;40;-1
49;7;0;1;38;-1
25;9;2;0;40;-1
39;10;0;0;50;-1
27;10;0;0;50;-1
43;9;1;0;40;1
30;9;2;1;40;-1
21;10;0;1;20;-1
33;15;0;1;40;1
33;10;0;0;50;-1
33;7;1;1;38;-1
70;4;0;1;35;-1
25;10;1;0;42;-1
17;7;0;0;25;-1
20;10;0;0;40;-1
19;10;1;0;35;-1
31;12;0;0;40;-1
26;13;0;0;55;-1
52;14;0;0;40;-1
26;13;0;1;40;-1
38;9;0;0;45;-1
25;10;0;0;40;-1
22;13;0;1;9;-1
53;9;0;0;40;1
30;12;0;0;50;-1
44;10;0;0;60;1
32;13;2;0;56;1
59;7;0;0;20;-1
49;10;1;1;40;-1
31;9;0;0;50;1
44;5;0;0;40;-1
36;13;2;0;55;1
36;9;0;1;40;-1
37;5;0;0;50;1
29;13;1;0;40;-1
52;9;0;0;40;-1
21;10;0;1;40;-1
36;10;1;1;38;-1
24;9;1;1;30;-1
31;9;1;0;40;-1
54;9;0;1;35;-1
44;13;0;0;40;-1
18;10;3;0;30;-1
41;9;0;1;40;-1
37;14;0;1;70;-1
30;9;1;0;40;-1
26;13;2;0;20;-1
68;16;0;0;50;-1
31;10;0;0;40;-1
48;9;0;0;40;-1
80;9;0;0;8;-1
26;10;1;0;40;-1
63;5;0;0;40;-1
19;10;0;0;20;-1
30;10;0;1;30;-1
42;9;0;0;60;-1
64;12;2;0;40;1
32;13;0;0;40;-1
50;9;0;0;47;-1
73;9;2;0;40;-1
32;13;1;1;40;-1
58;13;0;0;40;-1
24;10;0;0;15;-1
53;13;0;0;50;1
23;10;3;1;40;-1
42;12;0;1;40;-1
30;9;0;1;40;-1
38;13;0;1;35;-1
28;9;0;0;40;-1
19;8;0;1;20;-1
45;9;1;0;40;-1
26;13;0;0;40;-1
33;5;0;1;40;-1
29;9;0;0;50;-1
54;14;0;1;55;1
23;10;0;1;50;-1
43;9;0;0;55;1
37;5;0;1;30;-1
31;4;0;0;40;-1
25;7;0;0;40;-1
17;7;1;1;25;-1
37;9;0;1;68;-1
60;11;0;0;40;-1
59;13;0;1;40;-1
59;9;0;0;40;1
28;9;0;0;16;-1
33;9;0;0;40;-1
33;11;0;1;99;-1
29;9;0;0;40;-1
23;10;0;0;40;-1
20;10;0;0;25;-1
60;9;0;1;44;-1
44;6;3;1;35;-1
52;8;1;1;40;-1
31;9;0;0;45;-1
30;13;0;1;55;1
20;10;0;1;32;-1
27;13;1;1;35;1
33;11;1;1;50;-1
25;9;1;1;35;-1
63;9;0;1;20;-1
63;10;0;0;35;-1
43;9;0;1;30;-1
58;7;0;1;40;-1
70;11;0;1;35;-1
42;10;0;0;55;1
20;10;0;0;25;-1
35;9;0;0;40;-1
62;5;0;0;40;-1
43;13;0;1;35;-1
19;8;0;0;40;-1
46;9;0;1;40;-1
45;12;1;1;40;-1
48;6;0;0;30;-1
29;12;2;1;40;-1
36;9;1;1;25;-1
58;7;0;0;40;-1
43;9;1;1;40;-1
59;13;0;0;4;-1
42;13;0;0;40;-1
33;11;0;0;40;1
23;10;0;0;40;-1
21;10;0;0;25;-1
48;3;3;1;40;-1
32;9;0;0;40;-1
31;10;0;0;50;1
66;14;0;1;40;-1
23;13;0;0;32;-1
52;10;0;1;35;1
17;7;0;0;15;-1
35;10;0;0;43;1
21;10;0;1;10;-1
24;10;0;1;40;-1
45;9;2;0;84;1
29;13;1;0;40;-1
34;9;0;0;40;-1
64;9;0;0;40;1
27;9;0;0;39;-1
44;9;0;0;40;-1
31;9;1;1;60;-1
23;9;0;1;35;-1
31;9;0;0;64;-1
45;6;0;0;60;-1
42;9;1;1;35;-1
33;12;0;0;40;1
33;14;0;1;40;-1
30;10;0;1;20;1
25;10;0;0;42;-1
33;14;0;1;32;-1
22;5;0;0;40;-1
30;13;0;0;40;1
43;8;0;0;60;-1
37;4;0;1;25;-1
51;9;0;0;45;-1
36;10;0;0;60;-1
73;3;0;0;6;-1
32;14;0;1;40;-1
34;9;0;0;50;-1
51;9;2;0;40;-1
20;9;0;1;45;-1
57;10;3;0;40;-1
19;10;0;0;20;-1
55;6;0;0;40;-1
60;10;2;0;40;-1
19;9;0;0;40;-1
35;9;0;0;40;-1
20;9;0;1;30;-1
34;13;1;0;15;-1
27;14;0;0;55;-1
37;11;0;0;84;-1
73;9;0;0;40;-1
36;9;0;0;40;-1
54;9;0;0;60;1
49;7;0;0;50;-1
68;9;0;0;40;-1
30;11;1;0;40;-1
28;13;0;0;50;-1
28;7;0;0;50;1
25;10;0;0;40;-1
26;10;2;0;40;-1
40;10;0;0;55;1
32;9;0;1;40;-1
60;7;1;1;20;-1
18;8;0;1;30;-1
36;13;1;0;40;-1
26;13;0;1;40;-1
24;9;0;1;45;-1
20;10;0;1;40;-1
27;13;0;0;50;-1
58;13;0;1;50;-1
28;9;0;0;40;-1
36;13;0;1;60;-1
45;9;0;0;40;1
23;9;0;0;48;-1
69;9;0;0;35;-1
58;9;0;0;40;-1
22;9;0;0;20;-1
58;13;0;0;35;-1
53;10;0;0;60;1
44;9;0;0;60;-1
31;6;0;0;40;-1
46;13;3;1;40;-1
48;9;0;0;40;-1
46;10;0;1;40;-1
43;10;0;1;40;-1
17;6;0;0;15;-1
20;10;0;0;40;-1
22;10;0;1;35;-1
19;10;0;0;35;-1
35;10;0;1;40;-1
29;13;0;0;40;-1
18;10;0;1;40;-1
25;9;0;0;35;-1
54;6;0;0;40;-1
23;10;0;1;16;-1
36;3;3;1;35;-1
26;9;0;0;50;-1
25;9;0;0;40;-1
46;5;0;1;40;-1
41;10;0;1;50;-1
31;9;0;0;40;-1
48;14;0;0;40;1
52;14;1;1;50;-1
22;9;0;0;43;-1
18;9;0;0;25;-1
46;10;0;1;40;-1
34;10;0;0;40;-1
30;9;2;0;48;-1
31;7;0;0;40;-1
21;9;0;0;40;-1
30;13;0;0;40;-1
21;5;0;0;35;-1
54;7;0;1;50;1
36;9;0;0;40;1
50;13;0;0;50;1
26;13;1;1;35;-1
47;15;0;0;35;-1
36;9;0;0;37;-1
32;10;2;0;60;-1
21;6;0;1;35;-1
30;9;0;0;45;-1
34;9;0;1;40;-1
51;9;0;0;45;-1
55;6;0;0;50;-1
43;10;0;0;40;-1
37;9;2;0;30;-1
28;10;0;1;40;-1
39;10;0;0;50;-1
35;9;0;0;40;-1
59;14;0;0;20;-1
26;9;0;0;36;-1
21;9;0;0;37;-1
23;10;0;1;20;-1
17;6;0;1;30;-1
23;9;0;1;40;-1
34;9;0;0;15;-1
33;12;0;1;40;-1
31;12;0;0;45;-1
56;9;0;0;40;-1
21;9;0;1;40;-1
26;6;0;1;30;-1
41;7;0;1;40;-1
46;14;0;0;55;1
47;9;2;1;40;-1
43;15;0;0;60;1
35;9;0;0;45;-1
44;9;0;0;50;-1
44;11;0;0;40;-1
57;10;0;0;42;-1
24;10;0;0;40;-1
38;13;0;1;50;-1
25;10;0;1;40;-1
33;9;0;0;84;1
50;10;0;0;52;1
36;13;0;0;55;1
27;10;0;1;40;-1
22;11;0;0;50;-1
30;9;0;0;40;-1
90;14;0;1;40;-1
39;9;1;0;40;-1
34;13;0;0;45;-1
39;13;0;0;60;1
19;10;0;1;4;-1
19;6;0;0;40;-1
29;9;0;0;40;-1
38;10;0;0;45;-1
44;3;0;0;40;-1
34;4;0;0;40;-1
35;12;0;1;40;-1
29;13;0;0;40;-1
22;9;1;0;40;-1
33;10;0;0;40;-1
41;9;0;0;40;-1
27;10;0;1;50;-1
25;9;0;0;50;-1
36;13;0;1;35;1
36;2;0;1;20;-1
25;9;0;1;40;-1
37;7;0;0;65;-1
26;13;0;0;40;-1
36;14;0;1;40;-1
53;10;0;1;40;-1
37;9;0;0;45;-1
41;9;0;0;40;-1
53;13;0;0;55;-1
23;10;0;0;32;-1
28;9;0;0;50;-1
53;6;0;0;40;-1
32;9;0;0;20;1
33;13;0;1;50;-1
27;9;1;1;32;-1
31;10;0;0;55;-1
27;12;0;1;40;1
37;14;0;0;40;-1
39;9;0;0;60;-1
18;8;1;1;20;-1
42;9;0;0;40;1
49;13;0;0;40;1
35;9;1;1;36;-1
43;9;2;0;99;-1
31;10;0;0;40;1
27;13;0;0;40;-1
46;10;0;1;40;-1
54;9;0;0;44;-1
37;10;1;0;40;1
26;10;2;0;20;-1
59;15;0;0;55;1
36;10;1;0;40;-1
32;9;0;0;40;1
53;14;0;0;40;1
26;9;1;1;40;-1
35;9;0;1;40;1
48;9;2;1;40;-1
30;10;1;0;40;-1
58;9;0;1;10;1
44;9;3;0;32;-1
30;11;0;1;40;-1
68;9;0;0;10;-1
26;13;1;1;40;-1
26;13;0;1;40;-1
41;2;0;0;40;-1
48;13;0;0;47;-1
55;9;0;1;37;-1
50;10;2;1;40;-1
52;9;0;0;36;-1
24;9;0;1;40;-1
54;11;0;0;38;1
31;14;0;1;25;-1
31;13;0;0;50;1
47;9;0;0;40;1
40;11;0;0;40;1
46;10;0;1;48;-1
45;9;0;1;40;-1
39;6;0;1;25;-1
34;10;0;1;18;-1
19;10;0;1;20;-1
56;10;0;1;40;-1
47;9;3;1;40;-1
35;10;0;1;40;1
25;10;0;0;40;-1
43;13;0;1;40;-1
59;13;0;0;37;1
66;4;0;0;10;-1
63;4;0;0;60;1
32;10;0;1;37;-1
58;13;0;1;40;-1
43;11;0;0;50;1
27;9;0;1;52;-1
21;8;0;0;32;-1
44;10;0;0;60;1
40;9;0;0;60;-1
65;9;0;1;40;-1
50;10;0;0;45;1
18;9;0;0;20;-1
51;14;0;0;40;1
44;10;1;1;40;-1
20;10;0;1;13;-1
29;11;0;0;40;-1
50;11;0;0;50;1
43;6;0;0;40;-1
23;13;0;1;40;-1
41;9;0;0;40;-1
30;10;0;1;30;-1
58;13;0;0;25;-1
50;11;0;0;40;-1
37;13;0;0;65;1
21;9;0;0;24;-1
33;9;0;1;20;-1
52;10;0;1;45;-1
47;9;0;0;40;-1
34;10;0;0;40;1
39;10;0;0;40;1
31;10;0;1;15;-1
19;10;0;0;40;-1
45;10;0;1;45;-1
45;11;0;0;3;-1
27;7;2;0;35;-1
37;9;0;1;40;-1
20;9;1;1;20;-1
24;2;0;0;55;-1
39;9;0;0;40;-1
18;10;0;1;30;-1
62;10;0;0;80;-1
24;13;0;1;40;-1
37;9;0;0;45;-1
46;13;0;1;25;-1
44;9;0;0;40;-1
25;13;0;0;35;-1
44;15;0;0;45;-1
24;13;0;0;50;-1
61;9;0;0;20;-1
45;14;0;1;40;-1
33;10;0;0;48;-1
26;9;2;0;30;-1
40;9;1;1;32;-1
25;13;0;0;60;-1
31;13;0;1;50;-1
55;10;0;1;38;-1
46;12;0;1;38;-1
58;13;0;0;38;-1
56;9;0;1;40;-1
45;13;0;0;55;1
24;13;0;0;40;1
35;9;2;0;56;-1
51;9;0;0;40;1
17;7;0;1;10;-1
21;6;1;1;40;-1
45;13;0;1;40;1
56;8;1;1;40;-1
39;9;0;0;40;-1
31;4;3;1;40;-1
20;10;0;0;40;-1
44;10;0;0;45;-1
33;9;0;0;40;-1
25;13;0;0;45;1
38;9;0;0;50;-1
33;13;0;0;20;-1
49;9;0;1;40;-1
28;9;0;1;40;-1
29;9;0;0;40;-1
23;11;0;0;20;-1
37;13;0;0;5;1
52;10;0;0;37;1
27;9;0;0;40;-1
21;9;0;1;40;-1
41;13;2;1;40;1
61;10;0;0;40;1
32;13;2;0;40;1
21;10;0;0;40;-1
63;8;0;0;40;1
34;10;0;0;42;-1
21;12;0;0;10;-1
44;9;0;1;33;-1
26;13;2;0;35;-1
36;14;0;0;50;1
39;13;0;0;40;1
52;9;2;0;8;-1
44;13;0;0;40;-1
42;9;0;1;40;-1
60;9;0;0;50;1
31;13;0;0;40;-1
30;10;1;0;40;-1
23;10;0;1;25;-1
81;2;0;1;20;-1
38;6;2;1;40;-1
21;10;0;1;38;-1
28;9;0;0;40;-1
34;13;0;1;40;-1
47;9;0;1;40;-1
36;9;0;0;50;-1
27;9;0;0;99;-1
57;9;0;1;30;-1
42;10;0;1;38;-1
43;9;0;0;35;-1
48;9;0;1;32;-1
53;9;0;1;40;-1
58;9;0;1;24;-1
19;8;0;0;40;-1
37;9;0;0;46;1
41;10;0;1;15;-1
31;4;0;1;40;-1
31;13;0;0;35;-1
53;9;0;0;40;-1
19;10;0;0;25;-1
56;16;0;0;50;1
55;10;0;1;40;1
51;3;0;1;40;-1
62;10;0;1;40;-1
43;10;0;0;50;1
45;4;2;0;48;-1
28;9;0;0;45;-1
46;9;0;0;40;1
62;13;0;0;40;-1
57;9;0;1;30;-1
60;13;0;1;45;1
23;10;0;0;40;-1
21;10;0;1;8;-1
51;9;0;0;48;-1
61;9;0;0;40;-1
76;13;0;0;40;-1
24;10;0;0;39;-1
31;13;0;0;55;-1
58;10;2;1;40;-1
19;8;0;1;25;-1
44;10;0;1;45;-1
41;10;0;0;7;-1
21;10;2;0;20;-1
40;9;1;0;35;-1
25;10;0;0;30;-1
62;16;0;1;40;-1
42;9;0;0;40;-1
35;11;0;0;40;-1
19;9;0;1;12;-1
60;9;0;1;40;-1
20;9;3;0;40;-1
23;12;0;0;25;-1
18;9;0;1;40;-1
40;10;0;0;45;1
19;10;0;1;15;-1
51;9;0;1;40;-1
41;13;0;0;50;-1
18;6;0;1;20;-1
41;10;1;1;40;-1
27;10;0;1;40;-1
71;2;0;1;28;-1
25;8;0;0;40;-1
73;9;0;1;20;-1
45;10;0;0;40;-1
25;10;0;0;40;1
50;9;0;1;16;-1
44;9;0;0;40;-1
44;11;0;1;40;-1
42;9;0;1;40;-1
20;9;0;1;45;-1
66;9;0;1;18;-1
19;10;0;0;15;-1
60;10;0;0;55;-1
46;11;0;0;40;-1
42;11;0;0;35;-1
59;10;0;1;52;-1
47;9;0;1;40;-1
58;10;0;0;36;-1
17;6;0;1;40;-1
19;7;0;0;24;-1
28;10;0;0;70;-1
37;9;2;1;40;-1
30;9;0;0;50;-1
36;10;0;0;40;-1
59;4;0;1;99;-1
45;10;0;0;40;-1
37;9;0;1;40;-1
26;10;0;1;40;-1
53;5;0;0;40;-1
44;9;0;1;15;-1
27;13;0;0;40;-1
22;10;0;0;40;-1
41;9;0;0;40;-1
53;9;0;0;40;-1
58;9;0;0;40;-1
34;8;1;1;53;-1
32;13;0;0;60;1
32;10;0;0;38;-1
27;9;0;0;40;-1
25;10;0;0;40;-1
40;6;1;1;40;-1
36;10;0;0;92;-1
23;9;0;0;40;-1
44;5;1;0;40;-1
19;9;0;0;60;-1
42;13;0;0;40;-1
60;10;0;0;15;-1
45;9;2;1;40;-1
67;3;0;0;49;-1
36;13;1;0;48;-1
52;14;2;1;40;-1
28;16;0;0;18;-1
83;9;0;0;20;-1
17;7;0;0;20;-1
27;11;0;0;40;-1
35;11;0;0;60;-1
40;10;0;1;40;-1
23;12;0;1;25;-1
51;7;1;0;40;-1
51;2;0;0;54;-1
82;6;0;0;20;-1
28;9;0;1;45;-1
53;9;0;0;50;1
29;13;0;1;35;-1
19;9;0;0;45;-1
30;13;0;1;50;-1
23;4;1;1;40;-1
66;13;0;0;15;1
27;7;0;0;40;-1
35;9;1;0;40;-1
17;8;0;0;15;-1
27;9;0;0;40;-1
27;15;0;0;50;-1
64;9;0;0;16;-1
62;9;0;1;15;-1
26;10;0;0;40;-1
40;9;0;0;40;-1
40;16;0;0;40;1
35;9;0;1;40;-1
25;13;2;0;40;-1
52;10;0;1;24;-1
46;10;0;1;40;1
30;9;2;0;40;-1
52;10;0;0;40;1
28;9;3;0;40;-1
17;6;0;1;25;-1
46;10;1;1;40;-1
45;13;0;0;40;1
18;9;0;1;40;-1
90;10;1;1;37;-1
23;10;0;0;40;-1
41;13;0;0;40;1
19;10;0;0;50;-1
69;9;0;0;40;-1
23;12;0;1;32;-1
28;10;0;0;54;-1
57;9;0;0;30;-1
73;9;0;1;32;-1
25;3;0;0;40;-1
33;14;0;0;40;1
36;9;0;0;40;-1
57;9;0;1;40;-1
31;10;1;1;40;-1
35;5;2;0;38;-1
40;9;1;1;48;-1
32;10;0;1;40;-1
35;13;0;0;40;-1
26;9;1;1;40;-1
27;10;0;1;40;-1
29;10;0;1;40;-1
18;7;0;1;30;-1
20;10;0;0;30;-1
69;9;0;0;24;-1
18;10;0;1;40;-1
56;9;1;1;40;-1
40;10;0;1;8;-1
46;10;0;0;40;-1
41;8;1;0;40;-1
53;10;0;1;40;-1
50;14;0;0;50;1
23;7;0;0;50;-1
40;13;0;0;40;1
54;10;0;0;40;1
45;10;0;1;40;-1
53;9;1;0;40;1
17;7;0;0;20;-1
50;13;0;1;40;1
22;13;0;0;25;-1
30;13;0;0;40;-1
40;13;0;0;40;-1
36;14;0;0;40;-1
25;12;0;0;50;-1
29;9;0;0;40;-1
29;13;0;0;50;-1
22;13;0;1;40;-1
56;13;1;1;50;-1
60;14;0;0;40;1
53;4;0;1;40;-1
23;10;0;1;20;-1
18;9;0;1;10;-1
31;9;0;0;60;-1
26;13;0;0;48;1
18;7;2;1;20;-1
45;14;1;1;40;-1
64;7;0;0;40;-1
26;9;0;1;38;-1
53;10;0;1;40;-1
27;9;0;0;28;-1
32;10;2;0;40;-1
59;6;0;0;40;1
61;9;0;0;60;-1
41;9;0;1;40;-1
46;9;0;1;37;-1
32;9;0;0;40;-1
29;9;0;1;35;-1
48;14;0;0;40;-1
32;10;0;1;30;-1
21;9;0;1;35;-1
50;15;0;0;50;1
44;14;0;0;44;1
51;9;0;1;40;-1
42;9;0;0;40;1
27;13;0;1;40;-1
70;9;0;0;3;-1
33;9;0;1;40;-1
39;14;0;0;40;-1
32;9;0;0;40;-1
30;10;0;1;40;-1
43;10;0;0;40;-1
31;5;0;0;40;-1
64;13;1;1;40;-1
37;10;3;0;52;-1
49;9;0;0;40;-1
29;7;0;0;48;-1
35;9;0;0;40;-1
42;14;0;0;50;1
21;10;0;0;40;-1
23;12;0;0;40;-1
35;9;1;1;40;-1
29;11;0;0;40;1
23;10;0;1;25;-1
21;10;0;1;20;-1
45;13;0;0;40;-1
24;13;0;0;50;-1
28;6;0;1;38;-1
23;9;0;1;48;-1
39;13;2;0;60;-1
68;12;0;1;43;-1
41;8;1;0;40;-1
48;9;0;0;40;-1
33;9;0;0;40;-1
48;11;0;0;40;-1
23;10;0;1;20;-1
26;5;0;0;45;-1
35;14;0;0;75;-1
46;9;0;1;38;-1
72;9;2;0;1;-1
18;9;0;1;30;-1
62;9;0;0;40;-1
22;10;0;1;30;-1
26;10;0;0;50;-1
35;12;1;1;36;-1
25;9;2;1;40;-1
46;11;1;1;35;1
41;10;1;0;45;1
59;13;0;0;40;1
37;9;0;0;40;-1
38;10;0;0;43;-1
33;13;2;0;40;-1
23;12;0;1;40;-1
39;13;0;0;50;1
26;13;0;1;45;-1
39;9;0;1;50;-1
28;10;0;1;40;-1
29;7;0;1;52;-1
43;11;0;0;50;-1
23;10;0;0;25;-1
33;10;0;1;60;1
45;9;1;1;35;-1
48;9;0;0;40;-1
50;9;0;0;40;1
63;13;0;0;40;1
22;13;0;1;35;-1
32;9;0;0;60;-1
27;12;0;0;55;-1
22;13;0;1;15;-1
44;9;0;0;68;-1
34;9;0;1;40;-1
28;9;0;1;40;-1
45;10;0;0;55;-1
17;6;0;0;15;-1
53;8;0;0;45;-1
58;12;0;0;40;1
55;9;0;0;35;-1
44;11;0;0;44;-1
40;9;0;0;30;-1
58;14;0;0;50;-1
38;9;0;0;40;1
31;7;0;0;40;-1
37;9;0;1;40;-1
58;8;0;0;40;-1
30;13;0;0;50;1
46;10;0;1;70;-1
34;13;0;1;40;-1
39;10;0;0;99;-1
61;10;0;1;20;-1
30;11;0;1;40;-1
31;9;0;1;40;-1
21;9;0;0;40;-1
50;9;0;0;58;-1
47;9;0;0;33;-1
20;9;0;0;40;-1
23;13;0;1;30;-1
46;2;0;1;40;-1
20;9;0;0;45;-1
30;10;0;1;30;-1
43;10;0;1;40;-1
23;10;0;0;60;-1
34;13;0;0;50;1
25;10;0;0;40;-1
50;9;0;1;40;1
44;14;0;1;24;1
26;10;0;1;40;-1
35;16;0;1;80;1
48;9;0;0;15;-1
26;9;1;0;40;-1
41;14;0;1;40;-1
25;13;0;0;40;-1
33;11;0;1;55;-1
24;13;0;1;40;-1
31;13;0;1;40;-1
24;12;0;1;2;-1
41;5;0;1;40;-1
38;10;0;0;45;-1
19;9;0;0;40;-1
19;9;0;0;40;-1
24;9;0;0;40;-1
59;13;0;0;40;-1
67;14;0;0;55;1
49;6;1;0;40;-1
35;11;0;0;40;1
44;10;0;0;45;1
22;12;0;0;60;-1
21;10;0;0;10;-1
50;10;0;0;50;-1
44;12;0;0;48;-1
36;10;2;0;40;-1
52;9;0;0;40;1
35;9;0;0;90;-1
48;11;0;0;48;-1
37;14;0;0;50;-1
44;9;0;0;50;1
36;13;0;0;40;-1
26;10;0;0;12;-1
31;13;0;0;45;1
23;9;1;0;12;-1
29;9;0;0;50;-1
53;9;1;1;40;-1
52;11;0;0;40;-1
31;6;0;0;40;-1
19;9;0;1;16;-1
64;9;0;1;30;-1
55;9;0;0;40;-1
48;14;0;0;55;1
20;9;0;1;40;-1
45;13;0;0;51;-1
17;6;0;0;10;-1
38;9;0;1;25;-1
43;9;0;1;40;1
22;9;0;0;30;-1
63;9;0;1;40;-1
36;13;0;0;45;-1
56;13;0;0;50;1
43;15;1;0;40;-1
41;13;0;0;45;1
41;9;0;1;40;-1
36;13;0;0;45;-1
59;16;0;0;50;1
46;12;0;0;44;1
23;13;0;1;36;-1
46;10;0;0;20;-1
47;9;2;0;56;-1
46;14;0;1;40;-1
47;9;0;0;56;1
32;11;0;1;40;-1
90;9;0;0;40;-1
63;13;0;0;49;-1
23;11;2;0;40;-1
76;13;0;0;30;-1
23;11;0;1;40;-1
44;10;3;1;30;1
17;6;1;1;12;-1
56;11;0;0;40;1
58;6;0;0;40;-1
45;13;0;0;45;1
25;9;0;0;40;-1
36;13;2;1;35;1
32;11;0;1;24;1
25;9;0;0;30;-1
29;10;0;0;40;1
23;9;0;0;60;-1
41;14;0;0;55;1
48;13;1;0;40;1
29;9;0;0;60;-1
27;14;2;0;20;-1
55;10;0;0;40;-1
45;10;1;1;40;-1
50;9;0;0;40;-1
22;9;0;0;50;-1
80;9;2;1;32;-1
30;9;0;0;44;-1
20;10;0;1;20;-1
29;9;0;0;35;-1
56;10;0;0;40;-1
63;13;0;0;40;-1
20;9;0;0;40;-1
38;9;1;1;40;-1
31;9;0;0;40;-1
21;10;0;0;35;-1
47;6;0;0;46;1
25;13;2;1;40;-1
31;10;1;1;38;-1
28;9;0;1;40;-1
38;9;0;0;99;-1
30;13;0;0;40;-1
27;13;0;1;36;-1
26;10;0;1;40;-1
47;9;0;1;40;-1
43;10;3;0;32;-1
32;13;0;0;55;-1
20;10;2;0;30;-1
21;8;1;1;20;-1
32;11;0;0;40;-1
37;11;1;0;48;-1
45;9;2;0;40;-1
54;5;0;1;15;-1
24;13;0;0;25;-1
28;7;0;0;30;-1
23;10;0;0;40;-1
54;9;0;0;40;-1
40;9;0;0;40;1
38;10;0;0;48;1
71;6;0;0;40;-1
51;10;0;1;40;-1
52;10;0;0;5;-1
30;13;0;1;40;-1
38;6;0;1;40;-1
43;7;0;0;42;-1
24;10;0;1;40;-1
29;2;2;0;40;-1
55;6;1;1;40;-1
43;9;2;1;40;-1
28;9;0;0;40;-1
54;12;0;0;45;-1
47;10;0;0;40;1
47;13;0;0;55;1
47;10;0;0;57;1
60;3;0;0;40;-1
19;9;2;1;25;-1
22;10;1;1;25;-1
55;14;0;0;40;1
44;10;1;1;35;-1
28;13;0;0;50;-1
30;10;1;1;40;-1
39;9;2;1;40;-1
43;9;0;1;40;-1
24;13;0;1;40;-1
27;11;0;0;56;-1
64;3;0;0;70;-1
41;10;0;0;40;1
28;9;0;0;40;-1
61;9;0;0;30;-1
27;7;0;1;40;-1
49;10;0;1;32;-1
20;10;0;0;40;-1
28;9;0;0;40;-1
36;9;0;0;40;-1
44;13;0;0;40;-1
40;10;1;1;38;-1
19;9;0;1;40;-1
54;10;0;1;40;-1
55;9;0;0;40;-1
57;11;0;1;40;-1
29;10;0;1;30;-1
51;9;0;1;43;-1
44;9;0;0;37;-1
35;11;0;0;42;-1
40;9;0;0;40;-1
46;4;0;1;32;-1
25;10;0;0;60;1
22;9;0;1;40;-1
39;10;2;1;40;-1
18;9;2;0;40;-1
43;9;1;1;45;-1
46;9;0;0;40;-1
40;10;0;0;8;-1
59;13;0;0;60;1
40;14;0;1;40;-1
23;9;0;0;35;-1
64;9;0;0;10;-1
36;11;0;0;60;-1
48;9;0;1;40;-1
43;10;0;1;40;1
18;6;0;1;30;-1
17;7;0;0;16;-1
36;15;0;0;50;-1
53;9;0;0;40;1
36;10;0;1;39;-1
20;9;0;0;40;-1
22;13;0;1;60;-1
34;13;0;0;40;1
39;7;0;0;40;-1
57;10;0;1;40;-1
30;6;0;1;40;-1
37;15;0;0;60;1
51;9;0;0;40;1
38;9;0;0;40;-1
34;9;0;1;35;-1
47;9;1;1;40;-1
28;9;0;0;40;-1
25;6;0;0;24;-1
25;10;0;1;60;-1
50;9;0;0;40;1
43;13;0;0;48;-1
32;9;0;0;50;-1
44;6;0;0;35;-1
19;9;1;1;20;-1
53;10;0;0;40;1
21;9;0;0;40;-1
26;9;0;0;40;-1
33;14;0;0;40;-1
49;9;1;0;40;-1
24;7;0;0;65;-1
30;9;0;0;42;-1
49;9;0;0;40;1
18;7;1;0;40;-1
30;10;0;1;37;-1
51;9;0;0;40;-1
52;10;0;0;40;-1
52;9;0;0;30;-1
23;9;1;0;32;-1
23;6;0;0;60;-1
36;9;0;0;48;-1
19;7;0;0;25;-1
53;9;0;0;60;-1
17;7;0;0;25;-1
69;9;0;1;8;-1
46;13;0;1;40;-1
33;9;0;0;46;-1
40;10;0;0;45;-1
56;10;0;0;60;-1
29;14;0;0;40;-1
41;10;0;1;38;-1
22;9;0;0;45;-1
28;4;0;0;40;-1
31;13;0;0;46;-1
35;13;0;1;40;-1
38;10;1;0;40;-1
17;6;0;1;10;-1
39;6;0;0;40;-1
27;10;1;0;40;-1
50;9;0;1;40;-1
56;9;0;0;40;-1
80;9;0;0;20;-1
38;10;0;1;15;-1
52;9;1;0;40;1
26;13;1;0;38;-1
43;9;2;1;40;-1
45;13;0;1;42;-1
41;11;1;0;40;1
30;12;0;1;25;-1
43;10;0;1;20;-1
44;13;0;0;70;1
54;9;1;0;40;-1
33;9;0;0;60;1
18;7;0;0;16;-1
38;10;0;1;40;-1
41;11;0;0;45;-1
22;8;0;0;48;-1
66;4;0;0;40;1
70;9;0;0;40;-1
60;14;0;1;10;-1
24;6;1;0;65;-1
61;7;0;1;36;-1
35;13;0;0;40;-1
19;10;0;1;40;-1
52;9;1;1;40;-1
39;9;0;0;40;-1
33;13;0;0;50;-1
52;9;0;1;40;-1
41;9;0;1;44;-1
37;10;0;0;55;-1
38;13;0;0;45;1
27;10;0;1;40;-1
38;14;0;1;40;-1
49;9;0;0;30;1
38;13;0;0;45;1
22;9;0;0;55;-1
40;12;0;0;40;1
20;9;0;0;40;-1
34;16;0;1;99;-1
24;14;0;0;56;-1
24;10;0;1;40;-1
43;9;0;0;45;-1
38;9;0;1;40;-1
42;9;0;0;40;-1
27;10;0;0;40;-1
18;6;0;1;20;-1
48;9;0;0;65;-1
40;4;0;1;25;-1
57;9;2;1;35;-1
36;10;0;0;60;1
41;9;0;0;40;-1
90;4;0;0;40;-1
66;4;1;1;10;-1
23;9;2;0;1;-1
35;9;0;0;55;-1
33;13;1;0;50;1
32;11;0;0;40;-1
31;10;2;0;40;-1
32;10;0;0;50;-1
40;9;0;0;40;-1
27;9;0;0;30;-1
34;9;2;0;40;-1
35;11;1;1;40;1
29;10;0;0;40;-1
41;9;1;1;20;-1
33;16;0;1;48;1
22;9;0;1;20;-1
52;13;0;0;40;1
20;9;0;0;40;-1
18;7;0;0;10;-1
63;13;0;0;50;1
49;4;0;1;35;-1
58;9;0;0;40;-1
23;9;0;1;50;-1
59;9;0;0;40;1
49;10;0;0;40;-1
23;13;0;1;15;-1
17;6;0;0;40;-1
20;7;0;0;40;-1
64;10;0;1;3;-1
34;10;0;1;40;-1
63;12;0;1;35;-1
51;9;1;1;40;-1
40;10;1;1;35;-1
55;5;0;0;55;-1
35;9;0;0;46;-1
30;13;0;0;25;-1
47;13;0;0;18;-1
29;6;1;0;40;-1
17;7;0;1;8;-1
55;13;0;0;40;-1
47;10;0;0;56;1
50;13;0;0;40;-1
32;10;0;0;55;1
60;12;0;0;30;-1
53;9;0;0;40;-1
45;13;0;0;30;-1
31;9;0;0;40;-1
32;9;0;0;40;-1
37;10;0;1;30;-1
28;10;0;1;60;-1
26;8;0;0;40;-1
47;9;0;0;80;1
34;10;0;0;50;1
42;9;1;0;40;-1
32;9;1;1;40;-1
35;11;0;1;42;1
38;10;0;0;40;-1
49;9;0;0;70;-1
35;13;0;0;40;1
45;12;1;0;35;-1
31;13;0;0;40;-1
52;10;0;0;60;1
20;10;0;0;50;-1
64;7;0;0;30;-1
20;10;0;0;40;-1
24;14;0;0;50;-1
29;11;0;0;40;1
23;13;0;1;40;-1
34;9;0;0;40;-1
54;14;0;1;38;-1
21;10;0;1;30;-1
23;13;0;1;30;-1
55;14;0;0;40;1
42;9;0;0;35;-1
37;12;1;0;40;-1
20;10;0;0;40;-1
53;13;0;0;40;-1
34;9;0;1;40;-1
43;10;1;1;40;-1
24;10;0;0;60;-1
23;9;2;0;40;-1
29;11;3;0;40;-1
58;10;1;1;40;-1
40;14;0;1;40;-1
43;10;0;1;40;-1
25;14;0;0;40;-1
23;13;0;0;24;-1
34;9;0;0;50;-1
26;10;0;1;35;-1
60;16;0;1;65;1
39;9;0;0;50;1
21;9;0;0;40;-1
33;10;0;0;40;-1
26;13;0;0;70;1
29;10;1;1;40;-1
52;7;0;0;40;-1
34;13;0;0;30;1
24;9;0;0;48;-1
34;14;0;0;60;-1
53;5;0;0;70;-1
31;9;1;0;40;-1
58;9;0;1;15;-1
32;9;0;0;40;-1
57;9;0;1;40;-1
32;9;0;1;45;-1
77;5;1;1;10;-1
37;10;0;0;40;-1
51;9;0;1;40;-1
33;12;1;0;60;-1
53;9;0;1;35;-1
32;9;0;0;50;-1
30;10;0;0;40;-1
33;13;0;1;24;-1
31;11;0;1;40;-1
28;10;1;1;40;-1
19;8;0;1;20;-1
27;9;0;0;60;-1
21;3;0;0;40;-1
24;13;0;1;40;-1
46;9;0;0;54;-1
31;13;0;1;40;-1
60;10;0;0;40;1
21;6;1;1;38;-1
38;7;0;1;32;-1
31;11;0;0;40;-1
26;13;0;0;40;1
46;9;0;1;25;-1
25;9;0;0;60;1
23;10;0;0;30;-1
53;14;0;0;40;1
45;10;0;0;50;1
70;13;0;0;40;-1
17;6;0;0;30;-1
18;9;0;0;40;-1
34;14;0;0;60;1
41;10;0;1;40;-1
28;13;0;0;40;-1
23;9;0;0;40;-1
32;10;0;0;40;-1
56;4;1;0;48;-1
36;9;0;0;45;-1
26;9;0;0;50;-1
62;13;0;1;7;-1
35;12;0;1;40;-1
25;13;0;1;40;-1
28;9;0;0;50;-1
21;10;0;1;25;-1
31;6;0;0;40;-1
23;12;0;0;25;-1
58;13;0;0;40;1
55;14;0;0;40;1
54;9;0;0;40;-1
40;7;0;0;30;-1
27;15;2;0;10;-1
55;9;0;0;25;-1
53;9;0;0;45;-1
23;8;0;0;46;-1
66;9;0;0;16;-1
34;11;0;0;60;1
39;6;0;0;40;-1
21;10;1;1;40;-1
26;10;3;1;35;-1
21;9;0;1;40;-1
59;9;0;0;40;-1
61;6;0;0;40;-1
30;13;0;0;50;1
22;11;0;0;40;-1
47;9;0;1;30;-1
50;9;0;0;40;-1
59;6;0;0;40;-1
35;12;0;1;80;1
28;9;1;0;40;-1
63;6;0;1;56;-1
48;10;0;0;40;-1
41;10;0;0;44;1
26;10;1;1;20;-1
29;11;0;0;50;-1
30;9;0;0;40;-1
19;9;0;0;20;-1
27;13;0;1;37;-1
59;9;0;0;70;-1
19;9;0;0;40;-1
45;5;2;0;40;-1
37;9;0;0;40;-1
44;16;0;1;38;-1
34;13;2;0;38;-1
30;13;0;1;35;-1
30;13;2;0;40;1
56;7;1;1;40;-1
19;9;0;1;40;-1
37;4;0;0;40;-1
21;10;0;1;40;-1
34;9;0;0;45;-1
27;13;0;0;50;-1
44;14;0;1;40;-1
33;13;0;0;40;-1
32;10;0;1;50;-1
37;10;0;0;40;-1
26;13;0;1;48;-1
20;10;0;1;30;-1
37;10;0;0;40;-1
22;3;0;0;48;-1
44;13;0;0;35;-1
30;9;0;0;40;-1
55;9;0;0;40;-1
36;7;0;0;40;-1
29;8;0;0;40;-1
19;10;0;0;22;-1
45;11;0;0;40;-1
38;13;0;0;55;1
42;10;2;0;40;-1
27;11;0;1;40;-1
20;10;0;0;25;-1
43;13;0;0;35;-1
21;9;0;0;40;-1
33;13;0;1;40;-1
36;9;0;0;80;1
34;8;0;0;40;-1
72;4;0;1;99;-1
54;10;0;0;44;1
30;9;0;0;40;1
63;9;1;0;40;-1
36;13;0;0;50;1
25;13;0;0;50;-1
72;12;0;1;40;-1
55;9;0;0;40;-1
44;10;0;0;45;1
41;9;1;1;40;-1
20;10;0;0;40;-1
47;12;0;0;40;1
41;13;0;0;40;1
35;9;3;0;40;-1
18;9;0;1;40;-1
23;9;0;1;30;-1
57;13;0;0;40;-1
56;2;2;0;65;-1
25;10;0;1;35;-1
64;11;0;1;15;-1
35;13;0;1;40;-1
61;11;0;0;40;-1
36;13;0;1;55;-1
18;8;1;1;15;-1
21;10;1;1;20;-1
43;12;0;1;35;-1
32;9;0;0;40;-1
52;8;0;0;45;1
48;9;0;0;55;-1
40;13;0;1;40;-1
22;10;0;1;25;-1
42;9;0;1;40;-1
60;4;0;1;20;-1
34;10;1;0;40;-1
27;12;0;0;40;-1
47;13;0;0;65;-1
65;5;0;0;45;-1
61;14;0;1;99;-1
18;10;0;0;28;-1
49;9;0;0;40;-1
48;16;0;0;45;1
30;13;0;0;40;-1
68;9;0;0;50;1
23;9;0;0;80;-1
65;9;0;0;24;-1
32;13;0;0;44;-1
44;14;0;0;40;1
48;14;0;1;40;1
24;11;0;0;45;-1
58;10;0;0;40;-1
32;10;0;0;50;-1
54;14;0;0;50;1
35;14;0;0;45;1
35;12;0;1;50;-1
24;9;0;0;40;-1
38;9;0;0;40;-1
57;9;0;0;40;1
38;10;0;0;60;-1
49;9;0;0;40;-1
25;13;0;1;16;-1
56;10;0;0;40;-1
32;7;0;1;40;-1
22;13;0;0;40;-1
23;10;0;0;40;-1
33;9;0;0;40;-1
42;10;0;1;12;-1
62;9;0;0;48;-1
24;5;0;0;40;-1
26;13;0;0;40;-1
46;10;0;0;40;1
33;13;0;1;50;1
65;9;0;0;1;1
43;11;0;1;40;-1
43;9;0;0;40;1
35;6;0;0;40;-1
48;9;0;1;48;-1
55;13;0;0;40;1
45;11;0;0;40;-1
59;14;0;0;40;-1
56;9;0;0;40;-1
21;9;1;0;10;-1
38;9;0;1;40;-1
27;10;0;1;40;-1
48;4;0;0;50;1
37;14;0;0;60;1
63;9;0;0;30;-1
27;9;2;0;38;1
20;10;0;0;25;-1
21;6;1;0;40;-1
51;12;0;0;40;-1
28;12;0;0;40;1
39;11;2;1;40;-1
35;14;0;0;55;1
21;10;0;1;43;-1
65;4;0;0;40;-1
54;11;1;0;40;-1
24;10;1;1;40;-1
36;13;2;1;40;-1
70;10;0;0;10;1
52;9;0;0;40;1
64;9;0;0;40;-1
43;10;0;0;40;-1
47;9;0;1;40;-1
32;8;0;0;40;-1
20;10;0;1;30;-1
33;10;0;1;38;-1
52;9;0;1;40;-1
49;4;0;0;40;-1
31;9;0;1;18;-1
62;9;0;1;6;-1
44;10;0;0;55;-1
68;14;1;1;40;1
40;10;0;1;40;-1
46;4;0;0;50;-1
22;9;0;1;40;-1
37;13;0;0;15;-1
62;14;0;0;70;-1
37;13;0;0;50;1
44;9;0;0;68;-1
41;11;0;0;40;1
36;13;0;0;40;-1
26;13;0;1;45;-1
48;9;1;0;40;1
21;9;0;1;28;-1
44;11;0;0;40;1
56;6;2;1;30;1
25;5;0;0;40;-1
32;13;0;1;50;-1
47;10;0;1;40;1
26;10;0;0;40;-1
23;11;0;0;40;-1
41;10;0;1;40;1
55;10;1;0;25;-1
23;10;0;1;25;-1
29;10;0;0;15;-1
48;14;0;0;40;-1
36;10;0;0;40;-1
46;11;0;0;40;-1
34;10;0;0;40;-1
27;12;0;1;40;-1
18;9;0;1;40;-1
18;10;0;1;24;-1
42;4;0;0;40;-1
64;10;0;0;40;-1
36;14;0;0;45;1
20;7;1;1;20;-1
52;15;0;0;40;1
44;13;0;0;45;1
53;10;0;0;60;1
36;13;0;0;60;1
27;13;2;0;40;-1
52;9;0;0;60;-1
60;14;0;0;40;-1
41;12;0;0;45;1
64;15;0;0;40;1
25;2;0;0;25;-1
63;4;2;0;40;-1
54;11;0;0;40;-1
21;9;0;0;40;-1
27;13;0;0;40;-1
37;9;0;1;30;-1
22;9;0;0;35;-1
54;4;0;0;40;-1
54;6;0;1;40;-1
60;9;0;0;40;-1
19;7;0;0;25;-1
25;9;0;1;40;-1
51;9;0;1;40;-1
47;9;0;1;40;-1
44;6;0;0;50;-1
18;10;0;1;30;-1
57;9;0;1;57;-1
22;10;0;0;34;-1
36;10;1;1;20;-1
39;10;0;0;40;-1
49;16;3;0;50;1
41;9;2;0;40;-1
35;10;0;0;38;-1
30;13;0;1;40;-1
53;15;0;0;60;1
34;12;0;1;25;-1
22;9;0;0;40;-1
18;9;0;1;20;-1
33;13;0;0;65;-1
45;10;0;0;40;-1
43;13;0;0;35;1
40;9;0;0;35;-1
41;13;0;0;75;1
22;13;0;1;32;-1
52;10;0;0;45;-1
45;10;0;0;40;1
32;16;0;1;70;-1
26;13;0;0;20;-1
24;10;1;0;40;-1
37;9;1;1;40;-1
49;9;0;1;40;-1
43;14;0;0;50;-1
35;9;0;0;40;-1
37;15;0;0;50;1
17;7;0;0;20;-1
48;9;0;0;55;1
40;14;0;1;55;-1
35;13;2;0;40;1
21;10;0;1;15;-1
54;6;0;0;70;-1
40;13;1;1;40;-1
51;10;1;1;40;-1
60;9;1;1;50;-1
22;10;0;0;8;-1
20;9;0;0;40;-1
21;7;0;0;40;-1
21;10;0;0;40;-1
43;10;0;1;44;-1
36;13;0;0;50;1
48;9;0;0;40;1
20;8;0;0;40;-1
41;9;0;1;40;-1
55;5;0;0;50;-1
39;13;0;1;40;-1
80;11;0;0;24;-1
59;6;0;0;40;-1
52;7;0;0;40;1
56;10;1;0;50;-1
69;9;1;1;20;-1
49;13;0;0;50;1
28;9;0;0;45;1
49;10;0;0;40;1
51;9;0;0;40;-1
42;10;0;1;32;-1
66;9;0;1;13;-1
44;11;0;0;48;1
26;9;0;0;40;-1
43;10;0;1;40;-1
25;13;0;1;30;-1
17;7;0;1;8;-1
52;13;0;0;50;1
34;9;0;1;8;-1
24;10;0;0;40;-1
41;13;0;0;30;-1
65;10;0;1;45;-1
36;10;0;0;40;1
19;9;0;0;30;-1
43;10;0;0;45;-1
39;14;0;1;50;1
48;7;0;0;40;1
50;11;0;0;40;1
21;10;0;0;25;-1
36;9;1;1;40;-1
33;9;1;0;36;-1
50;13;0;0;40;-1
34;13;1;0;45;-1
70;16;0;0;40;1
39;9;0;0;40;-1
44;10;0;1;40;-1
32;13;0;1;40;1
40;5;1;0;49;-1
21;10;0;0;20;-1
47;7;0;0;8;-1
19;9;0;0;30;-1
22;10;0;1;16;-1
20;10;0;1;16;-1
17;6;3;1;15;-1
41;9;1;0;40;-1
20;10;0;0;25;-1
24;9;0;0;40;-1
33;10;0;0;50;-1
44;10;0;0;55;1
26;9;1;1;40;-1
47;11;0;0;40;1
24;9;0;0;40;-1
58;13;1;0;40;1
38;4;0;0;35;1
21;10;0;1;40;-1
33;10;0;0;45;-1
23;10;0;1;32;-1
40;6;0;1;40;-1
47;9;0;1;40;-1
41;13;1;1;40;-1
38;13;0;0;50;-1
50;4;0;1;40;-1
45;9;1;0;40;-1
65;13;0;0;40;1
33;9;0;0;40;-1
34;12;0;0;40;-1
65;14;0;0;28;-1
24;7;0;0;39;-1
26;13;0;0;40;-1
55;9;0;0;40;-1
66;13;0;1;8;-1
43;13;0;0;40;-1
37;13;1;1;40;-1
22;9;0;0;40;-1
21;7;0;0;40;-1
69;15;0;1;25;-1
27;14;0;1;40;-1
24;13;0;1;40;-1
18;7;0;1;10;-1
53;9;0;1;30;-1
26;9;0;0;40;-1
60;10;0;0;40;1
21;10;0;1;60;-1
39;3;0;0;40;-1
45;10;0;0;60;1
76;9;0;0;30;-1
19;10;0;1;30;-1
34;10;1;0;40;1
54;10;0;0;40;-1
23;13;0;1;40;-1
44;4;0;0;40;-1
27;10;1;1;40;-1
23;8;2;0;40;-1
37;9;0;0;50;-1
41;9;0;0;40;1
21;10;0;1;35;-1
37;9;0;0;40;1
35;7;0;0;40;-1
47;5;1;0;56;-1
41;10;0;0;40;-1
50;9;2;1;60;-1
26;9;0;0;50;-1
36;10;0;0;42;1
47;10;0;0;40;1
51;10;1;1;50;-1
40;13;0;0;40;-1
56;13;0;0;40;-1
50;9;0;0;40;-1
28;5;0;0;42;-1
28;9;0;0;40;-1
19;7;0;1;30;-1
44;9;0;0;40;-1
47;10;0;0;40;1
31;10;0;0;40;-1
61;7;0;0;40;1
21;10;0;1;40;-1
26;13;0;0;45;1
58;9;0;1;40;1
35;13;2;1;40;-1
35;11;1;1;40;-1
33;13;0;0;55;1
38;10;0;0;40;-1
50;11;0;0;50;-1
66;10;0;0;40;1
36;10;0;0;40;1
33;7;0;1;40;-1
55;14;0;0;60;1
46;9;0;0;40;-1
36;12;0;0;40;-1
41;8;0;1;40;-1
30;9;0;1;32;-1
29;8;0;0;42;-1
60;10;1;1;40;-1
24;9;0;1;48;-1
42;10;1;1;50;-1
26;9;0;1;40;-1
37;13;0;0;40;-1
27;3;0;0;48;-1
26;9;0;0;48;-1
23;11;0;0;50;-1
60;14;0;0;60;1
49;9;1;1;40;-1
46;10;0;0;40;-1
21;9;0;0;40;-1
48;15;0;0;60;-1
70;5;0;0;45;-1
44;14;0;1;55;-1
58;13;0;0;40;-1
41;12;1;1;40;-1
28;6;0;0;40;-1
65;7;0;0;20;-1
35;9;0;0;35;-1
82;3;0;0;20;-1
48;10;0;0;50;1
42;9;0;0;40;-1
54;10;1;0;40;-1
22;10;0;0;40;-1
43;10;0;0;84;-1
17;5;0;1;35;-1
46;9;0;0;50;-1
59;10;0;0;40;1
37;9;0;0;40;-1
47;9;0;1;35;-1
31;9;1;1;24;-1
23;9;0;1;40;-1
63;1;3;0;30;-1
44;15;0;0;55;1
30;15;0;0;60;1
23;10;0;0;20;-1
24;10;0;1;40;-1
34;10;0;0;20;-1
37;10;0;0;65;-1
24;7;0;1;40;-1
32;9;1;1;40;-1
42;9;1;0;25;-1
20;10;0;1;10;-1
37;10;0;1;20;-1
47;9;0;1;40;-1
25;5;0;0;45;-1
60;9;0;0;50;-1
32;13;0;1;40;-1
33;6;0;0;40;-1
71;13;0;1;14;-1
55;10;2;1;40;-1
85;9;0;1;50;-1
57;4;0;0;40;-1
25;10;0;0;55;-1
58;10;0;0;40;1
57;9;0;0;40;-1
30;11;0;1;36;-1
19;7;0;1;20;-1
40;10;0;0;40;1
28;9;2;1;40;-1
43;13;0;0;40;-1
40;9;0;1;35;1
19;9;0;1;15;-1
24;9;0;0;38;-1
34;13;0;0;65;1
22;9;0;1;40;-1
64;11;0;0;55;-1
55;4;0;0;40;-1
26;7;0;0;40;-1
80;9;0;1;16;-1
79;16;0;1;40;-1
58;13;0;0;40;1
43;9;0;0;40;1
46;9;0;0;25;-1
35;9;0;1;40;1
43;13;0;0;60;1
68;10;0;1;45;-1
34;13;0;1;45;1
37;13;2;0;40;1
22;9;1;1;40;-1
32;9;0;0;55;-1
65;6;0;0;40;-1
28;10;0;0;60;-1
37;9;2;0;40;-1
40;13;0;1;45;-1
40;7;0;0;40;-1
52;9;0;1;20;-1
35;10;0;0;60;-1
62;3;0;0;30;-1
49;11;0;0;45;-1
49;9;0;1;55;-1
45;9;0;1;40;-1
37;2;0;0;77;-1
36;11;0;0;53;1
36;6;0;0;70;-1
25;10;0;0;40;-1
28;9;0;0;55;-1
57;9;0;1;32;-1
46;9;2;0;40;-1
59;6;0;0;45;1
28;7;0;0;40;-1
35;9;1;1;40;-1
27;12;0;0;45;1
29;13;0;0;40;1
43;9;0;0;40;-1
38;9;1;1;40;-1
26;10;0;1;40;-1
55;14;0;0;50;1
36;9;0;0;40;-1
37;10;0;0;40;1
23;9;0;0;40;-1
34;9;0;0;30;-1
41;7;0;0;55;-1
44;11;0;1;40;-1
48;11;0;1;50;-1
43;13;1;1;42;-1
57;13;0;0;40;1
44;9;0;1;40;-1
28;9;0;0;40;-1
55;6;1;1;40;-1
30;9;1;1;40;-1
31;16;2;0;50;1
21;10;0;0;70;-1
50;15;0;0;45;1
43;13;0;0;70;1
33;9;3;0;50;-1
23;11;0;0;25;-1
35;13;0;0;65;1
18;10;0;0;15;-1
21;10;3;1;40;-1
33;13;1;0;70;1
30;13;2;1;45;-1
21;10;0;0;15;-1
36;13;0;1;35;1
38;10;0;0;40;-1
24;11;0;0;45;-1
24;10;1;0;40;-1
39;10;1;1;30;-1
43;13;0;0;21;-1
62;14;0;0;2;1
30;13;1;1;40;-1
25;7;0;0;40;-1
45;9;0;1;35;-1
22;10;0;0;20;-1
26;10;0;0;40;1
24;9;1;0;45;-1
22;10;0;1;43;-1
28;10;0;0;40;-1
38;10;0;0;45;-1
68;16;0;0;70;-1
40;9;0;1;40;-1
32;10;0;0;84;1
31;9;0;1;35;-1
33;13;0;0;50;-1
54;13;0;0;65;-1
63;9;0;0;25;-1
67;13;0;0;30;-1
47;9;1;1;14;-1
67;13;0;1;35;-1
33;9;3;1;19;-1
33;9;0;1;80;-1
25;13;0;0;40;-1
25;10;0;1;40;-1
35;10;0;0;40;-1
35;9;0;0;80;1
18;7;0;0;12;-1
30;7;0;0;60;-1
29;6;0;0;48;-1
40;12;0;0;40;1
39;12;0;1;45;-1
42;13;0;1;40;1
49;13;0;0;50;1
23;10;0;1;40;-1
34;4;0;0;40;-1
31;10;0;0;50;1
72;9;0;1;2;-1
31;11;0;0;30;1
90;14;0;1;40;1
27;13;0;1;40;-1
18;9;0;0;40;-1
27;9;1;1;40;-1
27;7;0;0;50;-1
28;9;0;0;40;-1
40;9;0;1;45;-1
43;14;1;1;37;-1
26;9;0;0;50;-1
48;11;0;1;15;-1
41;12;2;0;40;-1
32;9;0;0;40;-1
23;9;0;0;40;-1
35;7;0;0;65;-1
42;10;0;0;50;-1
34;9;0;0;40;-1
25;13;0;1;40;-1
34;10;2;0;40;-1
39;9;0;1;40;-1
33;9;0;1;40;-1
25;13;0;0;40;-1
46;13;0;0;40;-1
37;10;1;0;40;-1
39;14;0;0;40;1
38;9;0;0;40;1
35;10;0;0;40;-1
49;13;0;0;50;1
37;12;0;1;13;1
45;9;0;1;40;-1
71;8;0;1;40;-1
44;13;0;0;60;1
19;10;0;0;22;-1
38;11;0;1;40;-1
42;9;0;0;40;-1
29;11;0;0;60;1
48;7;0;0;40;-1
56;11;0;0;54;1
32;9;0;0;40;-1
19;9;0;1;30;-1
57;10;0;0;35;-1
55;6;0;0;60;-1
48;7;0;0;40;-1
46;8;0;0;45;-1
36;5;1;1;40;-1
66;13;0;0;50;1
26;9;1;0;40;-1
62;13;0;0;55;1
31;13;3;0;40;-1
77;11;0;1;25;-1
25;9;0;0;40;-1
38;13;0;0;56;-1
33;13;0;1;40;-1
51;10;1;1;40;-1
20;11;0;0;40;-1
40;9;0;0;40;-1
20;6;0;0;40;-1
41;10;0;1;25;-1
44;8;0;1;40;-1
35;9;0;0;40;-1
35;9;0;0;60;-1
46;10;1;1;40;-1
24;10;0;1;17;-1
18;10;0;0;40;-1
37;9;0;0;40;-1
58;16;0;0;8;-1
55;11;0;0;40;-1
68;9;0;1;30;-1
41;13;0;0;40;1
48;9;0;0;40;-1
42;10;0;0;45;-1
45;9;0;0;40;-1
43;10;0;0;40;-1
37;10;0;0;35;-1
43;13;0;0;45;1
36;9;0;1;40;-1
60;9;2;0;30;-1
27;9;0;0;50;-1
36;13;0;0;50;1
47;12;0;0;40;-1
33;10;0;0;80;-1
19;8;1;0;20;-1
33;13;2;1;35;-1
34;13;0;0;40;1
33;9;0;1;40;-1
57;10;0;1;48;-1
60;12;0;0;40;1
33;11;0;0;40;-1
41;13;0;1;45;-1
20;10;0;0;10;-1
24;14;2;0;20;-1
31;8;1;0;60;-1
38;9;0;1;40;-1
40;13;0;1;45;-1
55;13;0;0;15;-1
33;9;0;0;45;-1
52;3;0;1;40;-1
24;13;0;0;35;-1
46;13;0;0;48;-1
20;10;0;1;20;-1
50;3;0;0;40;-1
22;9;0;0;40;-1
32;10;1;0;35;-1
46;9;0;0;65;1
26;10;0;1;15;-1
20;10;1;1;14;-1
37;10;0;0;50;-1
40;10;0;1;24;-1
22;10;0;1;38;-1
41;10;0;0;50;-1
24;12;0;1;40;-1
40;9;0;0;40;-1
37;15;0;1;39;1
56;5;0;1;40;-1
20;10;0;0;50;-1
55;9;0;0;40;-1
29;9;0;0;40;-1
37;9;0;0;40;-1
61;13;0;0;60;-1
26;13;0;0;38;-1
49;10;0;0;55;-1
18;4;0;0;40;-1
30;5;1;0;40;-1
24;9;1;1;20;-1
24;9;0;0;40;-1
37;9;0;0;40;-1
37;9;0;1;40;-1
36;10;0;0;65;-1
40;9;0;0;40;-1
44;9;0;0;55;-1
43;9;0;0;20;-1
19;10;0;1;35;-1
17;6;0;0;30;-1
39;9;1;1;50;-1
43;9;0;0;40;-1
43;9;0;0;40;-1
40;14;0;0;40;1
31;10;0;0;40;-1
25;13;0;0;40;-1
55;5;0;0;40;-1
55;4;0;0;75;-1
29;10;1;0;40;-1
30;9;0;0;40;-1
23;9;0;0;40;-1
71;7;0;1;75;-1
22;10;0;0;6;-1
21;10;0;1;40;-1
62;9;2;0;24;-1
22;10;1;1;40;-1
49;9;0;0;40;-1
31;12;0;0;20;-1
27;12;0;0;40;-1
27;14;2;0;40;1
26;10;0;0;20;-1
30;10;0;0;40;-1
17;6;0;1;30;-1
26;10;0;0;50;-1
45;9;0;1;40;-1
31;9;0;0;45;-1
51;12;0;1;40;-1
56;5;0;1;40;-1
24;13;0;0;35;-1
29;8;0;0;40;-1
26;10;0;0;24;-1
51;10;0;0;45;-1
32;9;0;0;40;-1
47;13;0;0;40;1
30;9;0;0;40;-1
41;7;1;1;40;-1
49;10;0;0;40;-1
40;10;2;0;40;1
62;9;0;0;40;1
43;13;0;0;60;-1
76;3;0;0;20;-1
40;14;0;0;60;1
35;13;0;0;50;1
27;9;0;1;40;-1
55;9;0;0;40;-1
21;10;0;0;12;-1
20;10;0;0;20;-1
39;9;0;1;20;-1
20;9;0;1;42;-1
28;9;0;0;60;-1
56;10;1;0;40;-1
39;8;0;0;40;-1
44;13;2;0;40;1
55;9;0;0;40;1
54;9;0;0;40;-1
34;9;0;0;57;1
42;9;1;1;38;-1
50;10;0;1;75;-1
34;10;1;0;40;1
23;11;0;0;33;-1
27;13;2;0;25;-1
81;13;0;0;5;-1
57;3;0;0;40;-1
65;11;0;1;56;1
33;14;1;0;50;-1
37;9;0;1;48;-1
53;13;0;1;40;-1
27;13;0;1;40;-1
47;9;0;0;50;1
42;12;0;0;50;-1
58;13;0;0;40;-1
20;9;0;0;24;-1
19;9;0;0;40;-1
39;9;0;0;35;-1
51;9;0;0;44;-1
52;9;0;1;40;-1
53;10;0;1;50;1
50;10;0;0;40;-1
36;9;0;0;40;-1
30;13;0;1;72;-1
30;10;1;1;40;-1
50;9;0;0;55;1
76;4;0;1;40;-1
24;10;1;0;40;-1
23;13;0;1;35;-1
51;9;0;0;50;-1
58;6;0;0;40;-1
38;5;1;1;24;-1
45;10;0;0;40;1
55;9;0;0;40;-1
45;10;0;0;60;1
42;10;0;0;45;-1
44;13;0;0;46;1
60;13;0;0;50;1
27;10;0;0;40;-1
25;10;0;0;40;1
61;13;0;1;24;-1
63;4;0;1;41;-1
46;14;0;1;43;-1
47;10;0;0;40;-1
37;10;1;0;40;-1
43;9;1;1;40;-1
46;14;0;0;35;1
48;6;1;1;35;-1
61;12;0;1;90;-1
44;9;0;0;30;-1
54;9;0;0;45;-1
22;10;0;1;40;-1
47;9;1;0;50;1
18;9;0;1;20;-1
25;6;0;0;40;-1
24;10;0;1;40;-1
37;13;0;0;40;1
59;10;0;1;34;-1
46;10;2;0;40;-1
45;11;0;0;60;1
19;9;0;0;15;-1
22;9;0;1;28;-1
41;13;0;0;40;-1
33;9;0;0;40;-1
26;9;1;1;40;-1
22;10;0;0;35;-1
29;9;0;0;65;1
22;9;0;1;39;-1
23;8;0;0;40;-1
25;13;2;1;40;-1
59;9;0;0;40;1
55;10;0;0;40;-1
42;14;0;0;40;1
47;9;0;0;40;1
42;10;0;0;40;-1
45;10;0;0;40;-1
23;9;0;0;40;-1
60;5;0;0;40;-1
23;10;0;0;40;-1
52;9;0;0;40;-1
49;9;0;0;40;1
20;10;0;0;40;-1
20;9;0;1;20;-1
23;9;0;1;45;-1
30;10;0;0;65;-1
45;9;0;0;48;1
30;15;0;0;35;-1
17;5;0;1;20;-1
22;9;0;0;40;-1
25;13;0;0;40;-1
40;10;0;1;40;1
18;6;1;0;30;-1
58;9;0;0;45;-1
30;9;0;0;50;-1
29;10;1;1;30;-1
26;11;0;1;40;-1
39;13;2;1;10;-1
33;13;0;0;50;1
21;10;0;1;40;-1
22;10;0;0;24;-1
25;10;0;0;40;-1
19;10;0;1;20;-1
44;10;1;1;40;-1
35;9;0;1;40;-1
40;9;0;0;40;-1
19;7;0;1;20;-1
37;9;0;0;35;1
32;11;0;0;40;-1
52;9;0;0;65;-1
36;9;0;0;41;-1
38;10;0;1;40;-1
57;13;1;0;39;-1
22;10;0;1;15;-1
80;9;0;0;8;-1
20;10;0;1;35;-1
40;7;1;0;36;-1
36;13;0;0;50;-1
27;9;0;1;40;-1
52;9;0;1;50;-1
43;9;0;1;44;-1
35;9;0;0;40;-1
29;9;1;0;40;-1
27;10;0;0;40;-1
24;9;0;1;25;-1
49;14;0;0;40;1
26;10;0;0;30;-1
47;9;0;0;32;-1
20;10;0;1;40;-1
19;9;0;0;40;-1
20;9;0;1;40;-1
23;7;0;0;35;-1
25;13;0;0;40;-1
21;9;0;0;36;-1
25;9;0;0;40;-1
63;10;0;0;32;-1
25;13;0;1;50;-1
28;9;0;1;40;-1
39;14;0;0;60;1
30;13;0;0;45;1
41;11;0;1;40;-1
27;5;0;0;50;-1
32;10;0;1;40;-1
50;9;0;0;70;-1
21;10;0;0;30;-1
60;9;0;1;37;-1
47;7;2;0;36;-1
54;9;0;0;60;1
32;14;0;0;50;-1
61;10;0;0;40;-1
36;9;1;1;70;-1
38;9;0;0;20;-1
59;6;0;0;52;-1
43;10;0;0;40;-1
19;7;0;0;10;-1
33;10;0;0;45;-1
28;10;0;0;40;-1
61;10;0;1;43;-1
23;13;0;1;60;-1
31;5;0;0;40;-1
38;7;0;0;55;-1
21;5;0;0;40;-1
22;9;0;0;50;-1
53;13;0;0;48;1
40;9;0;1;24;1
36;9;0;0;50;1
33;9;0;0;65;-1
23;9;0;1;50;-1
31;9;0;0;48;-1
26;13;0;0;40;-1
32;13;1;0;60;1
43;13;0;0;45;1
19;9;0;1;50;-1
46;7;1;1;40;-1
49;16;0;0;45;1
31;6;0;1;40;-1
45;13;0;0;40;1
41;3;0;0;40;-1
22;10;0;1;15;-1
46;15;0;0;50;1
44;10;0;0;40;-1
25;9;0;0;40;-1
30;13;0;0;40;-1
54;13;0;0;60;1
34;13;0;0;45;1
34;9;0;0;40;-1
27;13;0;1;40;-1
29;10;0;0;40;-1
60;10;0;0;40;1
36;14;0;0;70;-1
27;14;0;1;40;-1
57;10;0;0;48;-1
24;2;2;1;5;-1
63;10;0;0;22;-1
29;13;0;0;40;1
34;13;0;0;40;-1
27;9;0;0;40;-1
31;11;0;1;40;-1
31;13;0;0;40;-1
64;9;0;0;99;-1
20;9;1;1;35;-1
35;7;0;0;50;-1
41;10;0;1;40;-1
38;10;1;1;40;-1
21;10;0;0;40;-1
64;13;0;0;45;1
31;10;0;0;50;1
42;12;0;0;50;-1
35;12;0;1;35;1
36;10;1;1;40;1
23;8;0;0;30;-1
20;10;0;0;14;-1
26;13;1;1;40;-1
40;12;0;1;40;-1
19;7;0;0;24;-1
33;9;1;1;40;-1
45;12;0;0;40;-1
29;9;0;0;40;-1
46;14;0;1;45;1
48;12;0;0;45;-1
38;9;0;0;45;-1
29;10;1;1;40;-1
35;9;0;0;40;-1
59;13;1;0;30;-1
27;9;0;0;40;-1
43;10;0;0;40;1
70;13;0;0;20;-1
30;9;0;0;45;-1
24;10;0;0;40;1
76;9;0;0;15;-1
25;9;0;0;40;-1
39;12;0;1;56;-1
36;13;1;1;40;-1
23;8;0;1;40;-1
60;4;0;1;40;-1
20;10;1;0;30;-1
54;2;1;0;40;1
20;10;0;1;40;-1
22;9;0;0;40;-1
24;13;0;1;20;-1
41;9;0;0;40;-1
35;10;0;0;40;-1
23;3;0;0;55;-1
17;7;0;0;16;-1
43;9;0;1;40;-1
30;15;2;1;40;-1
38;10;0;0;40;1
54;9;1;0;45;-1
39;9;1;1;52;-1
24;11;1;1;35;-1
22;13;0;0;40;-1
34;9;0;0;40;1
18;6;1;1;20;-1
20;9;0;0;25;-1
53;9;0;0;40;-1
32;10;0;1;40;-1
68;10;0;0;30;-1
28;10;0;1;15;-1
28;10;0;0;40;-1
54;10;1;0;56;1
21;10;0;0;48;-1
52;13;0;1;40;-1
25;10;0;0;40;-1
30;14;2;0;50;1
33;10;0;0;32;-1
49;13;2;1;40;-1
58;4;3;1;30;-1
45;11;0;0;24;1
42;13;0;0;50;-1
69;9;0;0;40;1
61;9;0;1;40;-1
34;10;0;0;40;-1
28;10;0;0;45;-1
19;9;0;1;34;-1
31;10;0;0;40;-1
32;10;0;0;40;-1
53;12;0;1;60;-1
46;9;0;1;37;-1
48;9;0;0;40;1
59;4;0;0;40;-1
19;10;0;1;38;-1
40;10;0;0;40;1
63;6;0;0;50;-1
44;10;0;1;10;-1
46;10;0;1;40;-1
22;6;0;0;40;-1
57;10;0;0;40;1
58;9;0;0;25;-1
25;13;2;0;28;-1
36;9;0;0;45;-1
29;14;0;0;45;-1
42;12;0;0;55;1
43;10;0;0;17;-1
46;9;0;0;40;-1
43;10;0;1;12;-1
40;12;0;1;40;-1
43;8;0;0;40;-1
48;9;0;1;32;-1
26;9;1;0;28;-1
30;11;0;1;35;-1
43;9;1;0;40;-1
53;9;1;0;40;-1
74;10;0;0;16;-1
64;10;0;1;8;-1
45;13;0;0;40;1
32;3;0;1;10;-1
23;6;1;1;40;-1
38;10;0;1;40;1
42;13;0;0;40;1
63;9;0;0;35;-1
25;10;1;1;35;-1
37;10;1;0;40;-1
28;9;0;0;40;-1
31;10;0;0;40;-1
44;13;0;0;44;1
42;14;0;1;40;1
45;16;0;0;40;1
52;13;0;0;60;-1
40;13;0;0;40;1
26;9;0;0;40;-1
55;13;0;0;40;-1
17;6;0;1;14;-1
27;10;0;0;40;-1
35;13;0;0;50;-1
17;6;0;0;16;-1
26;9;0;0;52;1
22;10;0;1;35;-1
51;13;0;0;60;1
33;10;0;0;40;-1
41;12;1;0;50;1
50;14;0;0;50;1
26;9;0;1;40;-1
21;9;1;1;40;-1
53;9;0;0;40;1
32;9;0;0;40;1
19;10;0;1;20;-1
22;13;0;1;35;-1
47;13;0;0;60;1
51;10;0;0;45;1
42;13;0;0;48;1
28;13;0;0;40;-1
29;9;2;1;35;-1
50;9;0;0;50;1
22;10;0;1;30;-1
47;10;0;1;45;-1
60;10;0;1;27;-1
58;13;0;0;60;1
62;10;0;1;40;-1
47;14;0;0;40;1
59;9;0;1;40;-1
41;9;0;1;40;-1
31;9;0;1;37;-1
18;9;0;1;40;-1
64;9;0;0;50;-1
51;9;0;0;65;-1
47;13;0;0;35;-1
68;13;0;0;35;1
32;9;3;1;40;-1
39;5;0;0;43;-1
37;12;0;1;48;-1
29;9;0;1;40;-1
44;9;3;0;40;-1
46;15;0;0;40;1
40;5;0;0;40;1
19;9;1;0;35;-1
52;13;0;1;40;1
40;13;0;0;40;1
61;5;0;0;40;-1
30;9;0;0;50;-1
61;7;0;0;40;-1
33;11;0;0;84;1
32;13;0;0;65;1
32;12;0;1;40;-1
32;13;0;0;35;1
37;9;0;0;40;-1
53;7;0;0;45;-1
51;14;0;0;40;1
29;11;1;0;45;-1
48;9;0;0;40;-1
28;14;0;1;40;-1
55;13;0;1;40;1
18;10;0;1;20;-1
60;4;0;0;40;-1
38;9;0;0;40;-1
19;10;0;0;10;-1
18;7;0;0;25;-1
33;10;0;0;40;-1
33;10;0;1;40;-1
29;14;0;1;45;-1
37;10;0;0;45;-1
50;9;0;0;50;1
19;10;0;0;10;-1
43;13;0;1;7;1
23;10;0;1;35;-1
47;4;0;0;40;-1
21;10;0;0;35;-1
19;10;0;1;12;-1
47;13;0;1;50;1
36;14;0;0;40;1
65;9;0;0;40;1
50;5;0;0;40;-1
20;10;0;1;6;-1
17;7;0;1;16;-1
57;10;0;1;40;-1
53;13;0;0;50;-1
47;13;0;0;40;1
62;14;0;0;35;-1
35;9;1;0;40;-1
27;13;0;1;43;-1
23;9;0;0;50;-1
39;11;0;1;40;-1
25;13;1;1;38;-1
24;10;1;1;20;-1
23;9;0;0;40;-1
29;13;0;1;35;1
30;13;0;1;38;-1
34;9;0;0;45;-1
32;6;0;1;40;-1
20;11;1;1;35;-1
38;13;0;0;45;1
18;8;0;1;20;-1
41;5;0;0;40;-1
21;11;0;1;50;-1
36;9;0;0;48;1
61;10;0;1;30;-1
30;10;0;0;48;-1
26;10;0;0;40;1
27;13;0;1;40;1
45;9;0;0;45;1
47;9;0;1;38;-1
19;10;0;1;10;-1
29;9;0;1;55;-1
51;9;0;0;70;1
34;12;0;0;60;-1
26;3;1;0;40;-1
20;10;0;0;15;-1
43;12;0;0;50;1
20;10;0;1;20;-1
27;9;0;0;50;-1
46;10;0;0;40;1
39;9;0;0;40;-1
33;10;0;0;49;-1
42;11;0;0;32;-1
23;9;0;0;25;-1
29;13;0;1;42;1
27;9;0;0;60;-1
43;9;0;0;35;-1
23;10;0;0;40;-1
40;14;0;1;44;-1
35;10;0;0;61;1
30;9;0;0;40;-1
59;7;2;0;40;-1
28;14;0;0;60;-1
79;13;0;0;40;-1
43;14;1;1;35;1
54;4;0;0;40;-1
27;9;0;0;62;-1
22;13;2;1;15;-1
34;9;0;1;65;-1
18;7;0;0;3;-1
18;9;0;1;40;-1
46;10;0;0;40;-1
23;9;0;1;35;-1
77;10;0;0;6;-1
48;10;0;0;50;1
29;13;0;0;50;-1
41;7;0;1;40;-1
41;5;0;0;40;-1
34;12;0;0;55;-1
49;12;0;0;50;-1
49;9;0;0;50;-1
30;9;0;0;40;-1
28;13;0;0;40;-1
62;13;0;0;40;-1
41;10;0;0;52;-1
20;10;0;0;40;-1
61;1;2;0;40;-1
30;13;0;0;60;-1
29;15;0;1;55;-1
44;9;0;0;40;1
25;13;0;0;45;1
62;11;0;1;40;-1
57;10;0;1;40;-1
35;13;0;0;45;-1
26;13;0;1;40;-1
60;4;0;1;40;-1
22;10;0;0;40;-1
62;14;0;1;50;-1
26;9;0;0;40;-1
26;10;0;0;20;-1
32;13;0;0;40;-1
66;13;0;0;50;-1
24;1;0;1;30;-1
19;10;0;0;25;-1
54;13;0;0;50;1
37;9;0;0;40;-1
38;13;0;0;50;1
37;13;0;0;50;-1
22;10;0;0;35;-1
34;10;0;0;25;-1
35;9;2;0;15;-1
42;14;0;0;40;-1
47;13;0;1;40;1
29;13;0;1;80;-1
34;9;0;0;40;-1
38;13;0;0;70;1
62;9;1;0;40;-1
35;9;0;0;40;-1
37;9;0;1;40;-1
47;9;0;0;40;-1
37;10;0;0;40;-1
22;11;0;1;30;-1
60;7;0;0;40;1
31;10;0;0;40;-1
63;9;0;0;40;-1
30;7;0;0;40;-1
44;9;1;0;30;-1
35;10;0;0;60;-1
50;10;0;0;40;-1
18;10;0;1;10;-1
33;11;0;0;40;-1
59;4;0;0;70;-1
17;7;0;0;20;-1
47;9;2;0;40;1
51;10;1;0;50;-1
26;13;0;0;40;-1
32;10;0;1;40;1
55;9;0;0;40;-1
36;10;1;1;40;-1
54;9;0;0;40;1
32;14;0;1;45;1
52;16;0;0;40;1
39;9;1;1;28;-1
39;9;0;1;45;-1
59;9;0;0;50;1
55;13;0;0;40;-1
54;9;0;0;60;1
31;9;0;0;40;-1
19;7;1;0;25;-1
30;9;2;1;40;-1
47;13;0;1;40;-1
31;12;0;0;40;-1
32;13;2;0;47;-1
33;11;1;1;40;-1
31;9;0;0;40;-1
32;9;0;0;40;-1
46;9;0;0;35;-1
29;9;0;1;20;-1
41;9;1;0;40;-1
39;9;0;0;60;1
34;9;0;1;20;1
23;13;1;0;24;-1
53;14;0;0;65;1
45;9;2;0;40;-1
34;13;0;1;10;1
47;9;0;1;40;-1
24;4;0;0;60;-1
38;9;0;0;55;-1
26;9;0;0;70;-1
18;7;0;0;20;-1
43;6;1;1;40;-1
26;13;1;1;32;-1
47;13;0;1;40;-1
26;11;0;0;65;1
58;13;0;0;40;-1
55;4;0;1;60;-1
40;9;0;0;55;-1
33;9;0;0;40;-1
74;16;0;0;25;1
49;9;0;0;55;-1
56;7;0;1;65;1
25;12;1;0;48;-1
57;8;1;0;40;-1
29;9;0;0;40;-1
59;9;0;0;40;1
28;9;1;1;40;-1
19;10;0;1;20;-1
40;10;1;1;45;-1
28;10;1;1;40;-1
48;13;0;0;55;1
20;10;0;1;10;-1
19;10;1;0;30;-1
75;9;0;1;8;-1
24;13;0;1;30;-1
31;9;0;0;45;-1
28;9;0;0;35;-1
41;9;0;0;45;-1
23;10;0;1;35;-1
46;9;0;0;43;1
33;8;1;0;40;-1
34;10;0;0;50;-1
47;13;0;0;50;-1
45;9;3;0;40;-1
35;9;2;0;40;-1
59;13;0;1;50;1
46;13;0;0;48;1
39;9;0;0;35;-1
23;10;1;0;40;-1
25;12;0;1;40;-1
37;2;0;0;40;-1
25;9;0;0;48;-1
32;13;0;0;60;1
34;10;0;0;40;-1
40;13;0;0;40;1
33;9;0;1;40;-1
78;4;0;0;20;-1
31;13;0;0;43;1
61;10;0;0;25;-1
22;9;0;0;40;-1
29;11;2;0;40;-1
37;9;1;0;40;-1
35;7;0;1;40;-1
37;9;0;1;30;-1
18;7;0;0;20;-1
37;6;0;0;48;-1
46;15;1;0;40;1
25;7;0;0;40;-1
47;13;0;0;40;1
55;13;0;0;60;1
25;10;0;1;50;-1
50;9;1;1;40;-1
18;8;1;0;20;-1
25;5;0;0;40;-1
23;13;0;1;40;-1
51;9;0;0;40;-1
37;9;0;0;40;-1
27;3;0;0;40;-1
19;7;0;1;25;-1
52;8;0;0;40;-1
25;11;0;1;45;-1
17;8;3;1;40;-1
21;9;0;1;40;-1
41;11;0;0;60;-1
20;6;0;1;40;-1
24;10;0;0;40;-1
41;13;0;0;38;1
23;10;0;1;35;-1
33;9;0;1;40;-1
29;13;0;1;45;1
50;10;2;1;40;-1
37;7;0;0;60;-1
19;10;0;1;10;-1
40;10;0;0;40;-1
65;7;0;0;20;-1
44;13;1;0;48;-1
32;13;0;0;45;-1
41;10;0;0;65;1
28;4;0;0;55;-1
39;12;0;1;55;-1
59;9;0;1;40;-1
31;14;0;0;60;1
34;9;0;0;40;-1
20;9;0;0;40;-1
33;13;0;0;40;-1
52;16;0;0;65;1
31;12;0;1;44;-1
39;9;0;0;43;-1
35;9;0;0;45;-1
44;15;0;0;32;1
28;12;0;0;65;-1
17;7;0;1;15;-1
23;13;0;1;60;-1
19;10;0;0;20;-1
30;9;0;0;40;-1
27;13;0;1;40;-1
29;9;0;0;50;-1
44;11;0;0;50;1
43;9;0;1;40;-1
41;9;0;0;40;-1
34;9;0;0;50;-1
23;10;0;0;45;-1
51;9;0;1;20;-1
24;12;0;0;40;-1
38;9;0;1;24;1
24;9;1;0;40;-1
53;16;0;0;40;1
33;10;0;0;56;1
24;9;0;0;40;-1
45;14;1;0;40;1
31;7;0;0;50;-1
38;10;1;1;47;-1
28;13;0;1;50;1
38;11;0;0;50;1
25;13;0;0;50;-1
29;10;0;0;40;-1
29;9;0;1;50;-1
48;9;0;0;50;1
24;11;2;1;40;-1
31;9;0;1;30;-1
36;10;0;0;45;-1
62;13;0;0;50;1
25;13;0;1;40;-1
55;9;0;1;40;-1
21;10;0;1;40;-1
60;5;0;0;45;-1
41;12;0;0;40;-1
43;9;0;0;40;-1
30;9;0;0;40;1
47;10;0;0;40;-1
50;9;0;0;40;-1
23;9;0;0;40;-1
38;4;0;1;40;-1
30;12;0;0;40;-1
35;9;0;1;40;-1
25;10;0;1;35;-1
61;15;0;0;20;-1
71;9;0;0;70;-1
35;9;0;1;40;-1
35;9;0;1;40;-1
38;9;0;0;40;-1
27;11;0;0;40;-1
51;2;0;1;35;-1
55;12;0;1;40;-1
33;11;1;1;40;-1
25;10;1;0;40;-1
52;16;0;0;38;1
46;10;0;1;17;-1
52;13;0;0;40;-1
47;10;0;1;40;-1
46;13;1;1;40;-1
36;10;0;0;60;1
69;4;0;0;48;-1
36;9;0;0;65;-1
57;10;0;1;35;-1
24;12;0;0;20;-1
37;9;0;0;45;-1
39;14;0;0;40;1
38;11;0;0;40;-1
34;9;1;0;40;-1
21;9;0;1;40;-1
21;10;0;1;20;-1
61;9;0;0;40;-1
35;9;0;0;45;-1
29;10;1;0;55;-1
18;6;0;1;30;-1
41;9;0;0;45;-1
42;8;1;0;60;1
52;14;0;1;40;1
38;8;0;1;17;-1
51;9;0;0;50;-1
55;9;2;0;40;-1
20;10;0;1;40;-1
23;10;0;0;40;-1
24;12;0;0;40;-1
48;13;0;0;40;-1
22;9;0;1;40;-1
22;10;0;1;15;-1
28;10;1;1;40;-1
28;14;0;0;45;1
25;9;1;0;40;-1
48;9;0;0;50;-1
32;9;0;0;43;-1
31;5;2;0;35;-1
65;9;0;1;25;-1
56;10;0;1;35;-1
22;11;2;0;75;-1
27;13;0;0;50;-1
27;9;1;1;40;-1
30;14;0;0;45;-1
33;10;0;1;40;-1
50;13;0;0;43;1
19;10;0;1;22;-1
37;9;1;0;40;-1
26;9;0;0;40;-1
32;8;1;1;40;-1
43;10;0;1;40;-1
47;9;0;1;40;-1
26;13;0;1;40;1
24;10;0;1;40;-1
34;7;0;1;70;-1
33;9;0;0;45;-1
35;14;2;1;40;1
57;9;0;0;50;1
45;9;0;0;7;-1
42;10;1;1;40;-1
25;13;0;0;35;-1
56;9;0;0;40;1
25;9;0;0;40;-1
23;13;0;0;50;-1
35;10;0;0;50;-1
28;5;0;0;52;-1
41;12;0;0;60;1
26;9;0;0;40;-1
37;9;1;1;30;-1
22;9;3;0;20;-1
30;13;0;0;40;-1
42;13;0;0;40;-1
38;11;0;1;30;-1
49;1;0;0;40;-1
27;13;0;0;60;1
43;9;0;1;40;1
25;9;0;0;40;-1
23;13;0;0;40;-1
68;13;0;0;40;1
17;6;0;0;25;-1
45;13;0;1;40;-1
45;11;0;0;40;1
30;10;0;0;40;1
49;10;0;1;20;-1
29;9;0;1;40;-1
20;10;0;1;19;-1
59;7;1;1;35;-1
26;6;0;0;55;-1
25;14;0;1;37;-1
33;9;0;0;55;1
35;9;0;1;40;-1
45;9;0;0;40;1
66;10;0;0;28;-1
67;3;1;1;40;-1
33;12;3;0;36;-1
38;9;3;0;40;-1
72;9;0;0;12;-1
21;10;0;1;12;-1
39;10;0;0;60;-1
22;10;0;0;12;-1
24;13;0;0;32;-1
25;7;0;0;40;-1
26;10;0;0;40;-1
50;9;0;0;40;-1
23;9;0;1;40;-1
41;6;0;0;48;-1
60;9;0;0;40;-1
67;9;0;1;7;-1
62;10;0;1;60;-1
22;10;0;0;35;-1
37;10;0;1;40;-1
17;7;0;0;10;-1
52;14;0;1;40;1
31;9;0;0;35;-1
23;13;0;0;40;-1
27;9;0;0;50;-1
38;10;0;1;45;-1
23;6;0;1;40;-1
22;10;1;1;40;-1
61;9;0;0;40;-1
55;3;0;0;40;-1
39;3;2;1;40;-1
25;10;0;1;40;-1
25;13;2;0;44;-1
66;10;0;0;24;-1
30;10;0;1;40;-1
32;9;0;0;40;-1
43;10;0;0;40;1
18;4;0;0;30;-1
20;7;0;0;60;-1
20;9;1;0;45;-1
34;14;1;1;40;-1
33;12;0;0;40;-1
40;9;0;0;60;-1
33;9;0;0;60;1
41;1;0;1;30;-1
20;10;0;1;12;-1
40;13;0;0;50;1
44;13;0;0;40;-1
50;3;2;1;35;-1
38;15;0;1;30;-1
30;9;0;0;25;-1
25;13;0;1;40;-1
22;10;0;0;40;-1
25;10;0;0;40;-1
63;13;0;0;40;-1
55;9;0;0;40;1
26;10;0;1;30;-1
22;10;0;0;40;-1
41;9;0;0;40;-1
21;11;0;0;40;-1
39;9;0;0;40;-1
82;11;0;1;8;-1
18;7;0;0;15;-1
60;7;0;0;40;-1
22;10;0;0;20;-1
39;10;1;1;40;1
34;9;0;0;40;-1
53;10;0;1;40;-1
27;9;1;0;60;-1
37;10;1;0;50;-1
25;9;0;0;50;-1
33;10;0;0;60;-1
34;13;0;0;55;-1
35;11;0;1;65;-1
51;10;0;0;45;1
33;6;0;0;40;-1
57;9;0;0;60;1
25;10;0;0;40;-1
56;4;0;0;40;-1
34;13;0;0;85;1
36;13;0;0;40;-1
46;9;0;0;40;1
55;9;0;0;45;1
88;15;0;0;40;-1
60;10;0;0;35;-1
40;14;0;1;20;-1
21;10;0;1;55;-1
46;9;1;1;36;-1
56;16;0;0;50;-1
36;9;0;0;60;-1
67;10;0;0;40;-1
35;10;0;0;60;-1
20;10;0;1;40;-1
23;9;2;0;40;-1
19;9;0;0;30;-1
19;10;0;1;15;-1
25;10;0;0;40;-1
53;9;0;0;40;-1
31;9;0;0;91;-1
33;4;0;0;40;-1
33;10;1;0;40;-1
35;10;1;1;40;-1
20;9;0;0;40;-1
36;7;0;0;40;-1
36;9;0;0;85;-1
51;9;0;0;30;-1
45;14;0;0;40;-1
24;3;0;0;40;-1
63;7;0;0;22;-1
35;9;1;0;60;1
25;13;0;1;40;-1
44;9;0;0;30;-1
49;9;0;1;28;-1
52;2;0;0;40;-1
27;13;1;0;40;-1
35;10;1;0;40;-1
51;13;0;0;50;1
49;4;0;0;40;-1
28;10;0;1;40;-1
37;10;0;0;50;-1
65;13;0;1;40;-1
24;13;0;1;40;-1
30;12;0;1;40;-1
38;9;0;0;65;-1
58;9;0;0;55;1
40;13;0;1;45;1
42;10;1;1;40;-1
31;9;0;0;40;1
17;8;0;0;20;-1
42;10;0;1;40;-1
25;14;0;1;40;-1
29;14;0;1;45;-1
31;13;0;0;40;1
34;13;0;1;40;-1
25;9;0;0;40;-1
40;9;0;0;30;-1
67;10;0;1;25;-1
40;9;0;0;40;1
18;9;1;1;18;-1
38;7;0;0;40;-1
42;9;1;0;40;-1
36;9;0;1;32;-1
23;2;0;0;40;-1
56;9;1;0;40;-1
36;10;0;0;52;1
22;10;0;0;40;-1
39;8;0;1;40;-1
36;15;2;1;40;-1
44;10;0;0;56;1
38;7;1;1;52;-1
19;10;0;0;40;-1
37;6;0;0;55;-1
57;9;0;1;16;-1
54;8;0;0;40;-1
18;10;0;0;30;-1
22;10;0;0;72;-1
63;4;0;0;40;-1
38;9;0;1;20;-1
26;7;0;0;25;-1
40;7;0;1;20;-1
20;9;0;0;40;-1
28;9;0;0;42;-1
30;10;2;1;5;1
42;9;0;1;40;-1
42;9;0;0;50;-1
21;9;0;1;40;-1
40;10;0;0;40;-1
36;7;0;1;40;-1
65;10;0;1;40;-1
50;13;0;1;50;-1
18;6;0;0;27;-1
31;9;1;1;38;-1
36;10;0;0;50;1
20;9;0;1;40;-1
34;9;0;0;40;-1
24;9;0;0;39;-1
38;9;0;1;40;-1
17;6;0;1;20;-1
52;9;0;1;30;-1
34;14;0;1;40;1
30;9;1;0;40;-1
49;15;0;0;48;-1
45;5;0;1;15;-1
34;13;0;0;50;1
17;7;0;1;30;-1
23;10;1;0;40;-1
32;10;0;0;40;-1
22;10;0;0;40;-1
48;9;0;0;35;1
27;13;0;0;50;-1
43;14;0;0;40;-1
44;9;2;1;50;-1
55;10;0;0;60;1
31;9;1;0;40;-1
34;9;0;0;48;-1
34;9;0;0;40;-1
37;13;0;0;40;-1
21;10;0;0;10;-1
35;11;1;0;40;-1
28;10;0;1;30;-1
40;10;0;0;40;-1
34;13;0;1;39;-1
70;10;0;1;34;-1
23;9;0;0;50;-1
30;9;0;0;48;-1
57;9;2;0;40;-1
34;15;0;0;35;1
24;6;0;0;40;-1
41;13;0;0;35;1
38;4;0;0;40;-1
48;12;0;1;40;-1
43;13;1;0;40;-1
18;10;0;1;40;-1
35;13;0;0;40;1
42;9;0;0;48;-1
30;10;0;1;35;-1
42;13;0;0;45;1
48;10;1;0;40;-1
70;9;0;1;28;-1
37;5;0;0;35;-1
51;11;0;1;40;-1
35;9;0;0;40;-1
57;13;0;0;50;1
26;9;0;0;20;-1
26;3;3;0;35;-1
19;9;0;0;35;-1
34;9;0;1;40;-1
25;13;2;1;40;-1
22;9;0;0;20;-1
32;11;0;1;40;-1
72;10;0;0;40;-1
36;9;0;0;40;-1
28;9;0;1;45;1
76;5;0;0;25;-1
37;9;0;0;40;-1
42;13;0;0;50;1
44;10;0;0;44;-1
53;16;0;0;40;-1
28;10;0;0;50;-1
69;13;0;0;20;-1
20;10;0;0;27;-1
33;10;0;0;50;-1
47;9;1;0;60;1
22;10;0;0;45;-1
20;9;0;0;40;-1
42;13;0;0;50;-1
23;9;2;0;40;-1
24;9;1;0;50;-1
32;10;0;1;45;-1
41;13;1;0;50;-1
35;9;0;0;40;-1
40;14;0;0;50;1
25;10;1;0;40;-1
34;16;2;0;20;-1
23;11;2;0;40;-1
30;14;0;0;40;1
55;14;0;1;45;-1
42;9;0;0;60;-1
39;14;0;0;60;-1
52;9;2;0;40;1
42;10;0;0;60;-1
27;13;0;0;35;-1
30;4;0;0;40;-1
58;13;0;0;25;-1
18;9;0;1;20;-1
52;10;0;1;35;-1
24;9;0;1;48;-1
58;9;0;0;55;1
35;9;0;0;40;-1
31;11;0;0;40;-1
21;9;0;1;35;-1
24;13;0;1;35;-1
22;9;0;1;48;-1
39;10;2;0;25;-1
34;9;1;0;40;-1
58;13;0;0;40;1
26;13;0;0;25;-1
29;9;2;0;40;-1
67;13;0;0;40;-1
28;12;1;1;35;-1
62;10;0;0;40;-1
54;3;0;0;40;1
36;10;0;0;65;-1
18;8;0;0;18;-1
25;11;0;0;40;-1
48;10;1;1;40;-1
56;6;0;0;70;-1
30;15;0;1;24;-1
41;9;0;1;40;-1
59;9;0;0;60;1
36;7;0;0;40;-1
30;9;0;1;54;-1
27;9;0;0;40;-1
19;9;0;1;30;-1
30;13;2;0;15;-1
47;11;1;1;25;-1
39;9;0;0;40;1
31;9;2;0;40;-1
44;12;0;1;40;-1
37;9;0;1;40;-1
28;10;0;0;63;-1
38;9;0;0;40;-1
26;9;0;1;40;-1
44;10;0;0;40;1
53;9;2;1;28;1
31;10;0;0;50;-1
18;9;0;1;40;-1
43;9;0;0;45;-1
30;9;0;0;35;-1
19;9;0;1;40;-1
36;9;0;0;40;-1
19;10;0;0;40;-1
25;14;0;1;60;-1
36;7;0;0;60;-1
22;10;0;1;50;-1
42;13;0;0;40;-1
33;10;0;1;40;-1
38;9;0;0;40;-1
33;9;0;0;40;-1
52;9;1;0;40;-1
30;10;0;0;30;-1
18;10;0;0;10;-1
24;10;2;0;24;-1
17;6;0;0;40;-1
48;10;0;1;40;-1
66;4;0;0;32;-1
46;10;0;1;40;-1
55;9;0;0;60;1
28;13;0;1;40;-1
33;9;0;1;40;-1
44;9;0;0;24;-1
43;9;0;1;40;-1
42;10;0;1;40;-1
39;11;1;1;40;-1
23;6;0;0;50;-1
20;10;0;1;20;-1
29;10;0;0;35;1
54;10;0;0;65;-1
34;11;0;1;40;-1
30;13;0;0;40;1
59;7;0;0;60;-1
40;4;0;1;40;-1
37;9;0;0;40;-1
45;9;0;0;40;-1
49;10;0;0;44;1
67;14;0;0;2;-1
49;12;0;0;25;-1
30;9;0;0;40;1
56;10;1;1;40;-1
29;10;0;1;40;-1
33;9;0;0;40;-1
25;10;0;0;42;-1
28;11;0;0;70;1
23;9;0;0;40;-1
39;9;0;1;50;-1
37;13;0;0;40;1
39;14;0;1;40;1
32;13;0;0;35;1
26;13;0;1;45;-1
57;10;0;0;40;-1
36;5;0;0;50;1
30;13;0;0;50;1
27;9;0;0;50;-1
21;10;0;0;55;-1
22;9;0;0;40;-1
43;9;0;0;40;-1
20;10;0;0;40;-1
30;9;0;0;65;1
57;14;0;0;40;1
42;11;0;1;40;-1
29;11;0;1;45;-1
44;9;0;0;52;1
28;12;0;1;43;-1
42;9;0;0;40;1
26;13;0;0;40;-1
29;10;0;1;36;-1
42;13;0;0;30;-1
30;9;0;0;50;-1
21;10;0;1;10;-1
59;9;0;0;30;1
21;10;0;0;30;-1
56;9;0;0;40;-1
39;1;0;1;12;-1
21;10;1;0;50;-1
48;13;0;0;37;1
35;9;1;0;40;-1
43;13;0;0;60;1
23;11;0;1;15;-1
17;6;0;0;12;-1
41;13;2;0;40;1
35;14;0;0;50;-1
22;10;0;0;35;-1
53;9;0;1;40;-1
42;10;0;1;40;-1
36;9;1;1;40;-1
44;13;0;0;50;-1
27;13;0;1;40;1
39;9;0;0;40;-1
59;5;0;0;40;-1
34;10;0;0;48;-1
17;8;0;1;23;-1
31;9;0;0;40;-1
59;10;0;0;12;-1
39;10;2;1;40;-1
46;13;1;0;40;1
31;9;0;1;80;-1
18;7;0;0;12;-1
46;10;0;0;60;1
55;13;0;0;40;1
48;13;0;0;43;-1
53;9;0;1;26;-1
44;13;2;0;48;1
43;10;0;0;50;-1
50;9;0;1;40;-1
56;4;0;1;20;-1
27;9;0;0;40;-1
20;9;1;1;40;-1
18;6;0;1;6;-1
38;10;0;1;40;-1
40;13;0;0;15;-1
55;10;0;0;40;-1
35;9;1;1;40;1
26;9;0;0;40;-1
54;13;0;0;40;1
22;9;0;0;40;-1
52;9;1;1;40;-1
33;6;0;0;40;-1
42;14;0;0;40;1
19;9;0;0;10;-1
45;10;0;0;99;-1
25;10;0;0;40;-1
90;13;2;0;40;-1
33;9;1;1;40;-1
45;10;0;0;70;-1
47;9;1;0;40;1
38;14;0;0;43;-1
37;9;0;0;30;-1
53;14;0;0;70;1
56;13;0;0;40;1
18;7;0;0;15;-1
44;9;1;0;40;-1
50;10;0;1;36;-1
26;13;1;0;20;-1
36;10;0;1;40;-1
37;7;0;1;40;-1
32;13;0;1;40;-1
38;12;0;0;60;-1
62;9;0;1;84;-1
46;9;0;0;40;-1
37;9;0;0;15;-1
27;10;0;1;45;-1
38;12;0;0;40;-1
35;8;1;1;40;-1
34;13;2;1;40;-1
50;9;1;0;40;-1
34;10;0;0;30;-1
19;10;0;1;25;-1
23;9;0;0;30;-1
50;9;0;0;45;1
17;8;0;0;16;-1
59;9;0;1;40;1
25;9;0;1;48;-1
21;10;0;1;40;-1
50;15;0;0;50;1
17;6;0;1;20;-1
63;9;0;1;40;-1
31;14;0;0;43;-1
45;9;0;0;40;-1
25;9;0;0;40;-1
20;8;0;0;40;-1
31;10;0;1;40;-1
42;16;0;0;40;-1
56;10;0;0;40;1
47;9;0;1;46;-1
69;9;0;1;32;-1
42;13;0;1;55;-1
19;9;3;1;60;-1
56;10;0;0;50;-1
61;14;0;1;40;-1
38;9;0;1;35;-1
39;10;0;0;50;1
35;9;0;0;50;-1
27;10;0;1;44;-1
40;10;0;0;40;1
59;16;0;0;40;1
20;10;0;1;15;-1
42;9;0;0;30;1
59;10;0;0;40;-1
54;16;0;0;60;1
53;13;0;0;30;-1
20;10;0;1;30;-1
54;10;0;0;40;1
41;14;2;0;45;1
33;9;0;1;55;-1
35;9;0;1;30;-1
22;9;0;0;50;-1
29;14;0;0;40;-1
23;13;0;1;25;-1
30;9;0;1;35;-1
17;7;0;1;25;-1
35;10;2;1;40;-1
25;2;0;1;40;-1
42;11;0;0;40;1
42;9;1;0;40;-1
19;9;0;0;30;-1
32;12;0;1;45;-1
44;10;0;1;40;-1
53;10;0;0;36;1
47;13;2;1;60;-1
24;10;0;0;40;-1
30;10;1;1;40;1
42;9;0;1;45;-1
19;9;1;1;40;-1
37;7;0;0;37;-1
26;6;0;0;99;-1
52;10;0;0;40;-1
50;9;0;0;40;-1
32;9;0;0;40;-1
37;9;0;0;40;-1
47;9;0;0;40;-1
47;10;0;0;40;-1
28;13;0;1;40;1
27;13;2;1;40;-1
61;9;1;0;40;-1
47;3;0;0;40;-1
30;12;1;1;40;-1
54;9;0;1;40;1
56;15;2;0;40;1
69;10;0;1;24;-1
30;9;0;0;40;1
36;10;0;0;40;1
42;7;0;0;60;-1
45;13;0;0;45;1
26;7;0;1;40;-1
28;13;1;0;42;1
31;14;0;0;40;1
32;3;0;0;60;-1
51;9;0;1;40;-1
29;9;0;0;60;-1
64;10;0;1;10;-1
26;10;0;0;40;-1
68;3;0;0;22;-1
32;9;0;0;48;-1
29;10;0;1;40;-1
51;2;0;1;40;-1
21;9;0;0;40;-1
26;6;0;1;40;-1
33;13;1;0;40;-1
26;9;0;0;40;-1
31;9;0;0;55;-1
29;9;0;0;45;-1
19;10;0;1;27;-1
51;9;0;1;40;-1
45;5;3;1;40;-1
20;9;1;0;32;-1
40;10;0;0;48;-1
52;10;0;0;40;-1
46;10;0;1;24;-1
24;9;0;0;40;-1
20;5;0;0;50;-1
38;13;0;0;60;-1
44;13;0;1;45;-1
24;13;0;1;40;-1
32;15;0;0;75;1
49;4;0;0;35;-1
36;14;0;1;40;-1
31;9;0;0;45;-1
46;3;0;0;40;-1
46;10;0;1;40;-1
46;10;0;0;70;1
29;9;3;1;40;-1
37;9;0;0;40;-1
44;4;0;0;25;-1
28;10;1;1;40;-1
28;13;0;0;40;-1
48;9;0;1;40;-1
52;7;1;1;20;-1
19;9;0;0;35;-1
31;13;0;0;40;1
37;9;0;0;40;-1
22;10;0;0;2;-1
46;12;0;0;44;1
40;9;1;0;35;-1
58;10;3;0;40;-1
36;9;0;0;40;1
26;13;1;1;35;-1
17;8;0;1;40;-1
49;6;0;0;48;-1
46;13;0;0;45;1
26;9;1;1;37;-1
40;14;0;1;40;-1
53;16;0;0;40;1
60;10;0;0;50;-1
28;9;1;0;40;-1
22;10;2;1;12;-1
31;9;0;0;55;-1
34;9;0;0;40;-1
27;14;0;0;40;-1
40;10;1;1;40;-1
68;9;0;1;32;-1
51;9;0;0;50;-1
55;9;0;0;20;-1
43;12;0;0;45;1
23;13;0;1;27;-1
48;9;0;0;40;-1
34;10;0;0;45;1
31;9;0;0;70;1
71;4;0;0;45;-1
17;6;0;0;8;-1
37;9;0;1;40;1
26;8;3;1;40;-1
17;7;0;1;15;-1
34;13;2;0;40;1
33;9;2;0;40;-1
41;14;0;0;40;1
59;6;2;0;40;-1
46;9;1;0;40;-1
45;14;0;0;40;-1
27;9;0;1;40;-1
31;13;0;0;50;-1
28;9;0;0;50;-1
32;13;0;0;40;1
36;12;0;0;50;-1
23;9;0;0;40;-1
44;9;0;0;40;1
37;10;0;0;40;-1
45;7;2;1;40;-1
49;15;0;1;55;1
37;9;0;0;40;1
26;9;1;0;40;-1
51;10;0;0;60;1
24;10;0;1;40;-1
67;13;0;0;40;-1
32;9;0;1;40;1
21;10;0;1;16;-1
39;10;0;1;15;1
33;7;0;0;40;-1
48;9;0;0;60;-1
21;10;0;1;30;-1
24;9;1;0;40;-1
23;13;0;1;45;-1
40;9;0;0;63;-1
48;13;0;1;50;1
42;9;0;0;60;-1
45;13;1;1;40;-1
31;9;0;0;50;1
53;11;0;0;45;-1
25;13;1;1;55;-1
32;10;1;0;50;-1
34;7;0;0;25;-1
41;13;0;0;35;1
57;9;0;1;40;-1
25;6;2;0;40;-1
17;7;0;1;13;-1
17;5;0;0;40;-1
82;10;0;0;20;-1
40;12;0;1;32;-1
26;10;1;0;35;-1
37;10;0;0;40;-1
25;6;0;0;40;-1
65;6;0;0;22;1
39;13;2;0;40;-1
36;9;0;0;40;-1
37;9;0;0;45;-1
23;9;0;0;40;-1
34;9;0;0;40;1
63;13;0;0;20;-1
59;9;0;1;35;-1
49;10;0;0;40;-1
62;5;0;1;40;-1
17;7;0;1;9;-1
28;6;0;0;30;-1
45;13;0;0;40;-1
40;13;0;0;60;-1
45;9;0;0;40;-1
20;5;0;0;40;-1
19;6;0;1;38;-1
59;13;0;1;22;1
49;10;0;0;48;1
37;11;0;0;45;1
31;9;0;0;45;-1
21;10;0;0;40;-1
27;13;0;1;15;-1
20;9;0;0;40;-1
51;9;0;1;40;-1
46;2;0;0;40;-1
48;10;0;0;60;1
39;14;0;1;40;-1
41;9;0;0;40;1
21;10;0;1;25;-1
54;12;0;0;50;1
40;9;0;1;40;1
44;9;0;0;41;-1
50;9;0;0;50;1
42;10;0;1;45;-1
34;9;0;0;40;-1
46;10;0;0;40;-1
35;9;0;0;40;-1
38;12;0;0;40;1
30;9;0;0;40;-1
22;13;0;1;40;-1
21;9;0;0;40;-1
40;1;0;0;40;-1
56;9;0;0;55;-1
48;5;0;0;40;-1
21;11;0;1;36;-1
52;7;0;0;40;-1
60;14;0;0;50;1
45;16;0;0;50;1
30;9;0;0;45;-1
43;9;0;0;35;-1
36;5;0;0;35;-1
42;15;0;0;60;-1
62;15;0;0;45;1
65;9;0;1;40;-1
45;11;0;0;40;1
47;13;0;0;38;1
43;12;0;0;40;-1
24;10;0;0;35;-1
44;9;0;1;39;-1
25;9;0;0;25;-1
21;10;0;0;40;-1
29;11;0;0;43;-1
21;10;0;0;40;-1
41;15;0;0;45;1
64;13;1;1;8;-1
55;10;0;0;99;-1
42;9;0;0;40;-1
63;9;0;0;35;-1
21;10;0;0;24;-1
28;11;0;1;55;-1
45;9;0;1;35;-1
21;9;0;1;40;-1
34;14;2;1;40;1
53;8;3;1;35;-1
45;9;0;0;40;-1
47;9;0;1;4;-1
41;7;0;1;36;-1
43;14;0;0;50;1
53;2;0;0;32;-1
34;10;0;0;45;-1
59;12;0;1;40;1
53;13;2;0;50;-1
33;4;1;0;35;-1
45;9;0;0;50;-1
48;14;0;0;40;1
42;10;0;1;40;-1
46;9;0;0;50;-1
17;7;0;1;16;-1
23;10;2;1;35;-1
21;9;0;0;60;-1
53;9;1;0;40;-1
61;9;0;0;20;1
58;9;1;0;40;-1
36;9;0;0;50;-1
45;10;1;1;38;-1
39;13;0;1;30;1
48;16;0;1;40;1
41;13;0;0;38;-1
50;12;1;0;45;-1
23;10;0;1;40;-1
41;10;0;0;60;-1
47;9;0;0;70;-1
51;13;0;0;55;-1
60;9;0;0;40;-1
51;13;0;1;40;-1
20;10;0;0;40;-1
29;9;0;1;37;-1
42;10;1;0;48;-1
32;9;1;1;16;-1
34;11;1;0;45;1
48;9;0;1;48;-1
38;10;0;0;40;-1
38;15;0;1;50;1
40;13;0;0;50;-1
39;14;0;0;50;1
38;14;1;0;40;-1
26;13;0;1;40;-1
23;10;0;0;10;-1
20;3;0;0;40;-1
49;13;2;0;40;-1
23;9;1;1;40;-1
47;13;0;0;45;1
43;10;0;0;40;-1
56;10;0;0;30;-1
60;7;0;0;35;-1
29;9;0;0;40;-1
25;13;1;1;38;-1
39;11;0;0;40;-1
47;9;0;1;36;-1
50;15;0;0;50;1
64;9;0;0;40;1
35;10;0;0;40;-1
25;7;0;1;40;-1
42;13;0;0;44;1
51;13;0;0;40;-1
21;9;0;0;40;-1
53;14;0;0;50;1
29;11;0;1;40;-1
37;14;0;0;50;1
20;8;0;1;40;-1
18;10;0;0;50;-1
47;11;0;0;40;1
23;11;0;0;50;-1
36;13;0;0;60;-1
48;9;0;1;40;-1
40;10;0;0;43;-1
51;13;0;1;16;-1
59;5;0;0;40;-1
32;10;2;1;40;-1
39;10;0;0;40;-1
32;9;0;0;40;-1
38;9;0;1;40;1
44;13;0;1;38;-1
51;9;0;0;40;-1
54;9;0;1;20;-1
22;10;0;1;30;-1
19;9;0;1;40;-1
31;12;0;0;45;-1
53;9;0;0;40;-1
28;13;0;0;45;-1
19;9;0;0;32;-1
40;10;1;0;40;1
21;10;0;0;10;-1
39;13;0;0;60;1
36;9;2;0;40;-1
18;5;0;1;42;-1
50;9;0;0;40;-1
18;7;0;0;15;-1
19;9;0;0;43;-1
53;10;0;0;40;1
49;9;1;1;32;-1
40;13;3;0;45;-1
31;10;0;0;40;-1
47;9;0;0;35;-1
35;10;0;0;40;-1
47;10;0;1;20;-1
43;14;0;1;20;-1
51;10;0;0;21;-1
54;14;0;0;40;1
76;5;0;0;30;-1
33;4;0;0;43;-1
19;8;0;0;15;-1
26;9;0;0;40;-1
23;10;0;1;15;-1
24;10;0;0;65;-1
48;9;0;0;40;-1
36;10;0;0;40;-1
53;13;0;0;44;1
22;13;0;1;10;-1
43;9;0;0;40;-1
31;12;0;0;40;-1
53;14;0;1;40;-1
36;13;0;0;45;-1
47;9;0;0;40;1
52;10;0;0;40;1
39;9;0;1;40;-1
24;13;0;0;40;-1
21;10;0;0;40;-1
29;13;2;0;64;1
34;13;0;0;40;-1
28;10;0;1;40;-1
61;13;0;0;40;1
20;9;0;0;60;-1
47;9;0;0;40;-1
40;13;0;0;45;1
26;10;1;1;10;-1
53;10;0;0;40;1
26;13;0;0;50;-1
17;7;1;0;15;-1
46;16;0;0;40;1
45;13;0;0;45;-1
23;9;0;1;16;-1
41;9;0;0;40;-1
26;13;0;1;40;-1
28;13;0;1;4;-1
18;7;0;0;15;-1
38;9;0;0;40;1
28;13;0;0;40;1
49;14;0;0;40;1
29;13;0;0;40;-1
43;14;2;1;50;1
34;14;0;1;40;-1
30;11;0;0;45;1
25;13;0;0;40;1
27;13;0;0;40;-1
25;9;1;0;40;-1
22;10;0;1;40;-1
26;9;0;0;40;-1
49;9;0;0;40;-1
39;13;1;0;45;-1
33;9;0;1;40;-1
40;13;0;0;53;-1
26;13;0;1;20;-1
31;10;0;0;40;-1
28;10;0;1;40;-1
25;13;0;1;40;-1
25;4;0;0;60;-1
19;10;0;1;30;-1
36;15;0;0;60;-1
56;9;0;0;40;-1
34;10;0;0;40;-1
39;13;0;0;40;1
31;15;0;1;45;1
22;9;0;1;20;-1
44;10;0;0;38;-1
60;9;0;0;45;-1
65;7;0;0;40;-1
44;10;0;0;50;1
53;9;0;0;40;-1
28;9;0;0;40;-1
41;13;0;1;45;-1
40;9;0;1;15;-1
35;7;0;1;40;-1
41;5;0;1;70;-1
28;9;0;0;35;-1
53;9;0;0;40;-1
26;10;0;1;45;-1
28;9;1;1;40;-1
27;10;0;1;40;-1
27;9;2;1;8;-1
26;9;0;0;40;1
53;9;0;1;35;-1
34;9;0;0;40;1
50;14;1;0;50;-1
30;9;1;1;62;-1
47;9;1;0;40;-1
27;9;0;0;40;-1
55;10;0;0;40;-1
21;10;0;1;29;-1
35;10;0;0;40;-1
31;8;2;1;50;-1
39;14;0;0;60;1
30;13;0;0;55;-1
19;10;0;1;20;-1
25;9;0;0;40;-1
57;9;0;0;60;-1
21;10;2;1;20;-1
30;4;0;1;44;-1
25;10;0;1;22;-1
32;11;0;0;45;1
42;10;0;0;40;-1
39;10;0;0;47;-1
48;13;0;1;44;-1
24;10;1;1;35;-1
46;11;1;0;40;1
53;10;0;0;25;-1
36;10;0;0;70;-1
34;9;0;0;45;-1
25;9;0;0;70;-1
45;13;0;0;40;1
31;12;0;0;40;-1
21;9;0;0;20;-1
44;10;0;1;40;-1
34;11;0;1;40;1
30;10;0;1;10;-1
32;10;1;1;40;-1
46;9;1;1;40;-1
29;13;0;0;40;1
20;10;0;0;20;-1
35;9;0;1;40;-1
35;9;1;1;40;-1
29;9;0;1;38;-1
21;9;0;0;40;-1
43;13;0;0;40;1
33;9;0;0;40;-1
61;15;0;0;50;1
42;14;0;1;40;-1
33;8;0;1;40;-1
35;10;1;1;40;-1
32;9;0;0;24;-1
22;10;0;1;20;-1
61;9;0;1;40;-1
24;9;1;0;40;-1
58;14;0;0;35;-1
42;9;0;0;40;-1
56;10;0;0;45;1
26;10;0;1;40;-1
25;9;1;1;40;-1
59;9;0;1;40;-1
36;12;0;0;44;1
18;8;1;0;20;-1
18;7;0;0;40;-1
28;9;0;0;40;1
20;9;0;1;20;-1
19;10;0;0;30;-1
28;13;0;1;48;1
37;11;0;0;40;-1
23;10;0;0;40;-1
60;10;0;0;47;-1
17;8;0;1;12;-1
29;11;0;0;40;-1
34;9;1;0;20;-1
36;10;0;0;40;1
37;10;0;1;15;-1
47;13;0;0;40;-1
22;9;0;1;40;-1
61;9;0;0;40;-1
57;3;0;0;45;-1
54;9;0;0;40;1
40;8;0;0;50;1
40;9;0;0;42;-1
32;7;0;0;40;-1
49;10;0;0;50;-1
31;9;0;1;40;-1
58;13;2;0;40;-1
26;13;0;0;50;-1
35;4;0;0;40;-1
25;10;0;0;40;-1
43;8;1;0;40;-1
32;10;0;0;35;-1
45;13;0;0;60;1
48;9;1;0;40;-1
31;3;0;0;40;-1
20;10;0;1;25;-1
28;9;0;0;40;-1
50;13;0;1;60;-1
22;9;1;0;40;-1
19;10;0;1;20;-1
38;13;0;0;63;1
23;9;0;0;40;-1
24;13;0;0;40;-1
26;11;0;1;40;-1
45;9;0;1;40;-1
88;10;0;1;40;-1
19;7;2;1;15;-1
24;9;0;0;50;-1
84;3;0;0;20;-1
48;6;1;0;40;-1
46;10;2;0;40;-1
31;9;0;0;50;-1
58;9;2;0;40;-1
35;9;0;0;40;-1
36;9;1;0;40;-1
36;15;0;0;55;1
47;14;0;0;40;1
57;5;1;0;52;-1
30;10;0;1;45;-1
30;14;0;0;40;-1
30;13;0;0;43;-1
23;10;0;0;40;1
41;15;0;0;50;1
52;10;0;0;60;-1
27;12;0;0;40;-1
59;9;0;0;45;-1
21;9;0;1;36;-1
60;9;0;1;40;-1
69;15;0;0;34;1
24;9;0;0;40;-1
19;9;1;0;25;-1
60;12;0;0;20;-1
64;10;0;1;35;-1
39;11;0;0;60;1
51;12;0;0;45;1
51;6;1;1;35;-1
25;10;0;1;40;-1
17;6;0;1;4;-1
37;10;0;1;40;-1
74;9;0;1;14;-1
26;13;1;0;40;1
23;9;1;0;30;-1
57;15;0;0;36;1
20;7;0;0;15;-1
37;9;0;0;40;-1
46;13;0;0;40;-1
39;10;0;1;45;1
40;9;0;1;30;-1
50;9;0;0;40;-1
25;1;0;0;35;-1
44;9;0;0;45;-1
41;9;0;0;40;-1
38;11;0;0;50;-1
54;6;0;0;40;-1
40;9;1;1;52;-1
38;9;0;0;45;-1
20;10;0;1;10;-1
71;12;0;0;3;-1
35;10;0;0;40;-1
62;13;0;0;40;1
34;13;0;1;45;-1
56;9;0;0;90;-1
30;14;2;0;20;-1
17;7;0;1;20;-1
35;7;0;0;40;-1
21;9;1;0;1;-1
46;9;0;0;50;-1
33;10;0;0;60;-1
27;10;0;1;40;-1
36;10;0;0;40;1
42;4;0;0;40;-1
35;9;0;0;50;-1
25;13;0;0;40;-1
47;13;0;0;40;1
53;9;0;0;42;1
47;9;0;0;40;-1
20;7;1;0;40;-1
32;10;1;1;70;-1
28;9;0;0;50;-1
58;3;0;0;40;-1
52;9;0;1;40;-1
35;14;0;0;40;1
30;10;0;0;40;-1
56;13;0;1;38;-1
21;10;0;1;20;-1
56;10;1;1;40;-1
20;10;0;1;20;-1
62;9;0;0;40;1
24;13;0;1;30;-1
52;13;1;1;40;-1
23;9;0;0;40;-1
36;14;0;0;40;1
40;10;0;0;40;-1
30;10;0;0;40;-1
41;5;0;0;35;-1
59;9;0;0;40;1
27;14;0;0;37;-1
19;10;0;0;23;-1
41;10;0;0;50;-1
27;13;0;0;35;-1
50;9;0;1;40;-1
29;3;0;1;40;-1
38;13;0;0;55;1
30;9;0;0;60;-1
48;13;0;0;55;-1
40;11;0;0;40;-1
27;7;0;0;40;-1
59;14;0;0;40;1
31;9;1;1;20;-1
34;9;0;0;50;1
47;15;0;0;60;1
64;2;0;0;20;-1
29;5;0;0;40;-1
38;9;0;0;40;-1
49;13;0;0;60;1
53;10;0;0;40;-1
35;10;0;0;50;1
70;13;2;0;40;-1
38;9;0;0;40;-1
36;13;2;1;40;-1
34;13;2;0;55;-1
24;13;0;0;10;-1
23;10;0;1;40;-1
21;10;0;1;35;-1
47;10;0;1;40;-1
33;12;0;0;50;1
63;10;0;0;35;1
18;9;0;0;60;-1
32;13;0;1;50;-1
33;13;1;0;40;-1
19;9;0;0;40;-1
27;9;0;0;40;-1
40;10;0;0;48;1
38;12;0;0;40;-1
20;9;0;0;47;-1
35;9;0;0;70;-1
22;10;0;1;40;-1
40;14;0;0;50;1
23;6;0;0;40;-1
26;13;0;0;40;-1
53;10;0;0;60;-1
34;10;0;0;40;1
39;9;0;0;40;-1
25;5;0;0;40;-1
18;7;0;0;20;-1
65;13;0;0;40;-1
49;13;0;1;40;-1
64;6;1;0;40;-1
68;13;0;0;40;1
56;10;0;1;40;-1
35;13;0;0;48;1
50;9;1;1;12;-1
45;9;0;1;28;-1
43;13;0;0;40;-1
39;10;1;1;40;-1
45;13;0;0;50;1
20;10;0;1;10;-1
36;12;0;1;45;-1
26;10;0;1;40;-1
36;13;0;1;32;-1
47;13;0;0;60;-1
53;10;0;1;30;-1
44;3;0;0;40;-1
25;9;0;0;40;-1
35;3;0;0;36;-1
34;12;0;1;40;-1
42;10;0;0;40;-1
47;9;0;1;4;-1
23;9;0;0;37;-1
56;9;0;1;40;-1
38;9;0;0;60;-1
46;11;0;0;40;1
47;12;0;1;57;-1
42;9;0;0;46;-1
48;9;0;0;40;-1
27;9;0;1;50;-1
40;11;0;1;36;-1
75;11;0;1;30;-1
39;13;0;0;48;1
46;12;0;1;40;-1
51;9;1;1;40;-1
34;9;0;0;40;-1
23;10;0;0;40;-1
32;11;0;0;45;-1
45;10;0;0;55;-1
21;10;0;0;40;-1
36;9;0;0;44;-1
40;6;0;0;50;-1
20;6;0;1;40;-1
68;5;1;0;20;-1
40;13;0;0;40;1
20;10;0;1;24;-1
48;14;0;1;40;1
27;13;0;0;45;-1
57;11;0;0;40;-1
54;9;0;0;98;1
47;9;0;1;40;-1
30;10;0;0;40;-1
17;7;0;0;40;-1
35;10;3;0;45;1
56;8;0;0;40;-1
20;9;0;0;28;-1
38;13;0;0;38;-1
19;10;0;1;25;-1
31;10;0;0;40;-1
44;13;0;0;60;-1
41;10;0;0;40;-1
18;7;0;1;16;-1
23;5;0;0;40;-1
37;10;2;0;32;-1
46;11;0;0;30;-1
43;13;0;0;45;-1
31;2;0;0;40;-1
40;10;0;0;40;1
27;15;0;1;12;-1
64;10;0;0;40;-1
31;11;0;0;40;-1
48;14;1;0;45;-1
37;13;0;0;20;1
28;10;0;0;24;-1
42;10;0;0;40;-1
60;4;0;0;60;-1
17;7;0;1;20;-1
21;10;0;1;30;-1
46;6;1;0;40;-1
18;9;0;1;40;-1
22;9;0;0;27;-1
44;13;0;0;60;-1
36;9;0;0;40;-1
65;11;0;1;40;-1
26;9;0;0;40;-1
21;6;0;0;25;-1
28;10;0;1;35;-1
27;10;0;1;40;-1
19;10;1;0;12;-1
40;10;0;0;40;-1
19;9;0;0;15;-1
37;9;0;0;40;-1
33;10;1;0;40;1
34;9;0;0;40;-1
44;12;0;0;40;-1
33;10;1;1;40;-1
19;9;0;1;40;-1
59;11;0;1;36;-1
40;9;1;1;40;-1
35;9;0;1;40;-1
22;12;0;0;45;-1
41;14;0;1;40;-1
59;10;0;0;50;1
50;8;0;0;40;-1
21;12;0;1;10;-1
40;9;0;0;40;-1
22;9;0;0;40;-1
43;3;0;1;40;-1
17;7;0;1;16;-1
42;4;0;0;40;-1
37;10;1;0;40;1
19;8;0;0;38;-1
43;3;3;0;40;-1
46;5;0;1;40;-1
18;9;0;1;20;-1
50;15;2;0;40;1
47;4;0;0;40;-1
33;4;0;0;45;-1
59;9;0;0;35;-1
39;9;0;0;40;1
29;10;0;0;40;-1
26;13;0;1;55;-1
24;9;0;0;40;-1
30;10;0;1;20;-1
52;7;0;0;40;-1
51;14;0;0;40;1
30;13;0;0;60;1
19;10;0;1;25;-1
23;10;0;0;60;-1
37;16;0;0;45;-1
25;10;1;0;38;-1
30;9;0;0;55;-1
40;10;0;1;40;-1
20;9;3;0;32;-1
24;13;0;0;45;-1
32;9;1;0;40;-1
35;9;1;1;30;-1
20;9;0;1;40;-1
29;9;0;0;40;1
25;9;0;0;28;-1
50;4;0;0;40;-1
24;9;0;0;50;-1
30;9;0;1;32;-1
37;10;0;0;40;-1
20;9;0;0;30;-1
55;4;0;0;50;-1
61;8;0;1;40;-1
22;9;0;1;3;-1
23;12;0;0;12;-1
39;13;2;1;24;-1
21;10;0;0;35;-1
52;9;0;0;40;1
50;13;0;0;50;-1
51;12;0;1;99;-1
47;6;2;1;45;-1
49;5;0;0;40;-1
45;9;0;0;40;-1
48;10;1;1;40;-1
36;13;0;0;50;1
20;10;1;0;40;-1
61;9;0;0;40;-1
72;13;0;0;30;-1
19;10;0;1;15;-1
47;10;2;1;35;-1
24;7;0;1;40;-1
44;10;0;0;40;-1
19;9;0;0;20;-1
20;9;0;0;48;-1
23;9;0;1;40;-1
58;9;0;0;53;1
20;8;0;0;40;-1
62;9;0;0;12;-1
67;13;0;0;2;-1
37;12;0;0;40;1
38;11;0;1;20;-1
23;9;0;1;80;-1
28;9;0;1;40;-1
25;9;0;0;40;-1
60;9;0;0;30;-1
31;9;0;0;50;-1
29;9;0;0;37;-1
51;5;0;0;40;-1
27;9;0;0;40;-1
18;10;0;0;20;-1
34;9;0;1;40;-1
19;10;0;1;15;-1
36;9;0;0;35;-1
35;13;0;1;40;-1
27;9;0;0;45;-1
25;9;0;1;40;-1
22;10;0;0;32;1
41;10;0;0;48;1
20;12;0;0;20;-1
52;9;0;0;40;-1
34;10;1;1;37;-1
44;15;0;0;45;1
50;14;0;1;40;1
49;13;0;0;50;1
36;13;0;1;40;-1
71;15;0;0;28;-1
20;9;1;0;25;-1
20;10;0;1;40;-1
59;9;0;0;60;1
38;10;0;1;42;-1
55;9;0;0;40;-1
17;5;0;1;20;-1
45;13;0;0;55;1
43;9;2;0;30;-1
19;8;0;0;25;-1
33;9;0;1;40;-1
63;9;0;0;40;-1
34;9;0;0;40;-1
31;12;0;0;40;-1
21;8;0;0;40;-1
23;11;0;1;36;-1
20;10;0;1;8;-1
45;13;0;0;60;1
59;9;0;0;50;-1
66;9;0;1;35;1
29;10;0;0;40;-1
32;13;2;1;40;-1
57;9;0;1;45;-1
57;14;0;0;40;1
50;9;0;0;60;-1
56;11;1;0;40;1
26;14;0;1;48;-1
22;10;0;1;40;-1
26;11;0;0;65;-1
33;13;0;0;40;1
36;11;0;0;60;1
45;10;0;0;40;1
23;10;0;0;36;-1
23;10;1;0;25;-1
35;13;0;0;40;-1
45;9;0;0;40;-1
21;10;0;1;25;-1
56;9;0;0;40;-1
31;9;0;1;40;-1
44;8;1;0;36;-1
21;10;0;0;10;-1
20;9;0;0;38;-1
17;7;1;1;40;-1
44;9;0;0;40;1
19;10;0;1;23;-1
71;9;0;0;24;-1
23;10;0;1;40;-1
21;9;0;0;40;-1
29;14;0;0;15;-1
33;10;0;1;30;-1
46;9;0;0;48;1
21;10;1;1;40;-1
19;9;0;1;37;-1
29;10;1;1;40;-1
34;12;0;0;50;-1
26;10;0;0;40;-1
30;13;0;1;40;-1
34;10;0;1;40;-1
24;13;2;0;25;-1
28;9;0;0;48;-1
24;10;0;0;40;-1
19;8;0;0;40;-1
24;10;2;0;30;1
37;13;0;0;40;1
24;13;0;0;30;-1
24;13;0;1;42;-1
40;9;0;0;45;1
20;10;0;0;20;-1
23;7;0;0;40;-1
25;10;3;1;40;-1
64;12;0;1;30;-1
28;10;0;1;40;-1
52;14;1;0;40;1
28;15;1;0;50;-1
31;12;0;0;55;1
77;13;0;1;10;-1
22;9;0;0;40;-1
17;7;0;1;20;-1
38;13;0;0;55;-1
45;7;1;0;40;-1
25;10;1;1;40;-1
50;9;0;0;40;1
53;9;0;0;60;-1
24;9;0;0;40;-1
33;9;0;0;50;1
30;10;0;0;30;-1
31;9;0;0;40;1
39;10;1;0;40;-1
30;13;0;1;65;-1
48;10;0;1;44;-1
62;14;0;1;40;-1
39;9;0;0;45;1
45;14;0;0;50;1
32;7;0;1;40;-1
40;10;0;1;50;-1
17;6;0;1;15;-1
19;6;1;0;25;-1
25;9;0;0;84;-1
42;10;0;0;57;-1
66;13;0;0;99;-1
63;9;0;0;70;-1
43;4;0;0;25;-1
26;9;0;0;20;-1
23;9;0;1;40;1
39;15;0;0;55;1
47;9;0;0;40;1
36;9;1;1;48;-1
35;9;0;0;40;-1
25;9;0;0;40;-1
21;10;0;1;15;-1
46;9;0;1;40;-1
43;6;1;0;40;-1
41;9;0;1;60;-1
50;9;0;1;35;-1
36;7;0;1;32;-1
31;9;0;1;20;-1
45;4;0;0;65;1
50;7;0;0;50;1
52;4;0;1;50;-1
40;16;0;0;40;1
64;6;0;0;56;1
51;15;0;0;40;1
56;14;0;1;39;-1
35;9;0;0;48;-1
55;6;0;0;35;-1
30;9;0;1;40;-1
34;9;0;0;40;-1
36;11;0;1;40;1
43;9;0;0;60;-1
24;10;0;0;50;-1
30;6;1;0;40;-1
33;11;0;0;70;-1
32;12;0;0;40;-1
29;13;0;1;40;-1
18;7;0;0;15;-1
20;7;0;1;25;-1
45;14;0;0;45;1
22;10;0;0;35;-1
45;15;0;0;40;1
41;9;0;0;40;-1
42;4;0;1;35;-1
24;13;0;0;40;-1
22;9;0;0;35;-1
28;9;0;0;45;1
23;10;0;0;35;-1
21;4;0;1;38;-1
23;13;2;1;20;-1
45;10;0;1;48;-1
41;9;0;1;40;-1
49;9;0;0;40;1
38;10;1;1;40;-1
37;9;0;0;40;-1
70;13;2;0;32;-1
28;13;0;1;40;-1
24;11;2;1;20;-1
69;16;0;0;40;1
37;9;1;1;40;-1
28;13;0;1;40;-1
54;10;0;1;40;-1
56;9;2;1;40;-1
27;13;3;1;45;-1
21;9;0;0;44;-1
29;11;0;0;40;-1
27;4;0;0;24;-1
32;13;0;0;50;1
31;10;0;0;40;-1
55;16;2;0;40;1
48;9;0;0;45;-1
58;9;0;0;80;-1
23;10;0;1;40;-1
28;10;0;1;50;-1
49;10;0;0;46;-1
51;9;0;1;40;-1
23;9;0;0;53;-1
40;9;1;0;50;-1
59;9;2;0;40;-1
47;13;0;1;50;-1
37;9;0;0;50;-1
43;10;0;0;60;-1
40;11;0;0;60;-1
48;6;0;0;40;1
29;5;0;1;48;-1
48;10;0;0;50;1
37;13;0;0;30;-1
28;6;1;1;30;-1
56;3;1;0;40;-1
45;9;0;0;60;-1
60;10;0;0;40;-1
53;14;0;0;42;1
37;9;0;0;40;-1
31;9;0;0;40;-1
29;11;0;0;44;1
31;9;0;1;36;-1
39;9;1;0;40;-1
31;13;0;0;40;1
17;7;0;1;16;-1
19;9;0;1;20;-1
24;13;2;0;32;-1
34;2;0;1;40;-1
58;13;0;1;62;-1
23;11;0;1;36;-1
33;9;1;1;40;-1
76;9;0;0;6;-1
40;9;0;1;50;-1
28;4;0;1;50;-1
41;10;0;1;40;-1
22;10;0;1;40;-1
29;11;0;0;40;-1
26;9;0;0;40;-1
22;9;0;1;25;-1
41;10;1;0;43;-1
29;9;3;0;40;-1
72;9;0;0;40;1
41;10;0;0;65;-1
19;10;0;1;25;-1
25;13;0;0;40;-1
24;13;0;0;45;-1
59;5;0;0;30;-1
17;7;0;0;30;-1
59;13;0;0;40;1
50;9;0;0;60;-1
29;9;0;1;40;-1
43;9;0;0;55;-1
29;10;0;1;10;-1
29;10;1;0;40;-1
32;10;0;0;40;1
17;6;0;0;6;-1
50;9;0;0;45;1
43;10;0;0;50;-1
41;9;0;1;40;-1
32;13;0;1;40;1
54;14;0;1;45;1
65;9;0;0;40;1
18;9;3;1;40;-1
70;10;0;0;40;1
53;14;0;0;55;1
21;10;0;0;30;-1
20;9;0;0;40;-1
47;9;0;0;38;-1
31;15;0;0;50;-1
45;10;0;0;40;-1
35;9;0;1;40;-1
55;13;0;0;45;1
49;14;0;0;50;1
33;9;2;0;40;-1
30;15;0;0;55;-1
19;10;0;0;15;-1
48;13;0;0;60;1
41;10;0;0;40;1
29;13;0;0;35;1
47;14;0;0;48;1
53;14;1;0;40;1
19;10;0;1;10;-1
71;9;0;1;16;-1
29;10;0;1;25;-1
43;10;0;0;40;-1
23;13;0;1;30;-1
52;10;0;1;40;-1
56;13;0;0;40;1
28;6;0;0;40;-1
44;13;0;0;80;-1
37;13;0;1;40;-1
30;11;0;0;50;1
31;9;0;0;40;-1
20;10;0;1;25;-1
64;9;0;0;65;1
45;9;0;0;40;-1
40;10;0;0;50;1
19;9;0;0;52;-1
54;13;0;0;45;1
61;16;2;0;40;1
18;7;0;1;20;-1
62;9;0;0;40;1
33;11;0;0;40;-1
51;9;1;1;37;-1
54;9;0;0;40;-1
24;10;0;0;24;-1
54;10;0;1;40;-1
42;13;0;0;45;1
51;14;0;0;50;1
41;10;1;1;40;1
31;10;0;1;40;-1
21;11;1;0;40;-1
52;10;0;1;40;-1
20;10;0;1;15;-1
18;9;0;1;25;-1
58;9;2;1;60;-1
23;9;0;1;40;-1
21;10;0;1;20;-1
43;11;0;0;40;-1
53;9;0;0;40;-1
18;9;0;1;40;-1
44;13;0;0;40;1
31;13;0;0;50;-1
48;2;0;0;40;-1
55;14;0;1;35;-1
24;10;1;1;20;-1
41;14;0;0;40;1
35;9;0;0;40;1
47;11;0;1;40;-1
54;10;0;0;32;-1
40;13;0;0;40;-1
56;10;0;1;48;-1
23;11;0;0;40;-1
34;9;0;0;60;-1
27;9;1;0;40;-1
32;13;0;0;40;1
72;10;0;0;74;-1
32;12;1;1;35;-1
53;10;0;0;40;-1
18;8;0;0;10;-1
41;11;1;1;40;-1
29;9;0;0;45;-1
70;10;0;0;4;1
46;13;0;1;50;-1
47;10;0;1;40;-1
56;10;0;1;15;-1
47;7;0;1;40;-1
42;9;0;0;40;-1
22;10;0;0;25;-1
42;3;0;0;44;-1
42;10;2;1;40;-1
46;9;0;1;40;-1
55;9;2;0;55;-1
57;13;0;0;40;1
25;8;0;0;40;-1
43;9;0;0;30;-1
34;13;0;0;60;-1
27;13;0;1;40;-1
37;10;0;1;40;-1
48;10;0;0;45;-1
38;9;0;0;45;-1
37;9;0;1;37;-1
45;9;0;0;46;-1
56;9;0;0;55;1
64;9;0;0;40;-1
35;10;0;1;38;-1
23;9;0;0;40;-1
42;9;0;0;90;-1
23;10;0;0;30;-1
26;10;0;0;12;-1
56;9;0;0;40;1
21;10;0;0;40;-1
29;9;1;0;40;-1
32;10;0;0;50;-1
72;5;1;1;20;-1
19;10;0;0;25;-1
25;13;0;0;25;-1
58;13;0;1;35;-1
24;13;0;0;40;-1
41;11;0;1;38;1
40;6;0;0;40;1
37;9;0;0;45;-1
25;12;0;1;40;-1
43;13;2;1;40;1
36;9;0;0;40;-1
41;9;0;0;40;-1
31;13;0;1;40;-1
22;9;0;1;40;-1
36;11;0;0;40;-1
42;6;0;0;40;-1
29;9;0;0;60;-1
25;9;0;1;46;-1
23;13;0;0;40;-1
34;9;1;1;20;-1
33;10;0;0;40;-1
38;13;0;1;55;-1
21;10;0;0;30;-1
39;11;0;0;40;-1
50;13;0;0;40;1
32;10;0;0;30;-1
40;9;0;0;40;1
20;9;0;1;20;-1
56;13;0;0;50;-1
30;13;0;0;40;-1
39;10;0;1;39;-1
25;12;0;0;50;1
33;9;0;0;40;1
41;13;0;0;40;-1
50;10;0;0;40;-1
44;10;0;0;40;-1
27;13;0;0;40;-1
58;3;0;0;40;-1
25;10;0;0;15;-1
31;9;2;1;40;-1
39;9;0;0;50;1
55;11;0;0;40;1
22;11;0;1;12;-1
44;12;0;0;40;-1
44;8;0;1;40;-1
61;4;0;0;54;-1
32;11;0;0;40;-1
35;13;0;0;45;1
28;10;0;0;40;-1
57;13;2;0;40;1
32;16;0;0;65;1
46;4;1;1;40;-1
43;9;0;0;40;-1
62;9;0;1;35;-1
60;14;2;0;38;1
67;9;0;1;20;-1
19;9;1;1;30;-1
55;9;0;1;40;-1
48;6;0;0;65;1
19;9;0;1;20;-1
19;10;0;1;30;-1
43;9;0;1;40;-1
31;16;0;1;90;-1
65;10;0;1;45;-1
32;9;0;1;40;-1
36;14;0;0;40;1
41;9;0;0;40;-1
72;6;0;0;12;-1
27;10;0;0;45;-1
75;7;0;0;50;-1
39;6;0;1;15;-1
47;9;0;0;40;-1
31;10;0;0;40;-1
40;14;0;1;40;1
48;9;0;1;30;-1
36;13;1;0;40;-1
18;9;0;0;20;-1
33;9;0;1;40;-1
34;14;0;0;40;-1
39;12;0;1;40;-1
20;9;0;0;35;-1
67;10;1;1;20;-1
42;11;0;1;60;-1
59;7;0;0;40;-1
31;9;1;0;40;-1
47;10;0;1;48;-1
68;4;0;0;30;-1
30;10;0;0;40;-1
34;9;0;0;60;-1
49;4;0;0;40;-1
38;10;0;0;40;1
51;10;0;0;40;1
24;13;0;0;40;-1
24;13;0;1;40;-1
21;3;0;0;40;-1
52;5;0;1;40;-1
48;9;0;0;40;-1
20;10;0;1;20;-1
31;9;0;1;25;-1
30;10;0;0;50;-1
30;9;0;0;40;-1
51;9;0;1;40;-1
29;11;0;1;40;-1
56;14;0;0;16;-1
46;13;0;1;40;-1
29;3;0;1;40;-1
48;9;2;0;30;-1
34;9;0;1;50;-1
42;11;0;0;50;-1
25;9;0;1;30;-1
47;7;1;1;40;-1
23;9;0;0;40;-1
43;11;0;0;22;-1
19;10;1;1;35;-1
22;9;0;0;40;-1
40;13;0;1;70;-1
41;11;0;0;40;-1
42;9;0;0;45;-1
31;13;0;0;47;-1
69;10;0;0;32;-1
58;9;0;0;70;-1
36;7;1;1;12;-1
31;9;0;0;65;-1
41;9;0;1;40;-1
35;10;0;0;40;-1
62;4;0;0;40;-1
28;13;0;1;15;-1
27;8;0;0;55;-1
17;7;0;0;40;-1
35;9;0;0;50;1
45;10;0;1;99;-1
44;13;0;1;40;-1
27;11;2;1;40;-1
51;5;0;0;40;-1
49;9;0;1;45;-1
64;6;0;0;10;1
54;4;0;0;45;-1
43;9;3;0;40;-1
32;9;0;0;35;-1
26;9;2;0;50;1
37;13;0;0;50;1
38;12;0;1;40;-1
26;8;0;0;40;-1
42;9;0;1;40;-1
66;9;1;1;40;-1
43;9;1;1;32;-1
37;13;0;0;45;1
37;6;0;1;35;-1
25;10;0;1;40;-1
29;13;0;0;50;1
63;9;0;0;40;1
42;14;0;0;70;-1
32;9;0;0;40;-1
42;10;0;0;40;1
41;9;0;0;50;-1
65;9;0;0;50;-1
32;10;0;0;50;-1
32;9;0;0;10;-1
24;10;0;0;60;-1
51;9;0;1;40;-1
67;6;1;1;35;-1
28;7;0;1;35;-1
32;10;0;0;55;1
77;15;0;0;40;-1
47;9;0;1;20;-1
26;9;0;0;40;-1
20;10;0;0;20;-1
57;10;1;0;35;1
40;16;0;0;45;-1
50;14;0;0;40;1
19;4;0;0;45;-1
54;8;0;0;40;-1
51;10;0;0;40;1
51;13;0;0;50;1
68;13;0;0;25;-1
17;8;0;1;20;-1
32;13;0;0;40;-1
29;10;0;0;45;-1
42;10;0;0;40;-1
40;9;0;1;40;-1
27;10;0;0;40;-1
22;13;0;1;20;-1
58;7;0;1;40;-1
61;13;0;0;45;1
42;13;1;1;35;1
49;14;2;0;40;-1
41;13;0;0;40;-1
43;9;1;1;40;-1
46;13;0;0;40;1
28;9;0;0;45;1
57;10;0;0;40;-1
47;9;0;1;38;-1
79;9;0;0;40;-1
40;9;0;1;45;-1
35;13;2;0;40;-1
30;13;0;0;60;1
26;6;1;0;40;-1
48;9;0;0;40;-1
22;10;0;0;45;-1
22;7;0;1;30;-1
50;6;1;1;47;-1
47;9;0;0;60;-1
36;9;0;0;50;-1
44;12;0;0;40;1
73;5;0;1;9;-1
24;9;2;1;45;-1
34;13;0;0;40;1
37;10;2;0;40;-1
28;8;0;1;20;-1
46;10;0;1;40;1
20;10;0;1;35;-1
29;3;0;0;40;-1
24;11;0;0;40;-1
29;10;0;0;35;-1
18;8;0;1;20;-1
41;13;1;1;90;1
59;9;0;0;40;1
27;3;0;0;50;-1
50;12;0;0;45;-1
25;2;0;0;24;-1
42;13;0;1;45;-1
36;10;0;0;40;-1
62;10;0;0;60;1
71;11;0;1;40;-1
38;13;0;0;55;1
44;9;1;1;40;-1
19;6;0;0;30;-1
49;10;0;0;60;-1
28;9;0;0;40;-1
26;13;0;1;55;-1
18;7;0;0;12;-1
43;11;0;0;50;1
23;6;0;0;44;-1
21;10;0;1;35;-1
20;9;0;0;40;-1
19;10;2;1;18;-1
77;9;0;1;32;-1
32;11;0;0;40;-1
37;10;0;0;30;-1
29;9;0;0;45;-1
22;10;0;0;40;-1
30;13;0;1;20;-1
31;9;0;0;48;1
59;9;0;0;60;-1
29;10;0;1;40;1
56;9;0;0;50;1
19;10;0;1;20;-1
37;9;0;0;40;-1
58;14;0;0;40;1
41;14;0;0;40;1
29;9;0;0;38;-1
38;9;0;0;50;-1
46;9;0;1;28;1
42;14;0;1;45;1
29;10;0;1;40;-1
29;12;0;0;40;-1
47;14;0;1;40;-1
37;7;0;0;40;1
39;9;0;0;45;-1
46;13;1;1;35;1
28;12;0;0;40;-1
36;10;0;0;56;1
39;9;0;1;40;-1
44;10;0;0;40;-1
60;9;0;0;40;-1
35;13;0;1;50;1
59;13;1;0;48;1
21;10;0;1;60;-1
22;12;0;1;16;-1
33;9;0;0;45;1
41;14;0;0;60;-1
31;12;0;1;35;1
62;11;0;0;40;-1
43;9;0;1;35;-1
28;13;1;1;60;-1
42;9;0;1;25;-1
23;13;0;1;40;-1
55;10;0;0;40;1
19;7;3;1;32;-1
23;9;0;0;40;-1
41;9;0;1;50;-1
63;9;0;0;20;-1
51;9;0;1;40;-1
49;9;0;0;90;-1
29;14;2;1;20;-1
17;7;0;0;30;-1
42;14;0;0;40;1
21;7;0;1;35;-1
26;10;0;0;40;-1
24;10;0;0;40;-1
30;13;0;0;42;1
19;9;0;0;28;-1
65;4;0;1;24;-1
52;10;0;0;60;1
17;6;0;0;20;-1
27;9;0;0;22;-1
53;15;0;1;40;-1
24;13;0;1;40;-1
37;10;0;0;40;1
34;11;0;1;18;-1
49;9;0;0;40;1
86;14;0;1;40;-1
43;7;0;0;60;-1
47;10;0;1;35;-1
32;9;0;0;50;1
30;11;0;0;60;-1
25;9;0;0;40;-1
42;13;0;0;40;1
60;10;0;0;65;-1
39;10;0;0;40;1
26;6;0;0;55;-1
27;10;0;1;40;-1
59;10;0;0;40;-1
64;9;0;0;40;-1
51;10;0;1;45;1
39;4;3;1;40;-1
30;9;0;0;25;-1
47;14;0;0;40;1
32;14;0;0;60;1
24;12;0;1;40;-1
23;9;0;0;30;-1
62;9;0;0;20;-1
48;10;0;1;20;-1
62;8;0;0;40;-1
35;13;0;0;65;-1
27;13;2;0;40;-1
49;10;0;1;35;-1
18;6;0;0;20;-1
19;10;0;1;30;-1
63;12;0;0;40;1
54;9;1;1;40;-1
24;10;0;1;40;1
61;6;0;0;50;1
50;9;0;0;48;1
36;13;0;0;40;1
21;10;0;0;50;-1
30;10;0;0;40;-1
33;10;2;1;52;-1
39;9;0;0;38;1
42;9;0;0;50;1
47;9;0;0;40;-1
42;13;0;0;33;-1
29;13;0;0;40;-1
35;13;0;0;55;-1
23;10;0;1;30;-1
28;10;2;0;60;-1
34;9;0;1;40;-1
40;10;1;1;40;-1
67;9;0;1;30;-1
49;9;0;0;40;-1
34;9;0;1;40;-1
60;13;0;0;40;-1
25;9;0;0;40;-1
56;9;0;0;40;-1
28;13;0;0;40;-1
31;13;0;0;40;-1
45;9;0;1;40;-1
39;14;0;1;50;-1
19;9;0;0;40;-1
23;8;0;0;40;-1
23;4;0;0;40;-1
33;15;0;0;60;1
35;13;2;1;50;-1
58;9;0;0;40;-1
61;9;0;0;45;1
38;7;0;0;40;-1
41;13;0;0;50;1
27;5;0;1;50;-1
19;7;0;0;10;-1
22;10;0;0;20;-1
59;12;0;1;40;-1
31;8;0;0;43;-1
18;7;0;0;40;-1
20;10;0;1;35;-1
28;9;0;0;60;-1
28;10;0;1;30;-1
49;13;0;0;40;-1
38;9;0;0;40;1
19;9;0;0;20;-1
41;10;1;1;24;-1
50;14;0;0;65;1
46;13;0;0;40;-1
20;10;0;0;40;-1
45;13;0;0;60;1
28;10;0;1;50;-1
37;10;0;1;40;-1
66;9;0;0;40;-1
35;10;0;1;40;-1
38;13;0;1;50;1
25;7;0;0;45;-1
56;10;0;1;38;-1
47;14;0;0;45;-1
55;13;0;0;40;1
41;12;0;0;40;-1
47;10;0;0;65;1
41;13;0;0;40;-1
21;10;3;1;20;-1
52;9;0;0;40;-1
46;7;0;0;45;1
21;10;0;0;20;-1
35;13;0;0;40;-1
29;9;0;1;40;-1
35;9;0;0;50;-1
46;13;0;0;50;1
70;9;0;0;40;-1
34;10;0;0;60;-1
21;11;0;0;30;-1
29;9;0;0;60;-1
41;14;0;0;60;1
51;9;0;0;40;-1
22;9;0;1;40;-1
47;13;0;0;40;-1
19;9;0;1;40;-1
23;10;1;0;40;-1
49;9;1;0;40;-1
58;13;0;1;40;-1
41;13;0;0;50;1
50;13;0;0;40;1
77;9;0;1;10;-1
27;11;0;0;60;-1
29;9;0;0;60;-1
54;1;2;0;40;-1
39;10;1;1;37;-1
32;10;0;0;50;-1
36;13;2;0;40;-1
24;13;0;1;20;-1
32;9;0;0;65;-1
26;13;0;1;40;-1
49;13;0;1;40;-1
38;11;0;0;42;-1
31;10;0;0;40;1
38;9;0;0;55;-1
50;10;0;0;40;1
18;7;0;0;40;-1
59;14;0;0;40;-1
56;10;0;0;50;1
34;9;0;0;50;-1
32;13;0;0;40;-1
29;13;0;0;35;-1
29;10;1;0;40;-1
42;13;0;0;45;1
37;10;1;1;40;-1
36;9;0;1;40;-1
59;14;0;1;40;1
52;9;0;0;56;1
29;9;2;0;40;-1
39;10;0;0;40;-1
43;9;0;1;35;-1
19;10;0;1;30;-1
60;11;0;0;60;1
75;10;0;1;8;-1
24;10;2;0;40;-1
58;9;0;0;70;-1
21;14;0;0;15;-1
28;9;0;0;40;-1
40;6;0;0;40;-1
45;9;0;0;50;-1
41;10;0;1;40;-1
58;9;0;1;40;-1
26;9;0;0;65;-1
29;12;0;0;45;-1
45;14;0;1;40;-1
23;12;0;0;40;-1
39;9;0;1;40;-1
22;9;0;0;40;-1
67;4;0;0;3;-1
28;9;0;0;40;-1
23;10;0;1;25;-1
33;9;1;0;35;-1
37;11;0;0;43;-1
19;10;0;1;40;-1
90;2;1;1;40;-1
35;7;0;0;40;-1
62;4;0;1;38;-1
20;10;0;1;15;-1
25;9;0;0;40;-1
21;9;0;0;40;-1
32;10;0;0;35;-1
70;9;0;1;12;-1
57;7;0;0;40;-1
31;10;0;0;40;-1
37;13;0;0;60;1
34;9;0;1;36;-1
26;10;0;0;78;-1
44;10;0;0;48;-1
66;4;0;0;40;-1
39;9;0;1;40;-1
31;9;0;0;40;1
53;11;0;0;40;1
36;9;0;1;50;-1
61;5;0;0;40;-1
43;13;0;0;40;1
38;10;0;0;40;-1
26;9;0;0;50;-1
27;9;2;0;8;-1
58;5;0;1;40;-1
37;9;0;1;12;-1
56;4;0;0;26;-1
36;10;0;0;60;1
29;9;1;0;40;-1
28;6;0;0;30;-1
61;16;0;0;40;1
66;5;0;0;25;1
21;12;0;1;40;-1
26;9;0;0;40;-1
21;10;0;0;50;-1
33;9;0;0;40;-1
33;9;0;1;32;-1
82;4;0;0;50;-1
34;16;0;1;50;1
29;13;0;0;50;1
19;10;0;1;40;-1
57;9;0;0;1;-1
27;10;1;0;40;-1
33;9;0;0;45;-1
43;10;1;0;50;1
72;10;0;1;16;-1
68;9;0;0;40;-1
29;9;0;1;40;-1
41;13;0;0;60;-1
30;9;0;0;40;-1
54;3;1;1;30;-1
39;13;0;1;6;1
41;11;0;0;35;1
48;9;0;1;40;-1
66;4;0;0;48;-1
25;13;0;1;50;-1
22;10;1;1;35;-1
31;15;0;0;60;1
43;9;0;1;40;-1
42;10;1;1;40;-1
20;9;3;0;40;-1
40;13;0;0;40;1
65;9;0;1;20;-1
53;13;0;0;52;1
38;9;0;0;40;-1
44;14;0;0;50;1
22;12;0;1;40;-1
41;10;0;0;20;-1
48;11;0;1;25;1
52;4;0;1;7;-1
45;13;2;0;45;1
29;5;0;0;40;-1
41;10;0;0;21;-1
38;10;1;0;60;-1
32;10;0;1;40;1
37;9;0;0;40;-1
55;6;0;0;40;-1
62;9;0;0;40;-1
48;9;0;0;40;-1
43;10;0;0;50;1
25;9;1;0;24;-1
47;9;0;1;40;-1
49;13;0;0;70;-1
55;9;0;0;40;-1
42;9;0;1;40;-1
40;9;0;0;40;-1
34;11;0;0;40;-1
38;9;0;1;10;-1
39;9;0;0;40;1
45;12;0;1;55;-1
43;12;0;0;40;-1
32;9;1;1;40;-1
18;10;0;1;20;-1
27;14;0;0;40;-1
57;12;0;1;40;-1
38;9;0;1;60;-1
67;13;0;0;40;1
26;7;0;1;20;-1
21;9;0;0;40;-1
17;6;0;0;15;-1
31;9;0;0;40;-1
51;12;1;0;30;-1
29;13;0;0;40;1
28;13;0;0;40;1
32;12;0;0;45;1
26;10;0;0;40;1
28;13;0;1;40;-1
40;14;0;1;40;-1
51;4;0;0;19;-1
62;10;1;0;20;-1
54;6;0;0;60;-1
55;9;0;1;16;-1
24;9;0;0;20;-1
27;14;0;0;45;-1
18;9;0;0;30;-1
21;9;0;1;40;-1
44;10;2;0;80;1
50;14;0;0;60;1
38;13;0;0;40;1
39;13;0;0;50;1
27;9;0;0;40;-1
35;7;1;0;40;-1
60;10;0;0;40;-1
38;9;0;0;40;-1
37;10;1;0;35;-1
43;10;0;1;40;-1
49;10;0;1;50;-1
17;6;0;1;25;-1
32;9;0;0;60;-1
23;13;0;1;38;-1
25;13;0;1;40;-1
46;7;0;0;40;-1
29;13;3;1;50;-1
44;14;0;0;45;1
60;15;0;0;45;1
30;11;2;1;40;-1
24;10;0;1;17;-1
17;6;0;1;10;-1
76;7;0;1;16;-1
31;12;0;1;40;-1
52;10;0;0;40;1
39;13;2;1;35;-1
73;13;0;0;50;1
38;9;1;1;24;-1
48;9;1;1;20;-1
60;6;0;1;40;-1
26;9;0;0;40;-1
20;9;0;0;40;-1
54;16;0;1;40;1
50;9;1;0;40;-1
20;10;0;1;40;-1
23;10;1;0;22;-1
35;11;0;0;40;1
43;6;1;0;40;-1
50;9;0;0;32;-1
58;2;1;0;50;-1
55;12;2;0;40;-1
29;13;0;0;45;1
47;10;0;1;40;-1
39;9;1;1;40;-1
63;9;0;1;35;1
27;9;0;0;60;-1
62;7;1;1;40;-1
38;10;0;1;40;-1
25;9;0;0;65;-1
31;9;0;0;52;-1
40;10;0;1;40;-1
42;16;0;0;50;-1
52;9;0;0;40;1
46;13;0;0;40;1
31;10;0;1;50;-1
33;9;0;1;40;-1
58;9;0;1;40;-1
54;13;0;0;40;1
28;9;0;0;40;-1
24;4;0;0;40;-1
39;13;0;1;40;-1
60;10;0;0;40;-1
22;9;0;1;40;-1
27;13;0;1;40;-1
35;13;0;0;45;1
47;13;0;0;50;-1
33;13;0;1;50;1
40;13;0;0;45;1
26;12;3;1;40;-1
54;13;0;0;50;1
39;13;0;0;40;-1
60;4;0;0;40;-1
32;14;0;1;40;-1
19;10;0;1;15;-1
49;9;0;0;60;-1
31;7;0;1;48;-1
29;9;0;1;25;-1
39;9;1;1;40;-1
26;9;0;1;35;-1
27;11;0;0;40;-1
52;5;0;1;40;-1
50;10;1;1;40;-1
51;9;0;0;45;1
51;9;0;0;40;1
40;9;0;0;40;1
61;4;1;0;40;-1
35;9;0;0;40;-1
41;9;1;1;28;-1
31;14;0;0;40;1
20;9;0;0;40;-1
35;10;0;0;40;-1
51;9;0;0;40;1
39;14;2;0;99;1
69;5;0;0;25;-1
21;10;0;0;20;-1
24;13;0;0;55;-1
55;9;1;0;40;-1
42;9;0;0;45;-1
48;7;0;1;40;-1
31;13;0;1;42;-1
52;11;0;0;40;1
30;10;0;1;40;-1
29;9;0;0;40;-1
32;10;0;0;40;-1
56;5;0;0;40;-1
40;10;0;0;40;-1
20;10;0;1;10;-1
36;10;0;0;40;-1
45;13;0;0;40;-1
38;5;0;0;40;-1
60;15;0;0;40;1
70;14;1;0;40;-1
21;10;0;1;30;-1
57;9;0;1;40;-1
33;9;0;0;48;-1
28;7;0;1;40;-1
32;10;0;0;40;-1
18;7;0;0;30;-1
45;10;0;1;20;-1
22;9;0;1;40;-1
38;13;0;1;8;-1
37;11;0;1;40;-1
23;13;0;0;40;-1
59;4;0;0;40;-1
18;9;0;0;25;-1
30;13;0;1;40;-1
50;10;0;0;45;1
63;7;0;0;40;-1
48;5;0;1;40;-1
60;9;0;0;40;-1
46;9;0;1;50;-1
30;9;0;0;30;-1
39;13;0;0;60;1
55;10;0;0;40;1
17;7;0;0;15;-1
46;13;0;0;55;1
50;9;0;1;65;-1
32;13;1;0;30;-1
18;9;0;1;40;-1
34;9;1;0;40;-1
50;13;0;0;45;1
32;7;0;0;55;-1
23;13;1;1;40;-1
26;13;0;0;50;-1
46;12;0;1;50;-1
43;10;0;0;55;-1
32;9;0;0;60;1
37;12;0;1;38;-1
48;10;0;0;45;1
43;9;0;0;40;-1
51;6;0;1;24;-1
30;9;0;0;50;-1
34;14;0;0;50;1
34;9;2;0;40;-1
41;13;0;0;60;1
53;6;0;1;48;-1
42;1;0;0;40;-1
18;9;0;1;30;-1
81;13;0;0;50;1
40;11;0;0;40;-1
26;13;0;1;35;-1
20;10;0;1;15;-1
41;9;0;1;50;-1
49;14;0;0;45;1
22;10;0;1;20;-1
46;13;0;0;45;1
35;9;0;1;40;1
34;13;0;1;35;-1
29;14;0;1;40;1
28;8;0;0;45;-1
35;13;0;0;37;-1
29;10;0;0;40;-1
21;10;0;1;30;-1
52;10;0;0;95;1
45;9;0;0;40;-1
43;9;1;0;40;-1
35;9;0;1;25;-1
21;10;0;0;20;-1
35;6;0;0;40;-1
30;9;0;0;40;-1
45;9;0;1;40;-1
29;10;0;1;20;-1
29;6;1;1;40;-1
33;13;0;1;40;-1
17;6;1;0;15;-1
52;9;0;1;25;-1
24;10;0;1;35;-1
32;9;0;0;40;1
32;9;0;0;40;-1
33;13;0;1;40;-1
30;4;0;0;38;-1
28;9;0;0;40;-1
62;12;0;0;50;-1
32;11;0;1;64;-1
26;9;0;0;40;1
57;10;0;0;40;1
35;13;0;0;50;1
19;9;0;0;16;-1
49;13;0;0;45;1
47;11;0;0;60;1
38;7;0;1;32;-1
30;9;0;0;40;-1
32;7;0;0;40;-1
32;9;0;1;50;1
46;11;0;1;40;-1
22;9;0;0;50;-1
47;10;0;0;50;-1
57;10;0;1;25;1
47;10;1;1;40;-1
41;13;0;0;56;1
36;9;0;0;40;-1
32;13;0;0;60;-1
37;7;0;0;40;-1
36;9;0;0;45;-1
17;6;0;0;15;-1
23;10;0;1;15;-1
37;9;0;0;42;-1
35;10;0;1;40;-1
56;9;0;0;50;-1
52;13;2;0;40;-1
37;13;0;0;45;1
48;16;0;0;65;1
24;9;0;1;40;-1
33;11;0;0;40;-1
39;11;2;0;40;-1
34;9;1;0;42;-1
24;13;0;1;40;-1
23;10;3;0;24;-1
18;9;0;0;25;-1
20;8;0;0;40;-1
54;14;0;0;55;1
19;10;0;0;40;-1
53;9;0;0;46;1
34;8;1;1;40;-1
28;9;0;0;40;-1
35;9;0;0;40;-1
20;10;0;1;20;-1
31;10;0;1;50;-1
37;16;0;1;40;-1
64;8;0;0;40;-1
42;10;0;0;40;1
27;10;0;0;50;-1
36;10;0;1;50;-1
36;10;0;0;40;1
23;9;1;0;40;-1
24;7;1;0;35;-1
22;9;0;1;40;-1
62;13;0;0;40;1
19;9;0;0;40;-1
20;9;0;0;30;-1
57;9;0;1;40;-1
19;9;0;0;35;-1
37;14;0;1;45;1
35;9;0;0;65;1
17;8;0;1;20;-1
36;10;0;1;35;-1
50;10;0;0;40;1
27;16;0;0;77;-1
25;9;1;0;40;-1
47;12;0;1;67;-1
29;14;0;1;45;1
19;9;0;1;40;-1
49;10;0;0;40;-1
31;15;0;0;25;1
43;12;1;1;40;-1
56;7;0;0;40;-1
42;9;0;1;40;-1
45;10;0;0;56;1
40;13;0;1;40;-1
44;10;0;1;38;-1
17;6;0;1;20;-1
36;9;0;1;40;-1
19;10;0;1;20;-1
53;9;0;1;40;1
72;10;0;0;35;-1
46;11;2;0;60;-1
33;10;0;1;37;-1
22;5;2;0;40;-1
17;7;0;1;25;-1
41;9;0;0;45;1
46;5;0;0;43;-1
33;9;0;1;20;-1
32;1;0;0;40;-1
52;9;0;0;40;-1
27;9;0;1;40;-1
48;9;0;0;72;1
22;10;0;1;35;-1
25;9;0;0;50;-1
60;9;0;0;42;-1
38;11;0;0;40;-1
37;9;0;0;50;-1
49;10;0;1;40;-1
40;13;0;0;30;-1
31;10;1;1;40;-1
40;9;0;0;45;-1
25;9;0;1;37;-1
18;9;1;1;20;-1
19;8;0;1;30;-1
35;9;0;0;60;-1
28;9;0;1;50;-1
33;10;0;0;41;-1
20;9;0;0;40;-1
45;13;0;1;35;-1
36;13;0;0;50;1
34;10;0;0;45;-1
32;10;0;1;40;-1
19;10;0;0;25;-1
24;9;0;1;40;-1
34;10;0;0;40;1
32;9;0;1;35;-1
37;9;0;0;45;1
31;10;0;1;40;-1
21;10;0;1;35;-1
47;9;0;0;85;1
23;10;0;0;40;-1
33;14;0;0;40;1
17;9;0;0;20;-1
67;9;0;0;24;-1
57;14;0;0;55;1
17;7;0;0;20;-1
53;9;0;0;40;-1
24;9;0;0;49;1
48;10;0;0;40;-1
38;9;1;0;40;-1
51;9;0;0;46;1
18;9;0;1;10;-1
23;10;0;1;40;-1
42;10;0;0;60;1
34;9;0;1;35;-1
39;9;0;0;40;-1
20;9;0;0;12;-1
39;10;1;1;40;-1
21;10;0;0;40;-1
26;4;0;0;40;-1
54;10;0;0;40;-1
34;10;0;1;40;-1
32;9;0;0;40;-1
59;4;0;0;40;-1
24;7;3;1;24;-1
54;13;0;1;40;-1
54;13;0;0;40;-1
33;9;0;0;60;-1
37;9;0;1;40;-1
47;13;0;1;25;-1
51;9;0;1;40;-1
45;9;0;0;40;-1
19;9;0;1;30;-1
58;16;0;0;24;1
20;12;0;0;40;-1
51;9;0;1;40;-1
45;14;0;1;60;-1
59;9;1;1;40;-1
45;13;0;0;40;1
43;9;0;0;40;-1
20;10;0;1;32;-1
29;13;1;1;42;-1
28;7;1;1;40;-1
18;7;0;1;40;-1
49;13;0;1;50;-1
46;9;0;0;30;-1
58;9;1;0;30;-1
56;13;0;1;45;-1
41;12;1;1;50;-1
30;9;0;0;40;-1
62;9;1;1;40;-1
19;9;0;1;40;-1
29;9;1;1;40;-1
20;10;1;1;40;-1
36;4;0;0;35;-1
36;9;0;0;40;-1
29;9;0;0;40;-1
17;6;0;0;20;-1
18;9;0;1;20;-1
40;13;0;0;40;-1
26;13;0;1;40;-1
42;10;0;0;45;-1
32;9;0;0;40;-1
33;5;0;0;40;-1
28;10;0;1;40;-1
47;9;0;0;40;-1
37;10;1;1;40;-1
73;13;0;0;10;-1
37;9;0;0;30;-1
50;10;0;1;35;1
19;9;0;0;50;-1
32;10;0;0;40;-1
44;11;2;0;40;-1
20;10;0;1;16;-1
29;10;0;1;40;-1
21;10;0;1;40;-1
34;11;0;1;40;-1
44;13;0;0;52;-1
18;7;0;1;20;-1
22;10;0;1;40;-1
39;16;0;1;40;1
26;10;0;0;40;-1
29;13;0;0;25;-1
21;10;0;0;40;-1
49;13;0;0;50;-1
24;12;0;0;20;-1
26;13;0;0;60;-1
25;10;0;0;60;-1
30;12;0;0;40;-1
52;13;0;0;38;1
30;9;0;0;40;-1
20;9;0;0;40;-1
31;9;0;0;40;-1
44;13;0;0;40;1
46;10;0;0;60;1
31;9;0;1;40;-1
57;4;0;1;10;-1
58;9;0;0;40;-1
41;9;0;0;40;-1
23;9;0;1;40;-1
47;9;0;1;40;-1
45;10;0;0;40;-1
23;10;0;0;40;-1
20;9;1;1;40;-1
18;7;0;0;15;-1
27;13;0;1;40;-1
25;9;0;0;35;-1
45;9;1;1;30;-1
53;10;1;1;40;-1
54;10;0;0;45;1
23;5;0;0;35;-1
17;6;0;0;18;-1
42;9;0;0;40;-1
61;8;0;0;40;-1
21;10;0;0;35;-1
44;10;0;0;40;1
48;12;0;0;44;-1
46;15;0;0;48;-1
37;9;0;0;86;-1
35;9;0;1;54;-1
27;13;0;1;40;-1
28;10;3;0;40;-1
19;9;0;0;10;-1
63;13;0;0;50;1
69;9;0;1;40;-1
69;12;0;1;6;-1
36;11;0;1;40;-1
20;8;0;0;35;-1
28;13;0;0;50;-1
58;9;0;1;38;-1
48;9;0;0;40;-1
39;10;0;1;56;-1
50;12;0;1;40;-1
35;13;0;1;40;-1
45;13;0;0;50;-1
38;10;0;0;38;-1
54;12;0;1;55;1
42;13;0;1;12;-1
32;6;1;1;40;-1
55;16;2;0;70;1
63;10;0;0;30;-1
21;5;0;0;48;-1
62;14;0;0;30;1
46;13;0;0;40;1
43;10;1;1;40;-1
35;9;0;0;60;-1
37;5;0;0;40;-1
51;9;0;1;45;-1
45;13;0;0;72;1
61;5;1;0;65;-1
21;9;0;1;40;-1
45;9;0;0;40;-1
38;13;0;0;50;1
28;13;0;1;40;1
40;13;0;0;35;-1
32;9;1;1;40;-1
55;10;1;1;35;-1
64;9;0;1;23;-1
34;9;0;0;40;-1
19;10;0;0;60;-1
58;10;1;1;40;-1
44;11;0;0;40;-1
31;10;1;1;40;-1
31;9;0;1;40;-1
39;10;0;1;45;1
19;8;0;1;18;-1
56;9;0;1;40;-1
53;5;0;0;40;-1
68;14;0;0;18;-1
62;10;0;0;40;1
62;9;0;0;40;-1
39;9;0;1;40;-1
45;12;0;0;40;-1
29;10;1;0;50;-1
33;10;0;0;40;-1
29;9;0;1;40;-1
18;10;0;1;35;-1
22;9;0;0;40;-1
44;13;0;0;40;1
48;10;0;1;20;-1
52;9;0;0;45;-1
25;13;0;1;40;-1
37;9;0;0;40;-1
55;6;1;0;45;-1
67;9;0;1;38;-1
36;10;0;0;45;-1
47;9;0;1;52;-1
36;9;0;1;40;-1
25;13;0;1;16;-1
19;5;0;0;16;-1
24;4;0;0;40;-1
30;10;0;0;25;-1
17;7;0;0;16;-1
28;13;0;0;40;-1
35;10;0;0;46;-1
24;10;1;0;40;-1
43;9;0;1;35;1
20;9;1;0;40;-1
55;14;0;0;40;1
22;10;1;1;35;-1
20;10;0;0;50;-1
44;9;0;1;40;-1
38;12;0;0;40;-1
53;5;1;1;25;-1
23;9;0;0;40;-1
53;2;0;0;50;-1
41;9;0;0;62;-1
31;9;0;0;40;-1
50;9;1;1;40;-1
57;5;1;0;55;1
25;7;0;0;40;-1
23;9;0;0;40;-1
48;13;0;0;50;-1
34;10;0;1;60;-1
37;10;2;0;40;-1
43;13;2;0;45;-1
35;6;0;0;40;-1
33;13;0;1;40;-1
57;10;0;1;40;-1
43;12;2;0;40;-1
54;10;0;0;55;-1
28;10;0;1;40;-1
32;9;0;0;40;-1
49;9;0;0;50;1
52;9;0;0;40;-1
41;6;0;0;60;-1
19;9;0;0;40;-1
33;9;0;1;42;-1
21;10;0;0;40;-1
25;13;0;1;32;-1
44;7;0;1;44;-1
20;10;0;0;40;-1
46;6;2;0;37;-1
39;9;0;0;50;-1
34;9;0;0;40;-1
19;9;0;0;35;-1
53;5;0;0;40;-1
46;11;0;0;40;-1
39;10;2;0;40;-1
30;9;0;0;40;-1
53;14;0;0;45;1
33;5;0;0;40;-1
22;10;0;1;40;-1
44;10;1;1;35;-1
30;10;2;1;40;-1
66;10;0;1;20;-1
39;13;0;0;40;-1
37;9;0;0;50;1
34;9;0;1;40;-1
17;7;0;0;20;-1
43;13;0;0;60;1
46;13;0;0;50;1
17;7;0;0;20;-1
42;12;0;0;40;-1
30;5;3;0;40;-1
33;9;0;0;40;-1
43;10;2;0;40;-1
20;5;0;1;40;-1
30;10;1;0;72;-1
37;9;0;0;45;-1
33;10;0;1;40;-1
49;13;0;0;40;1
65;9;0;1;17;-1
35;15;0;0;55;1
27;13;0;0;40;-1
18;8;0;1;20;-1
41;14;0;0;50;-1
45;9;0;0;40;-1
18;10;0;0;40;-1
33;10;0;1;38;-1
28;9;0;0;40;-1
47;9;2;1;40;-1
30;12;1;1;20;-1
36;12;0;0;40;-1
21;9;0;0;30;-1
44;13;0;0;40;-1
33;9;0;0;20;-1
61;9;1;0;6;-1
29;10;0;0;40;-1
45;10;0;0;40;1
18;9;0;1;60;-1
27;13;0;1;40;-1
21;10;0;0;20;-1
49;10;0;0;45;1
35;10;0;0;50;-1
37;10;0;0;40;-1
37;11;0;0;48;1
26;9;0;0;40;-1
18;9;0;0;40;-1
55;10;0;0;45;-1
59;9;2;1;40;-1
70;9;0;1;5;-1
53;9;0;0;40;1
39;9;0;1;40;-1
38;5;0;0;40;-1
33;10;0;1;50;-1
19;10;0;0;40;-1
28;9;0;0;40;-1
74;6;0;1;1;-1
40;13;0;0;40;1
35;11;0;0;40;-1
35;9;0;0;50;-1
41;10;0;0;40;1
38;10;0;0;50;-1
29;6;0;0;35;1
46;9;0;0;50;-1
46;9;0;1;40;-1
40;13;0;0;60;1
39;12;1;0;60;-1
31;9;0;0;60;-1
31;13;0;1;40;-1
27;10;0;0;45;-1
27;10;1;0;25;-1
28;13;0;1;20;-1
21;9;1;1;30;-1
57;13;0;0;40;-1
56;14;0;1;40;-1
22;9;0;1;40;-1
48;1;0;1;40;-1
36;10;2;0;55;-1
51;8;0;0;40;-1
39;12;0;0;48;-1
43;9;0;0;70;1
38;14;2;0;40;-1
51;9;0;0;40;-1
43;9;0;0;40;-1
35;9;0;1;50;-1
39;6;1;1;12;-1
47;4;0;0;40;-1
23;1;0;1;15;-1
26;7;0;0;40;-1
25;9;1;1;40;-1
29;10;1;0;42;-1
30;9;0;0;45;-1
37;11;0;0;40;1
37;14;0;1;40;1
45;9;0;0;40;-1
21;10;0;1;16;-1
25;10;1;1;40;-1
61;9;2;1;40;-1
28;9;0;0;40;-1
24;10;0;1;40;-1
47;9;0;0;40;1
29;9;0;0;80;-1
49;5;0;1;20;-1
41;13;0;1;35;-1
33;10;1;1;40;-1
20;10;0;0;40;-1
32;10;0;0;16;-1
48;13;1;0;40;1
24;10;0;1;40;-1
50;11;0;0;38;1
31;9;2;0;40;-1
23;11;0;0;55;1
35;9;0;0;40;-1
50;9;0;0;40;-1
39;5;0;0;50;-1
52;4;0;0;48;-1
44;9;0;0;80;-1
43;13;0;0;50;1
39;9;0;0;40;-1
33;4;0;0;40;1
40;10;0;1;40;1
28;15;0;0;40;-1
19;8;2;1;25;-1
35;11;0;0;50;-1
44;13;0;0;60;-1
40;13;0;0;40;-1
20;10;0;1;35;-1
55;9;1;0;48;1
30;4;0;0;35;-1
38;9;0;0;55;1
17;7;0;0;15;-1
20;10;0;0;30;-1
25;12;0;0;30;-1
27;13;0;0;45;-1
19;10;0;1;20;-1
21;10;2;1;40;-1
19;10;0;0;20;-1
42;10;0;0;40;-1
28;6;0;0;36;-1
47;10;0;0;40;1
59;10;0;1;32;-1
50;9;0;0;40;1
48;9;0;0;80;-1
33;9;0;0;40;-1
27;12;0;1;40;-1
24;4;0;0;40;-1
31;9;0;1;40;1
24;3;1;0;40;-1
29;9;0;0;40;-1
24;9;0;0;30;-1
24;13;0;1;30;-1
28;10;1;1;45;-1
63;9;0;0;40;-1
36;10;0;0;50;-1
58;4;0;0;40;-1
51;10;0;1;36;-1
42;10;0;0;50;1
39;10;0;0;40;-1
26;13;2;1;40;-1
39;10;0;0;40;-1
28;13;0;0;45;-1
45;13;0;0;40;-1
45;11;0;0;40;-1
23;13;0;1;40;-1
38;7;0;0;36;-1
39;10;0;0;40;-1
52;11;0;0;50;-1
17;8;0;1;6;-1
31;13;0;0;50;-1
22;9;1;0;24;-1
28;10;0;1;40;-1
30;9;1;1;40;-1
41;9;0;0;50;1
29;14;1;0;42;-1
42;15;0;0;60;1
52;10;0;0;40;-1
35;13;0;1;40;-1
28;12;0;1;40;-1
45;9;1;1;40;-1
21;9;0;0;40;-1
74;6;0;0;20;-1
29;9;0;0;40;-1
39;9;0;1;40;-1
23;13;0;0;40;-1
32;12;1;1;40;-1
61;6;0;1;40;-1
43;9;0;1;30;1
23;1;2;1;40;-1
18;10;0;1;38;-1
38;9;0;0;40;-1
19;10;2;1;35;-1
37;9;0;0;45;-1
25;9;0;0;40;-1
36;9;0;0;43;-1
32;13;0;1;48;-1
65;7;2;1;15;-1
18;7;0;0;40;-1
25;9;0;0;40;-1
29;14;0;0;65;-1
53;10;0;0;40;-1
33;16;0;0;60;1
27;13;0;0;45;-1
24;9;0;0;40;-1
54;4;0;0;50;-1
23;10;0;1;30;-1
45;11;2;1;40;-1
36;10;0;1;35;1
24;9;1;0;40;-1
50;9;0;1;40;-1
58;13;0;1;40;-1
44;9;1;0;48;-1
24;13;2;0;55;-1
34;12;0;0;44;-1
40;12;1;0;40;-1
53;13;0;1;40;-1
24;9;0;1;40;-1
58;13;0;0;70;-1
26;10;0;0;45;-1
22;12;0;0;40;-1
36;9;0;0;40;-1
78;12;0;1;4;-1
36;13;0;0;45;1
43;13;0;1;28;-1
60;4;0;0;40;-1
34;4;1;0;10;-1
46;10;0;0;40;-1
46;13;1;0;40;-1
69;9;0;0;20;-1
32;6;0;0;40;1
40;13;0;0;50;1
56;10;0;0;40;1
47;9;0;0;40;-1
29;9;1;0;40;-1
37;9;0;0;46;-1
33;9;0;1;40;-1
51;15;0;0;80;1
24;11;0;0;40;-1
37;11;0;1;40;-1
40;10;0;0;40;-1
34;14;0;0;40;-1
61;13;0;1;40;-1
56;9;0;0;40;-1
69;7;0;1;20;-1
41;11;0;1;10;-1
40;9;0;0;40;-1
57;10;1;0;40;-1
26;13;0;0;55;-1
53;9;0;0;46;1
90;4;0;1;15;-1
39;13;0;0;55;-1
51;13;0;1;40;-1
56;13;0;0;40;1
51;6;1;1;40;-1
17;8;0;0;20;-1
42;10;0;1;40;-1
33;13;0;0;40;1
47;15;0;0;60;1
43;10;0;0;40;-1
64;15;0;0;9;1
40;9;0;0;60;1
21;3;0;0;40;-1
31;10;0;0;40;-1
60;11;2;1;40;1
32;8;0;0;40;1
27;9;1;0;20;-1
40;9;0;1;40;-1
27;9;0;1;40;1
18;10;0;0;30;-1
43;9;1;1;40;-1
52;9;0;0;48;1
31;9;0;0;85;-1
28;9;0;0;60;-1
44;14;0;1;35;-1
37;10;0;0;84;-1
35;13;0;0;50;1
42;5;1;0;40;-1
18;6;1;0;10;-1
54;9;0;0;40;1
56;10;0;1;45;-1
27;10;0;0;50;-1
26;13;0;1;40;-1
41;10;0;0;40;-1
41;9;0;0;40;-1
32;10;0;1;40;-1
18;9;0;1;30;-1
36;9;0;0;65;-1
37;6;0;0;40;-1
31;3;0;0;25;-1
46;13;0;0;51;-1
24;9;0;0;40;-1
25;13;2;0;35;-1
55;3;0;0;50;-1
64;9;0;0;40;-1
30;13;0;1;40;-1
65;14;0;0;99;-1
46;13;0;0;40;-1
18;10;0;1;25;-1
32;13;0;0;40;-1
34;16;0;0;45;1
24;10;0;0;35;-1
36;6;0;1;34;-1
44;4;3;0;40;-1
23;10;0;1;60;-1
57;9;0;0;55;-1
41;10;0;0;60;1
20;9;1;0;30;-1
32;10;0;0;36;-1
38;13;0;1;20;-1
29;9;0;1;45;-1
22;9;0;0;40;-1
21;10;2;0;30;-1
45;14;0;0;45;-1
76;9;0;1;13;-1
45;13;0;0;40;1
49;14;0;1;70;-1
36;11;1;1;60;1
22;7;0;0;35;-1
47;11;0;1;44;-1
26;9;0;0;55;-1
21;10;0;0;40;-1
27;9;0;1;15;-1
26;13;0;0;40;-1
20;11;0;1;25;-1
31;14;0;0;45;-1
57;14;1;1;40;-1
39;7;0;1;40;-1
66;10;0;0;45;-1
34;10;0;0;40;-1
80;9;0;0;25;-1
21;9;0;1;40;-1
49;12;0;1;30;-1
42;7;1;0;40;-1
59;9;0;0;45;-1
63;10;0;1;40;-1
26;9;0;0;40;-1
41;5;0;1;35;-1
19;9;0;0;20;-1
45;7;0;1;25;-1
47;9;0;1;30;1
47;9;0;1;40;-1
34;11;0;0;40;-1
36;9;0;0;40;-1
53;9;0;0;40;1
39;9;0;0;40;-1
52;11;0;0;40;-1
59;11;2;0;40;-1
50;9;0;0;50;1
31;13;2;0;40;1
52;10;0;1;40;1
41;10;0;0;40;1
45;12;0;0;40;1
54;14;0;1;40;-1
22;9;0;0;25;-1
20;12;0;1;32;-1
43;9;0;1;40;-1
48;13;0;0;40;-1
26;9;0;0;40;-1
53;13;0;0;40;1
32;9;0;0;49;1
46;9;1;0;40;-1
60;13;0;0;12;-1
52;9;0;1;45;-1
44;9;0;1;40;-1
57;9;0;0;40;-1
35;9;1;1;40;-1
30;12;0;1;40;-1
29;10;0;0;35;-1
28;6;0;0;40;-1
30;10;1;1;40;-1
17;6;0;0;12;-1
54;6;0;0;40;-1
31;10;0;0;40;-1
55;13;0;0;40;-1
26;12;0;1;40;-1
37;5;0;0;50;-1
34;9;2;0;48;1
38;13;0;0;40;-1
51;10;0;0;45;-1
41;9;2;0;60;-1
24;10;0;0;40;-1
33;9;2;0;40;-1
31;6;0;0;40;-1
27;10;1;0;50;-1
32;13;0;0;45;-1
35;12;0;0;40;-1
43;10;0;0;45;1
40;9;0;1;36;-1
19;9;0;0;53;-1
23;12;0;0;32;-1
40;9;0;0;40;-1
59;9;0;0;38;1
43;9;0;0;40;-1
43;6;0;0;60;-1
53;9;0;1;40;-1
26;9;0;0;40;-1
41;13;0;0;48;1
32;9;0;0;40;-1
25;13;0;0;40;-1
20;9;0;0;40;-1
22;10;0;0;15;-1
33;6;0;0;40;-1
26;10;0;0;40;-1
29;9;1;1;25;-1
20;9;0;1;23;-1
58;10;0;1;40;-1
32;9;0;0;40;-1
23;12;0;1;25;-1
30;5;0;0;40;-1
67;10;0;0;8;-1
26;12;0;1;32;-1
53;9;0;0;35;-1
27;9;0;0;60;-1
29;10;0;0;65;-1
38;16;0;0;40;1
17;5;1;1;40;-1
48;14;0;0;40;1
52;10;1;1;40;-1
28;12;0;1;40;-1
18;10;0;0;15;-1
28;10;0;0;30;-1
34;10;0;0;40;-1
62;9;0;0;40;1
46;3;0;0;40;-1
30;10;0;1;40;-1
20;10;0;0;40;-1
55;10;1;0;25;-1
20;10;0;0;24;-1
54;6;1;0;40;-1
27;6;0;0;30;-1
43;10;0;0;55;-1
17;6;0;0;40;-1
48;14;0;0;72;-1
34;13;0;0;40;-1
66;5;1;0;40;-1
29;13;0;1;40;-1
43;10;1;0;40;-1
37;11;0;1;40;-1
56;10;0;0;40;1
58;6;0;0;40;1
54;13;1;0;40;-1
45;10;0;0;41;-1
29;9;0;0;40;-1
26;12;0;1;40;-1
43;9;1;0;40;1
33;9;0;0;40;-1
25;10;0;0;30;-1
25;9;0;0;40;-1
69;15;0;0;5;-1
37;12;0;0;40;-1
20;9;0;0;25;-1
17;6;0;1;20;-1
27;9;0;0;40;-1
26;9;1;1;40;-1
55;3;0;0;40;-1
39;7;0;0;60;-1
41;9;0;1;40;-1
34;2;0;0;40;-1
51;11;0;0;50;1
67;16;1;0;12;-1
40;10;0;0;40;-1
23;9;0;1;40;-1
45;14;0;0;50;1
43;10;0;0;40;-1
58;9;0;0;50;-1
33;9;0;0;40;-1
60;11;0;0;40;-1
24;9;2;0;40;-1
45;9;0;1;46;-1
49;9;0;1;40;-1
19;8;0;1;40;-1
34;10;2;1;38;-1
42;13;0;0;40;-1
25;9;0;1;50;-1
73;9;0;0;15;-1
19;7;0;0;30;-1
31;13;0;1;40;-1
58;13;0;0;48;-1
21;9;0;0;13;-1
47;9;0;0;50;1
30;13;0;0;40;1
41;4;2;0;40;-1
59;6;0;1;40;-1
44;13;0;0;50;1
44;10;1;1;40;-1
24;13;1;1;40;-1
28;9;0;0;43;-1
50;9;0;1;10;-1
33;10;0;0;40;1
23;13;0;1;50;-1
30;9;0;0;40;-1
46;6;0;0;40;-1
21;10;0;0;10;-1
52;5;1;1;30;-1
26;13;0;0;50;-1
27;13;0;0;12;-1
28;7;0;1;40;-1
50;13;0;0;60;1
28;9;0;0;35;-1
61;7;0;0;20;-1
32;4;0;1;35;-1
30;10;0;0;40;-1
51;13;0;1;40;-1
28;10;1;0;24;-1
49;12;0;0;45;1
61;4;0;0;30;-1
41;13;0;0;60;1
55;9;0;1;30;-1
36;13;0;1;40;-1
21;10;0;1;40;-1
57;10;0;0;45;1
59;7;0;0;40;-1
41;10;0;0;80;1
59;10;0;0;40;-1
20;9;0;0;25;-1
42;10;1;1;40;-1
41;14;0;1;60;-1
45;13;0;0;50;1
36;9;2;1;40;-1
42;12;0;1;45;1
25;13;0;0;40;-1
39;9;0;0;40;-1
34;9;0;0;40;1
22;10;0;0;40;-1
44;9;0;0;50;1
53;10;0;1;40;-1
27;5;0;0;40;-1
60;9;0;1;25;-1
56;9;0;1;32;-1
35;10;2;0;40;1
19;6;0;0;39;-1
38;9;0;0;40;-1
40;10;0;0;40;1
52;12;0;0;55;1
22;10;0;1;40;-1
32;9;0;1;25;-1
27;13;0;1;40;-1
25;13;0;1;40;-1
36;14;3;0;40;1
22;8;2;0;40;-1
32;9;0;0;45;-1
37;13;1;1;40;-1
22;9;0;0;54;-1
29;9;0;1;40;1
42;1;0;0;25;-1
45;11;0;1;38;-1
33;13;0;1;45;-1
39;10;0;1;40;-1
27;8;0;0;45;-1
53;13;0;1;50;1
30;13;0;1;40;-1
52;10;1;0;35;-1
47;14;0;0;35;1
61;9;1;0;40;-1
39;14;1;0;40;-1
47;10;0;0;50;-1
19;9;0;0;25;-1
31;9;0;0;51;-1
69;11;0;0;8;-1
22;10;0;0;25;-1
29;9;0;0;40;-1
24;10;3;0;14;-1
42;9;0;0;40;-1
30;13;0;0;72;1
28;14;0;1;80;1
27;11;0;0;40;-1
53;9;1;1;40;-1
22;8;0;0;40;-1
25;9;1;0;40;-1
27;13;0;1;35;-1
30;5;0;0;37;-1
27;13;0;1;50;-1
25;13;0;0;40;-1
36;9;0;1;4;-1
32;9;0;1;40;-1
70;6;0;0;45;-1
50;9;0;0;40;-1
40;10;0;1;35;-1
34;7;1;0;55;-1
57;9;0;0;50;-1
39;14;0;1;32;-1
49;10;0;1;40;-1
26;9;0;1;45;-1
31;10;1;1;40;-1
60;10;0;0;50;-1
27;15;0;1;40;-1
31;10;1;1;40;-1
59;9;0;1;50;-1
19;10;0;1;20;-1
18;10;0;1;24;-1
22;10;0;0;45;-1
24;12;0;1;20;-1
53;6;0;0;40;1
43;9;0;0;42;1
24;10;0;0;50;1
60;6;0;1;40;-1
24;9;0;0;40;-1
52;9;1;0;40;-1
32;11;0;0;99;1
34;6;0;1;35;-1
35;12;0;0;40;1
38;5;0;0;40;-1
53;15;0;1;50;1
23;9;0;1;40;-1
40;10;0;0;40;-1
40;9;0;0;40;-1
50;9;0;0;60;1
17;6;0;1;20;-1
32;13;0;0;50;1
43;9;0;1;40;-1
18;7;0;0;16;-1
62;6;0;1;40;-1
45;14;0;0;40;-1
46;16;0;0;70;-1
73;4;0;0;40;-1
64;16;0;0;60;1
26;13;0;1;45;1
23;9;0;0;48;-1
30;9;0;0;40;-1
51;10;0;1;40;-1
35;13;0;1;55;-1
35;14;2;0;40;1
41;9;0;1;40;-1
40;13;0;0;50;1
46;15;2;0;40;1
31;9;0;1;30;-1
41;10;0;1;40;-1
23;9;0;0;40;-1
21;10;0;0;35;-1
49;10;0;0;45;1
53;11;1;0;40;-1
36;12;2;1;40;-1
32;10;0;0;72;-1
20;7;0;0;40;-1
17;7;0;0;10;-1
22;10;2;1;32;-1
25;11;2;0;40;-1
24;10;0;0;20;-1
20;2;0;0;30;-1
60;10;0;0;40;1
20;9;0;0;30;-1
52;10;0;0;45;1
36;9;0;1;40;1
46;13;2;0;40;1
22;7;0;1;25;-1
19;10;0;1;35;-1
37;9;0;0;40;-1
30;11;0;1;40;1
44;12;0;0;25;-1
63;9;0;0;25;-1
22;9;0;0;45;-1
17;7;0;0;40;-1
21;9;0;0;40;-1
67;14;0;0;40;1
46;4;0;0;40;-1
29;9;0;0;50;-1
20;10;0;1;6;-1
27;10;0;0;24;-1
35;10;0;0;40;1
19;10;0;1;30;-1
36;8;0;1;40;-1
62;13;0;0;40;-1
18;7;0;1;15;-1
37;13;0;0;40;-1
27;10;1;0;40;-1
46;14;0;1;43;-1
33;13;0;1;40;1
62;9;0;0;40;-1
28;6;0;0;40;-1
22;10;0;1;35;-1
34;9;0;0;72;-1
67;16;0;0;20;1
62;13;0;0;20;1
30;10;0;0;40;-1
19;9;0;0;20;-1
49;4;0;0;99;-1
27;11;0;0;45;-1
36;10;0;0;50;1
52;13;0;0;40;1
47;8;0;1;55;-1
57;9;0;1;40;-1
64;10;0;1;40;-1
56;9;0;0;40;-1
53;7;0;1;47;-1
53;13;0;0;44;1
31;10;2;0;40;-1
45;9;1;1;40;-1
45;9;0;1;40;-1
23;10;0;1;28;-1
39;14;0;0;72;-1
31;11;0;0;40;-1
35;13;0;0;45;-1
22;10;0;1;40;-1
55;13;0;0;40;1
31;9;0;0;40;-1
58;7;0;0;60;-1
46;9;0;1;40;-1
38;11;0;0;40;-1
17;6;0;0;30;-1
48;9;0;0;60;-1
73;13;0;0;15;-1
25;13;0;0;45;1
53;10;0;0;40;-1
37;13;1;1;40;-1
30;9;0;0;50;-1
29;9;0;0;40;-1
29;10;0;0;40;-1
75;13;0;1;6;-1
58;14;0;0;40;1
42;4;1;1;50;-1
62;5;1;0;24;-1
38;13;0;0;40;1
36;13;0;0;50;1
42;4;0;0;30;-1
42;10;0;0;40;-1
43;10;1;1;38;1
37;11;0;0;40;1
27;13;1;1;40;-1
54;3;0;0;40;-1
29;9;0;1;30;-1
29;9;0;0;38;-1
37;10;0;0;47;-1
55;10;0;0;40;-1
67;9;1;1;20;-1
51;9;0;0;30;-1
35;14;0;1;32;-1
41;4;0;0;40;-1
64;9;0;1;40;-1
23;3;0;0;55;-1
49;13;2;1;35;-1
38;13;0;0;70;-1
62;9;1;1;40;-1
62;4;0;0;10;-1
70;9;0;0;14;-1
45;14;0;0;40;-1
20;12;0;1;40;-1
38;9;0;0;48;-1
50;13;0;0;40;-1
40;10;1;0;55;1
30;9;0;0;70;-1
52;10;0;1;40;-1
28;13;1;0;50;1
62;9;0;0;30;-1
31;9;0;1;40;-1
40;9;0;0;40;1
53;10;0;0;40;1
42;8;0;0;40;-1
26;10;0;0;25;-1
51;9;0;0;40;1
49;14;0;0;50;1
43;9;0;0;40;-1
42;10;0;0;40;-1
31;7;2;1;40;-1
26;9;3;0;40;-1
50;13;2;1;40;-1
35;9;0;0;40;-1
37;10;0;1;40;-1
20;10;0;0;16;-1
31;15;0;0;40;1
28;9;0;0;35;-1
46;9;1;0;40;1
21;10;0;1;8;-1
30;13;0;0;70;1
66;13;0;0;70;-1
37;10;0;0;60;1
74;4;0;1;20;-1
46;10;1;0;70;1
47;13;0;0;50;1
49;13;0;1;40;-1
53;9;1;1;48;-1
24;11;0;0;40;-1
54;9;0;0;50;-1
32;10;0;0;40;-1
45;10;0;0;45;-1
37;10;0;0;65;-1
48;14;0;0;61;1
25;13;0;1;40;-1
44;8;0;1;36;-1
58;10;1;0;30;-1
27;10;0;1;40;-1
69;9;0;0;8;-1
38;13;0;0;52;1
47;8;1;1;40;-1
30;10;0;1;60;-1
27;15;0;1;45;-1
19;10;0;0;35;-1
24;7;0;0;50;1
32;13;0;1;40;-1
38;9;1;0;40;-1
19;1;0;0;36;-1
28;10;0;0;40;-1
39;14;0;1;55;-1
38;10;2;0;60;-1
42;9;0;1;40;1
31;10;0;1;40;1
46;5;0;1;40;-1
53;10;0;1;54;-1
21;12;0;0;15;-1
48;9;0;0;50;-1
30;9;0;0;45;-1
24;9;1;0;40;-1
32;6;0;0;50;-1
30;9;0;1;40;-1
57;16;0;1;50;-1
56;4;0;0;40;-1
27;9;1;1;37;-1
38;13;0;0;40;-1
19;9;0;0;40;-1
61;10;0;0;50;1
49;11;0;1;40;-1
28;9;0;0;38;-1
50;14;0;0;55;1
43;13;0;0;84;1
34;9;1;1;48;-1
28;7;0;0;40;-1
31;10;0;0;40;-1
55;9;1;1;44;-1
26;13;0;1;45;1
51;16;1;1;40;1
35;9;0;0;40;-1
42;12;2;1;31;-1
63;16;0;0;12;-1
31;14;0;0;30;-1
22;9;0;0;20;-1
67;9;0;0;60;-1
50;5;0;0;50;-1
63;9;0;1;24;-1
31;9;0;0;40;1
17;7;0;0;40;-1
41;9;1;0;40;-1
53;4;0;0;38;-1
44;10;1;0;99;-1
24;13;0;0;40;-1
35;11;0;0;35;-1
61;10;0;1;40;1
31;12;2;1;40;-1
56;9;0;0;36;1
66;12;0;1;40;-1
45;10;2;0;40;-1
64;9;0;0;40;-1
38;9;0;1;36;1
43;10;1;0;40;-1
37;9;0;0;49;-1
19;9;0;1;16;-1
59;9;0;0;40;-1
50;10;0;0;40;-1
33;13;0;0;50;1
56;10;0;0;45;1
28;11;0;0;40;-1
27;9;0;1;34;-1
42;14;2;0;40;-1
34;9;0;0;40;-1
19;7;0;0;30;-1
68;9;0;0;40;1
28;14;0;0;38;1
81;10;0;1;4;-1
22;9;0;0;40;-1
58;12;0;1;40;-1
31;10;0;1;25;-1
17;7;0;0;30;-1
23;10;2;1;23;-1
25;8;0;0;40;-1
47;9;0;0;40;-1
39;13;0;1;60;1
44;9;0;0;40;-1
46;11;0;0;40;1
38;10;0;0;35;-1
23;9;0;0;30;-1
34;13;0;1;35;-1
33;9;0;0;40;1
38;9;0;1;20;-1
52;11;0;0;40;-1
50;9;0;1;33;-1
35;13;0;0;40;-1
44;9;0;1;15;-1
38;9;0;0;50;-1
29;9;0;0;40;1
33;12;0;1;40;-1
29;9;0;0;40;-1
18;7;0;1;30;-1
43;15;0;0;40;-1
42;11;2;1;40;-1
42;9;0;0;40;-1
32;9;0;0;30;-1
36;12;0;1;40;-1
41;13;0;0;40;1
30;10;0;1;40;-1
21;9;0;0;35;-1
33;10;1;0;40;1
19;10;0;0;15;-1
19;9;0;0;25;-1
35;9;0;0;40;-1
43;9;1;1;35;-1
45;9;1;0;24;-1
25;13;1;0;50;-1
39;13;0;0;40;-1
26;9;0;0;40;-1
60;14;0;0;10;-1
52;16;0;1;40;1
22;8;0;0;30;-1
23;10;0;1;40;-1
46;9;0;1;40;-1
34;13;0;0;30;-1
39;13;0;0;50;1
38;9;0;1;40;-1
56;14;0;0;25;-1
55;9;0;1;40;-1
23;10;0;0;40;-1
39;13;0;0;40;-1
24;13;1;0;30;-1
51;9;0;0;40;1
47;13;0;0;50;1
25;9;0;0;50;-1
34;15;0;0;55;1
19;10;0;1;28;-1
32;10;0;0;40;-1
49;9;0;0;40;1
40;4;0;1;8;-1
43;9;0;0;55;-1
59;9;0;0;40;-1
32;13;0;1;40;1
25;13;0;0;40;-1
32;9;0;0;40;-1
17;7;1;1;15;-1
57;15;0;0;35;1
17;8;0;0;15;-1
27;13;2;1;40;-1
41;9;0;0;40;-1
62;16;2;0;40;1
19;7;0;1;25;-1
41;3;0;1;40;-1
39;13;0;0;50;1
30;9;0;0;40;-1
37;13;0;0;40;1
18;7;0;1;15;-1
40;13;0;0;45;1
24;9;0;0;40;-1
33;9;0;0;50;-1
48;13;0;0;40;-1
51;13;0;0;40;1
48;9;0;0;40;-1
43;4;0;0;45;-1
34;15;0;0;50;-1
41;11;0;0;30;-1
25;9;0;0;40;-1
20;9;0;0;50;-1
35;10;0;1;70;-1
42;14;0;1;40;-1
26;9;0;0;16;-1
46;9;0;0;50;-1
39;13;0;0;40;1
18;6;0;0;40;-1
29;10;1;0;80;-1
39;10;0;0;40;1
47;9;0;0;40;1
40;10;0;0;50;1
43;9;0;0;40;1
32;9;0;0;40;-1
31;6;0;1;40;-1
19;10;0;0;35;-1
44;12;0;0;40;1
46;13;0;0;40;1
53;14;0;0;50;1
43;13;0;0;40;-1
41;13;0;1;40;-1
35;9;1;0;40;-1
48;13;0;0;45;-1
28;14;0;1;40;-1
44;13;0;1;32;-1
20;10;0;1;40;-1
51;15;0;1;40;-1
28;9;0;0;50;-1
36;13;0;0;60;-1
28;9;0;0;35;-1
21;10;0;0;40;-1
34;13;0;0;30;-1
36;10;0;0;40;-1
25;12;0;1;80;-1
31;9;0;0;43;-1
44;9;0;0;60;-1
49;7;0;0;40;-1
40;9;0;0;40;-1
64;16;2;0;40;1
27;10;2;0;55;-1
18;10;0;1;20;-1
68;5;1;0;44;-1
64;16;0;0;80;1
36;9;2;0;40;-1
21;9;0;0;24;-1
22;10;0;0;30;-1
61;13;0;0;40;-1
24;10;0;0;10;-1
49;13;0;0;50;1
25;10;0;1;30;-1
66;9;1;0;40;-1
29;10;0;0;45;-1
22;9;1;1;40;-1
57;10;2;0;40;-1
29;9;0;0;40;1
20;10;1;1;35;-1
47;15;0;0;45;1
22;9;0;1;55;-1
59;11;0;0;50;1
42;14;2;0;40;1
64;10;0;1;35;-1
29;9;1;0;40;-1
25;10;0;0;20;-1
62;10;0;1;40;-1
21;9;0;1;40;-1
46;6;1;0;40;-1
21;9;0;1;19;-1
18;7;0;0;18;-1
33;14;0;0;45;1
63;2;0;0;40;-1
52;9;0;0;52;1
17;5;1;0;22;-1
31;9;0;0;40;-1
35;10;0;0;40;-1
31;9;0;0;40;1
51;10;0;1;40;-1
48;9;0;0;60;-1
28;9;2;0;40;-1
42;9;0;0;40;-1
38;10;0;1;40;-1
43;13;0;0;40;1
30;9;0;0;40;-1
24;8;0;0;55;-1
46;13;0;0;60;1
50;6;0;0;60;-1
22;9;0;0;35;-1
18;9;1;0;15;-1
53;13;0;0;45;1
40;13;0;0;44;1
36;16;0;0;35;-1
32;13;0;0;43;1
39;9;0;0;12;-1
46;9;0;0;40;-1
26;13;0;0;42;-1
19;10;0;0;15;-1
24;9;0;1;40;-1
28;14;0;0;40;-1
25;14;0;1;40;-1
44;10;0;0;40;1
38;9;0;0;40;-1
42;14;0;0;45;-1
28;9;0;0;40;-1
36;13;0;0;50;-1
47;13;1;0;60;1
21;10;0;1;40;-1
19;9;1;1;25;-1
35;13;0;1;45;-1
26;9;0;0;40;-1
21;10;0;1;30;-1
67;4;0;0;40;-1
54;9;0;0;40;1
26;14;0;0;25;-1
51;13;0;1;50;-1
27;10;0;0;45;-1
27;9;0;0;40;1
39;10;0;1;40;-1
32;13;0;1;48;1
52;9;0;0;40;-1
21;10;1;0;40;-1
27;9;0;0;38;-1
46;4;0;0;45;-1
42;11;0;0;30;-1
79;13;0;0;20;1
50;13;2;1;40;1
19;9;1;1;20;-1
51;14;0;0;60;-1
66;13;0;0;5;1
36;11;0;0;99;-1
26;12;0;1;36;-1
28;10;1;0;50;-1
39;15;0;0;45;1
43;10;0;0;60;-1
20;9;0;1;40;-1
29;10;0;0;40;-1
18;10;2;1;40;-1
60;10;0;0;40;-1
34;9;0;0;40;1
60;9;0;1;40;-1
38;7;0;1;40;-1
29;11;0;0;40;-1
49;13;0;1;40;-1
37;3;0;1;40;-1
43;10;0;0;38;1
37;9;1;1;40;-1
19;5;0;0;60;-1
29;10;0;0;35;-1
40;9;0;0;15;-1
53;4;0;0;40;1
27;13;0;0;55;-1
29;12;0;1;38;-1
25;3;3;0;40;-1
38;9;0;0;55;-1
48;13;0;0;50;1
18;10;0;1;12;-1
37;9;0;1;40;1
48;13;0;1;20;-1
50;10;0;0;32;-1
24;10;0;1;30;-1
34;10;1;0;40;1
19;10;0;0;40;-1
39;9;0;0;40;-1
40;10;0;1;40;-1
30;9;0;1;40;-1
27;9;0;0;40;-1
23;5;0;1;35;-1
46;10;0;0;40;1
24;13;0;1;50;-1
18;8;0;0;20;-1
50;16;0;0;60;1
42;7;0;0;40;-1
42;5;0;0;40;-1
57;10;0;1;16;-1
27;13;2;0;40;1
31;6;0;0;40;-1
34;14;0;1;40;-1
55;9;0;1;40;-1
56;7;0;0;40;-1
35;10;0;0;40;-1
63;14;0;1;3;-1
28;14;0;0;50;-1
38;13;0;0;40;-1
30;9;0;0;60;-1
18;10;0;1;20;-1
35;11;0;0;40;1
53;9;0;1;40;-1
46;15;0;1;40;-1
45;10;0;0;40;-1
35;6;2;0;60;-1
41;9;0;0;40;-1
60;9;0;0;70;1
19;9;0;0;40;-1
28;9;0;0;70;-1
29;9;0;0;32;-1
35;10;0;0;40;-1
27;10;0;1;40;-1
18;9;0;0;35;-1
53;9;0;0;40;-1
26;14;0;0;20;-1
55;10;0;0;40;1
45;10;0;0;40;1
28;9;0;0;40;-1
32;13;0;0;40;1
27;9;0;0;40;-1
35;9;0;1;40;-1
36;9;0;1;37;-1
23;13;0;0;20;-1
22;8;0;0;40;-1
65;13;0;0;40;1
59;9;0;0;41;1
25;9;0;1;40;-1
31;10;0;0;40;-1
50;13;0;0;40;1
49;10;0;0;50;1
43;13;0;1;40;-1
23;10;0;1;40;-1
23;10;1;1;40;-1
63;6;0;0;40;-1
33;9;0;0;40;-1
51;13;0;0;50;-1
31;9;0;0;45;-1
48;10;0;0;40;1
31;10;1;1;36;-1
47;11;0;0;40;1
54;10;0;0;40;1
23;10;0;0;40;-1
34;9;0;0;40;1
46;7;1;1;35;1
34;12;0;0;50;1
31;9;0;0;50;-1
41;9;0;0;40;-1
41;9;0;1;40;-1
27;11;0;0;30;-1
30;7;1;1;40;-1
23;10;0;0;40;-1
24;12;0;1;20;-1
59;12;0;0;40;-1
35;9;2;0;40;-1
59;9;0;0;45;-1
47;11;0;0;40;1
51;9;0;1;44;-1
42;13;0;1;45;-1
29;10;0;1;40;-1
23;9;0;0;45;-1
43;9;0;0;60;-1
46;10;0;0;40;-1
30;10;0;1;40;-1
23;10;0;1;20;-1
29;14;0;1;35;-1
33;9;0;1;45;-1
46;10;0;1;45;-1
35;10;1;1;40;-1
25;9;0;1;37;-1
35;13;0;0;40;-1
30;4;0;0;42;-1
39;10;2;0;84;1
37;10;0;0;55;-1
22;9;0;0;42;-1
25;9;0;0;60;-1
50;9;1;1;40;-1
33;11;0;0;45;-1
59;3;0;0;40;-1
24;9;0;1;40;-1
41;13;0;0;55;-1
38;5;0;1;12;-1
60;13;0;0;60;-1
19;9;0;0;30;-1
23;10;0;0;40;-1
17;6;0;0;40;-1
24;13;0;0;40;-1
32;9;0;0;50;1
27;13;0;0;45;1
43;11;0;1;55;-1
21;10;0;0;40;-1
54;11;0;1;40;-1
22;9;0;0;45;-1
29;9;0;0;50;-1
22;8;2;0;50;-1
37;13;0;0;50;1
38;16;0;0;50;1
34;10;0;0;40;-1
45;10;0;0;84;1
28;2;0;1;40;-1
68;16;0;1;40;-1
36;9;2;0;40;-1
20;5;0;0;30;-1
24;10;0;1;45;-1
38;10;0;1;40;-1
32;13;0;1;40;-1
28;13;0;1;50;-1
32;15;0;0;40;1
58;9;0;0;40;-1
38;10;0;1;50;-1
43;9;0;1;40;-1
28;8;0;0;40;-1
21;10;0;0;40;-1
23;13;2;1;20;-1
24;9;0;1;36;-1
41;10;1;0;40;-1
27;13;0;0;40;-1
54;4;0;0;30;-1
28;9;0;1;25;-1
36;9;0;0;30;-1
60;10;0;0;40;-1
34;14;0;0;38;-1
32;9;1;1;40;-1
27;10;0;1;42;1
60;6;0;0;40;-1
39;11;0;0;40;-1
59;8;1;0;35;-1
34;16;0;0;32;1
36;11;0;0;40;-1
54;10;0;0;40;1
48;11;0;0;40;1
19;4;0;0;33;-1
40;15;0;0;40;1
25;9;0;0;45;-1
39;12;0;0;40;-1
34;10;0;0;40;-1
30;9;0;1;30;-1
43;9;1;1;24;-1
35;13;2;0;40;1
59;9;0;0;65;1
33;9;0;0;40;-1
22;10;0;0;50;-1
48;9;0;0;45;-1
54;9;0;1;40;-1
49;10;0;1;38;-1
37;13;0;1;40;-1
45;9;1;0;40;-1
51;10;0;1;40;-1
46;10;0;0;40;-1
31;13;0;1;40;1
29;6;0;1;38;-1
39;10;1;1;50;1
26;13;0;1;40;1
31;14;2;0;6;-1
39;9;0;0;40;1
26;7;0;0;30;-1
25;13;0;0;35;-1
49;9;0;1;40;-1
53;13;0;1;45;-1
52;1;0;0;40;-1
52;9;0;0;55;-1
74;13;3;1;35;-1
50;9;1;0;40;-1
76;4;0;0;30;-1
19;9;0;1;15;-1
25;9;0;0;40;-1
45;9;0;1;40;-1
34;12;0;1;35;-1
20;10;0;1;16;-1
66;14;0;0;6;-1
63;13;1;1;45;-1
27;10;0;0;40;-1
43;9;0;0;60;-1
23;9;0;1;40;-1
37;10;1;1;40;-1
31;13;0;0;40;-1
33;10;0;0;4;-1
28;12;0;0;20;-1
35;10;0;1;40;-1
41;12;0;0;75;1
17;7;0;1;12;-1
41;13;1;1;40;1
44;11;0;0;45;-1
47;4;0;0;40;-1
24;9;1;0;40;-1
38;11;0;1;40;-1
34;10;1;0;52;-1
62;9;1;1;35;-1
27;9;0;0;38;-1
59;10;0;1;40;1
35;14;0;0;40;-1
38;9;1;1;32;-1
28;10;0;1;50;-1
28;9;0;1;38;-1
59;5;0;0;40;-1
42;10;0;1;40;-1
54;14;0;1;32;1
39;9;0;0;45;-1
41;13;0;0;40;-1
43;13;0;1;40;-1
32;13;2;0;50;1
58;9;0;1;40;-1
43;9;0;0;40;-1
31;9;0;1;40;-1
51;14;0;1;70;1
54;13;1;1;36;-1
20;10;0;0;70;-1
35;10;0;0;40;1
22;9;0;1;36;-1
42;9;0;0;40;-1
44;14;0;0;40;1
28;9;0;0;70;1
74;10;0;0;35;1
34;9;1;1;40;-1
50;9;0;0;52;-1
50;11;0;1;40;-1
43;9;0;0;40;-1
29;9;0;0;40;-1
30;9;1;1;25;-1
61;9;0;0;50;1
21;10;2;1;40;-1
27;13;0;0;30;-1
47;16;0;0;40;1
33;9;0;0;40;-1
22;9;1;1;37;-1
38;10;1;1;40;-1
45;10;0;0;40;-1
42;9;0;0;45;1
35;10;0;0;45;-1
21;9;0;1;40;-1
49;11;1;1;44;-1
50;13;3;1;40;-1
36;16;0;1;36;1
20;9;0;0;20;-1
49;9;1;1;40;-1
40;13;0;0;60;1
22;10;0;1;40;-1
60;9;0;1;40;-1
67;7;0;1;20;-1
21;10;3;1;40;-1
60;9;2;0;50;-1
17;7;0;1;12;-1
49;13;0;0;45;1
38;10;0;0;40;-1
38;9;0;0;40;-1
35;12;0;0;99;1
40;10;0;0;40;-1
23;10;0;1;40;-1
40;9;0;0;60;1
46;9;0;1;40;-1
25;10;0;1;22;-1
24;12;0;0;48;-1
62;9;0;0;48;-1
54;1;2;0;40;-1
23;13;0;1;40;-1
60;9;0;1;40;-1
18;9;0;1;8;-1
41;10;1;1;40;-1
45;14;0;1;40;-1
62;11;1;1;40;-1
28;13;1;1;40;-1
36;10;0;0;60;1
31;9;0;0;40;-1
44;9;1;0;40;-1
33;9;0;0;50;-1
62;15;0;0;16;-1
27;4;0;1;40;-1
42;11;1;1;40;1
55;5;1;0;37;-1
41;9;0;1;50;-1
45;10;0;1;40;1
67;9;0;0;65;-1
25;11;0;0;45;-1
22;13;0;0;40;-1
19;10;0;0;20;-1
26;13;0;1;45;-1
61;9;0;0;50;-1
43;9;0;1;40;-1
53;9;0;1;20;-1
53;10;0;0;45;-1
42;8;0;0;10;-1
36;9;0;1;40;1
55;13;0;0;99;-1
17;7;0;1;16;-1
55;15;0;1;35;-1
36;9;0;0;40;-1
40;14;0;1;40;1
54;6;1;1;10;-1
45;13;0;0;45;-1
48;10;0;0;40;1
40;15;0;0;60;1
31;13;0;0;50;-1
26;13;2;0;40;-1
19;9;3;1;25;-1
31;12;0;0;40;-1
34;9;0;1;30;-1
55;14;0;0;55;1
38;10;0;0;40;-1
21;9;0;0;20;-1
27;4;0;0;40;-1
35;9;1;0;40;-1
20;10;3;1;20;-1
24;11;0;1;38;-1
27;14;0;0;40;-1
18;7;0;0;4;-1
28;10;0;1;40;-1
36;9;0;1;40;-1
19;10;0;1;15;-1
59;6;0;1;36;-1
33;9;0;0;46;-1
28;4;0;0;40;-1
41;10;0;1;55;-1
30;7;0;0;45;-1
59;9;0;0;40;-1
42;13;0;0;60;-1
29;6;0;1;40;-1
60;10;0;0;50;1
41;4;0;0;60;-1
32;10;0;1;30;-1
73;9;0;1;22;1
20;9;0;1;30;-1
49;14;0;0;40;1
36;13;0;0;40;-1
33;10;0;1;45;-1
25;10;2;1;34;-1
34;9;1;0;10;-1
19;10;2;1;40;-1
40;12;0;0;40;-1
48;9;0;0;44;-1
51;10;0;0;50;-1
22;12;1;0;20;-1
34;10;1;0;50;-1
22;6;0;1;40;-1
56;9;0;0;40;-1
36;13;0;1;40;-1
18;10;0;1;20;-1
26;9;0;0;50;-1
48;9;0;0;50;-1
35;9;0;0;40;-1
29;9;0;0;40;-1
47;9;0;0;40;1
21;11;0;1;12;-1
28;10;0;1;50;-1
53;10;0;0;40;1
65;9;0;1;40;-1
26;10;0;1;40;-1
26;9;0;0;50;-1
70;9;0;0;20;-1
55;10;0;0;40;-1
27;13;0;0;35;-1
31;10;0;0;40;1
24;7;0;0;40;-1
22;4;0;1;40;-1
26;9;1;1;40;-1
23;6;0;1;40;-1
41;9;0;0;60;-1
52;14;0;0;40;-1
41;9;0;1;40;-1
59;6;0;0;40;-1
65;13;0;0;40;1
24;13;2;0;40;-1
31;10;0;0;45;-1
84;9;0;1;16;-1
51;10;0;0;40;-1
24;13;0;0;50;-1
30;9;0;0;45;-1
22;6;0;0;40;-1
30;14;0;0;40;-1
47;10;0;1;40;-1
19;9;0;1;35;-1
43;10;0;1;36;-1
30;13;0;1;50;-1
46;14;0;1;45;-1
49;13;0;0;60;-1
37;3;0;1;40;-1
42;14;0;0;40;-1
46;12;0;1;40;-1
23;10;0;1;20;-1
26;13;0;0;58;1
64;14;0;1;8;-1
20;9;0;1;40;-1
31;9;0;0;40;-1
44;10;0;0;40;-1
23;13;0;0;40;-1
31;14;0;0;90;1
35;7;0;0;36;-1
30;10;0;0;35;-1
35;9;0;0;20;-1
40;9;0;1;38;-1
18;7;0;1;20;-1
23;6;2;0;30;-1
63;9;1;0;40;-1
20;9;0;0;40;-1
50;14;0;0;60;1
49;14;0;0;45;-1
53;6;0;0;40;-1
34;9;0;1;40;-1
54;9;0;0;56;1
40;10;0;0;40;1
22;13;0;1;40;-1
28;6;0;0;35;-1
24;9;0;0;40;-1
37;2;0;1;48;-1
62;9;0;1;16;-1
19;10;0;0;40;-1
51;11;2;1;40;-1
31;9;0;1;8;-1
42;10;0;0;90;1
42;9;1;1;35;-1
54;12;0;0;40;-1
23;13;0;1;60;-1
28;9;0;1;46;-1
42;7;0;0;40;-1
30;9;1;0;40;-1
33;9;0;0;40;-1
33;9;0;1;40;-1
27;7;0;0;40;-1
20;7;1;0;40;-1
62;3;2;0;40;-1
17;6;0;0;30;-1
58;10;1;1;55;1
34;13;0;0;42;1
20;9;0;0;35;-1
64;10;0;1;40;1
27;10;0;0;55;-1
41;9;0;1;40;1
40;4;0;0;40;-1
53;14;0;0;38;1
44;16;0;0;45;-1
37;3;0;1;40;-1
46;13;0;0;60;1
17;5;0;0;20;-1
35;9;0;0;40;-1
36;12;0;1;40;-1
49;9;0;0;40;1
48;15;0;1;25;-1
26;13;0;0;40;-1
26;12;0;1;8;-1
35;9;0;0;40;-1
29;5;0;0;40;-1
36;10;1;0;40;-1
25;13;0;0;40;-1
18;6;0;0;25;-1
21;10;1;1;20;-1
22;9;1;0;40;-1
52;9;0;0;45;1
36;10;0;1;40;-1
42;10;0;0;50;1
37;11;0;0;54;-1
39;12;0;0;40;-1
32;13;0;0;40;-1
53;9;0;0;40;-1
30;7;0;0;40;-1
51;10;0;1;40;1
62;11;1;1;40;-1
38;3;0;0;40;-1
23;13;0;0;40;-1
37;10;0;0;40;-1
27;12;0;1;40;-1
41;10;0;0;40;-1
47;13;0;0;40;1
25;10;1;1;40;1
35;12;0;1;50;-1
30;9;0;0;40;-1
36;11;0;1;50;1
42;13;0;0;60;-1
51;9;1;0;40;-1
34;9;0;0;40;-1
44;9;0;0;60;-1
27;13;0;0;41;-1
39;9;1;0;40;-1
31;13;1;1;50;-1
23;7;0;0;35;-1
66;13;0;0;99;-1
26;9;0;0;40;-1
52;9;0;0;40;1
53;7;0;1;30;-1
48;13;2;0;40;-1
37;12;0;0;50;-1
17;7;0;1;5;-1
50;11;0;0;40;1
28;9;0;1;40;-1
39;10;1;0;40;-1
28;13;1;1;40;-1
38;12;0;0;40;-1
28;13;0;0;40;-1
40;5;0;0;45;-1
20;10;0;0;40;-1
32;13;0;0;40;1
23;13;0;0;40;-1
41;9;2;0;40;-1
36;9;0;0;50;-1
34;6;0;0;40;-1
34;9;0;0;44;-1
36;15;0;0;80;1
67;9;0;0;40;-1
45;16;0;0;45;1
22;6;0;1;35;-1
25;13;0;0;43;-1
61;10;0;1;40;-1
31;10;1;1;40;-1
47;9;0;0;38;-1
31;2;0;0;45;-1
17;5;3;1;32;-1
38;10;0;0;50;1
23;9;1;0;40;-1
42;10;2;1;40;-1
78;3;2;0;36;-1
54;11;0;0;40;1
26;13;2;1;50;-1
30;9;0;0;35;1
46;13;0;0;40;1
26;13;1;1;45;-1
30;9;0;1;35;-1
25;10;0;0;40;-1
32;13;0;0;40;-1
25;9;0;0;38;-1
51;7;0;0;40;-1
24;13;0;0;40;-1
22;10;0;1;40;-1
28;9;0;1;40;-1
29;7;1;1;20;-1
26;13;0;0;40;-1
41;13;0;0;40;1
19;10;0;1;35;-1
39;9;2;0;26;-1
51;15;0;0;50;1
29;9;1;1;20;-1
27;3;0;0;40;-1
33;13;1;0;40;1
19;9;0;1;8;-1
67;9;1;0;20;-1
41;13;0;0;45;1
29;14;0;0;40;1
28;9;1;0;40;-1
25;10;0;0;40;-1
21;9;0;0;36;-1
48;7;0;1;31;-1
46;15;0;0;60;1
35;10;0;0;50;-1
35;13;0;0;40;1
50;6;0;0;40;-1
22;9;0;1;40;-1
45;10;0;0;40;-1
62;13;0;1;40;-1
33;9;0;0;40;-1
22;10;0;1;30;-1
50;9;0;0;48;1
25;7;0;1;40;-1
44;10;0;1;40;-1
26;9;0;0;40;1
31;14;0;1;50;1
56;9;0;1;15;-1
49;4;0;0;40;-1
49;8;0;0;40;1
46;9;0;1;43;-1
33;10;1;0;40;-1
25;13;0;1;30;-1
40;12;0;1;40;1
72;4;0;0;30;-1
32;14;0;0;10;-1
44;13;0;0;55;-1
48;9;0;1;30;-1
17;6;0;1;12;-1
22;9;1;0;40;-1
17;7;0;0;17;-1
49;15;0;0;60;1
26;9;0;0;50;-1
19;10;0;0;10;-1
17;8;0;1;16;-1
38;9;0;0;40;-1
34;11;2;0;40;-1
48;9;0;0;42;1
63;14;0;0;50;1
19;9;0;1;40;-1
51;9;0;1;43;-1
54;10;0;0;40;1
42;4;3;0;40;-1
20;10;0;0;40;-1
37;13;0;0;50;1
51;10;0;0;40;-1
23;11;0;1;40;-1
27;13;1;1;40;-1
19;10;0;0;16;-1
37;11;0;0;42;1
29;9;0;0;45;-1
22;13;0;0;20;-1
60;11;1;1;37;-1
35;7;0;0;20;-1
45;11;0;1;40;-1
30;9;2;0;40;1
43;10;0;0;70;1
32;14;0;1;38;-1
35;9;0;0;42;-1
32;11;1;1;40;-1
61;11;2;0;40;1
20;6;0;1;30;-1
42;13;0;0;60;1
21;10;0;1;35;-1
21;10;0;1;20;-1
26;13;0;1;40;-1
36;9;0;0;60;1
24;13;0;0;40;-1
47;13;0;0;57;1
51;12;0;0;30;-1
65;9;1;1;40;-1
61;13;0;1;12;-1
67;10;0;1;25;-1
49;9;0;0;25;-1
61;4;0;1;40;-1
36;9;1;0;35;-1
19;10;2;0;40;-1
29;10;0;0;35;-1
21;10;0;0;40;-1
22;9;0;1;40;-1
33;13;0;0;65;1
36;13;2;1;50;-1
37;13;0;0;46;-1
35;12;0;1;40;-1
17;6;0;0;30;-1
37;9;0;0;60;1
22;9;0;1;45;-1
28;10;0;0;40;1
42;10;0;1;40;-1
26;10;0;1;65;-1
45;7;1;0;50;-1
32;13;0;0;44;1
63;10;0;1;43;-1
22;10;2;1;20;-1
36;10;0;0;55;1
45;9;0;1;40;-1
34;15;0;0;55;1
27;13;0;0;60;-1
20;10;0;1;20;-1
47;9;0;0;56;1
46;4;0;0;52;-1
28;10;0;1;40;-1
45;9;0;0;40;-1
26;13;2;1;40;-1
32;6;0;0;45;-1
30;8;0;1;40;-1
59;6;0;0;40;-1
58;16;0;1;43;1
45;10;0;0;30;-1
76;10;0;0;40;-1
38;9;0;1;40;-1
32;14;1;0;40;-1
38;9;0;0;50;-1
30;12;1;1;36;-1
53;11;0;0;40;1
41;13;0;0;40;-1
27;13;0;0;50;-1
44;12;0;0;30;-1
35;14;2;0;50;1
36;2;3;1;40;-1
51;10;0;1;10;1
42;9;0;0;40;-1
45;9;0;0;40;-1
36;4;0;0;40;-1
57;9;1;0;40;1
27;9;0;1;45;-1
29;13;0;0;55;-1
38;13;2;0;30;-1
29;9;0;0;50;-1
18;10;0;0;30;-1
19;8;1;0;30;-1
25;12;0;0;55;-1
34;14;0;0;35;-1
37;10;0;0;38;-1
37;9;0;0;45;-1
18;9;0;0;25;-1
24;11;0;0;40;-1
17;8;0;1;30;-1
35;13;0;1;40;-1
31;11;1;1;32;-1
29;12;0;0;60;-1
49;9;0;0;40;-1
71;13;0;0;10;1
35;9;0;0;40;-1
55;9;0;0;50;-1
37;3;0;0;40;-1
33;10;1;1;18;-1
49;13;0;0;45;1
32;9;0;0;45;-1
63;7;1;0;40;-1
39;14;0;0;40;-1
42;9;0;0;40;-1
30;14;0;1;50;1
30;11;0;0;40;-1
48;9;0;0;40;1
57;13;0;0;10;-1
56;6;1;1;45;-1
28;10;0;0;40;-1
43;13;0;0;24;1
46;9;0;0;60;-1
50;14;0;1;65;-1
37;15;0;0;50;1
41;9;1;1;40;-1
38;10;0;1;38;1
23;10;0;1;40;-1
59;10;0;0;50;1
47;10;0;1;33;-1
29;11;0;0;40;-1
35;13;0;0;60;-1
24;10;0;0;15;-1
22;9;0;1;40;-1
24;9;0;0;40;-1
55;13;0;1;72;-1
40;14;0;1;20;-1
61;9;2;1;40;-1
58;13;0;0;72;-1
39;9;0;0;40;-1
45;10;0;1;50;-1
25;9;0;0;45;-1
69;16;0;0;50;1
36;13;0;0;60;-1
45;13;0;0;45;1
27;8;1;0;45;-1
28;10;1;0;40;-1
27;10;0;1;60;-1
41;9;0;1;40;-1
18;9;1;1;30;-1
44;13;0;0;40;1
47;11;0;1;45;1
36;9;0;0;40;-1
66;1;0;1;40;-1
33;9;0;1;45;-1
39;9;0;0;40;1
30;9;1;0;40;-1
34;9;0;0;40;1
62;14;0;1;32;-1
21;10;0;1;45;-1
43;9;0;0;40;1
19;10;0;1;40;-1
26;11;0;0;50;-1
45;14;0;0;40;1
46;14;0;0;50;1
17;6;0;0;15;-1
56;4;0;0;40;1
47;14;2;1;42;-1
23;9;0;0;45;-1
51;9;0;1;20;-1
19;10;0;1;25;-1
33;9;0;0;40;-1
32;9;0;1;80;-1
52;9;0;0;40;-1
36;10;1;1;40;-1
34;9;0;0;40;-1
26;9;0;1;40;-1
26;8;3;0;98;-1
35;10;0;0;40;-1
58;13;0;0;40;1
32;7;0;0;50;-1
23;10;0;1;40;-1
28;10;1;0;40;-1
20;6;0;0;35;-1
17;6;0;0;20;-1
26;9;0;1;40;-1
45;10;0;0;35;-1
54;2;0;0;35;-1
51;9;0;1;40;-1
58;10;0;0;60;-1
21;11;0;1;40;-1
44;10;0;1;40;-1
26;13;0;1;50;-1
39;13;0;0;40;-1
19;9;0;0;40;-1
37;10;0;0;40;-1
49;9;0;0;32;-1
45;9;1;1;40;-1
60;9;1;1;40;-1
28;13;1;0;40;-1
23;10;2;0;30;-1
44;13;0;1;45;-1
19;10;0;0;12;-1
37;9;0;0;40;1
41;9;0;0;38;-1
44;12;0;0;54;1
30;13;2;0;36;1
23;13;0;1;40;-1
57;14;0;0;20;-1
32;10;0;0;99;-1
76;14;0;1;15;-1
57;9;1;1;30;-1
58;10;0;1;40;-1
50;6;1;0;40;-1
38;9;0;1;25;-1
59;4;0;0;20;-1
23;9;0;0;40;-1
23;13;0;1;40;-1
23;12;0;0;20;-1
44;13;0;0;40;1
30;9;0;0;40;-1
28;9;0;0;40;-1
46;10;0;1;40;-1
34;1;1;1;25;-1
26;10;1;1;37;-1
39;9;0;0;40;-1
28;10;1;0;40;-1
33;14;2;0;19;-1
30;13;2;1;40;-1
59;14;0;0;50;1
26;9;0;0;45;-1
28;10;1;0;24;-1
48;10;0;0;40;-1
20;10;0;1;30;-1
49;9;0;0;40;1
37;13;0;0;40;-1
18;8;0;1;8;-1
61;9;0;0;40;1
26;9;0;0;48;-1
66;13;0;0;12;-1
27;9;0;1;40;-1
66;10;0;0;7;-1
28;6;0;1;15;-1
26;13;0;1;40;-1
25;9;1;1;40;-1
46;10;0;0;48;-1
62;13;0;0;40;-1
26;9;0;0;60;-1
40;9;0;1;40;-1
31;10;0;0;45;-1
52;9;0;0;40;-1
61;9;1;0;12;-1
39;7;0;0;40;-1
47;13;0;0;48;-1
33;13;3;0;40;-1
17;7;0;0;25;-1
26;9;0;0;45;-1
25;9;0;0;40;-1
39;9;0;0;16;-1
46;10;1;0;40;-1
27;10;0;1;20;-1
29;7;0;1;5;-1
40;13;0;0;40;-1
24;13;1;0;40;-1
56;9;0;0;40;1
25;12;0;0;30;-1
36;10;0;0;50;-1
26;9;0;0;45;-1
37;9;0;0;44;1
36;9;0;0;40;-1
23;7;0;0;50;-1
25;13;0;0;60;-1
36;9;1;1;40;-1
37;10;0;0;70;-1
35;11;1;0;40;-1
33;7;1;0;40;-1
31;10;0;0;46;-1
49;10;0;0;22;-1
34;13;0;0;50;-1
40;9;2;0;60;-1
27;10;0;1;40;-1
50;16;0;0;23;-1
38;8;1;1;50;-1
55;13;1;0;40;-1
49;4;0;0;70;-1
40;13;3;0;40;-1
42;11;0;1;30;-1
51;13;0;0;50;1
27;13;2;1;50;-1
30;9;0;0;40;1
70;16;0;0;20;1
40;6;1;1;40;-1
43;13;0;0;35;-1
24;9;0;1;40;-1
22;4;0;0;40;-1
38;13;0;0;60;1
52;9;0;0;40;-1
32;11;0;0;50;1
33;11;0;1;40;-1
21;9;0;0;40;-1
27;10;0;0;50;-1
31;9;0;0;50;-1
29;14;2;1;40;1
61;13;0;0;7;1
46;13;0;0;50;1
37;7;0;0;40;-1
56;13;0;0;40;1
37;10;0;0;40;-1
26;9;0;0;40;-1
31;10;1;1;35;-1
36;9;2;1;40;-1
52;6;0;0;45;-1
40;10;0;0;60;-1
21;9;0;1;60;-1
63;6;1;0;40;-1
30;9;0;1;40;-1
30;13;0;0;20;-1
50;13;0;0;60;-1
41;14;0;0;45;-1
39;13;0;0;60;1
23;9;0;1;48;-1
17;7;1;1;20;-1
26;10;0;1;42;-1
23;10;0;0;50;-1
21;10;2;1;12;-1
39;9;0;0;55;-1
37;11;1;0;40;-1
38;10;1;1;20;-1
20;10;0;0;35;-1
35;9;0;0;40;-1
32;7;0;1;15;-1
42;13;0;0;60;1
32;6;0;0;40;-1
27;10;1;1;30;-1
53;13;0;0;45;1
28;3;0;0;25;-1
26;9;0;0;40;-1
47;15;0;0;45;1
23;10;1;1;40;-1
70;10;0;0;30;-1
41;13;2;0;40;-1
43;14;0;0;45;-1
65;9;0;1;25;-1
64;9;0;0;45;1
40;10;0;0;45;-1
43;13;0;0;35;-1
50;9;0;0;48;-1
19;10;0;1;30;-1
32;7;0;0;40;-1
41;9;0;0;40;1
30;10;0;1;40;-1
20;10;0;0;30;-1
45;9;0;0;40;-1
24;12;0;0;40;-1
43;13;0;1;50;-1
28;9;1;0;40;-1
35;9;0;1;40;-1
36;9;1;0;50;-1
38;9;0;1;40;-1
32;13;0;1;35;-1
50;9;0;0;40;-1
34;9;0;0;55;1
35;9;0;0;40;-1
30;14;0;1;40;-1
61;3;0;0;40;-1
27;13;0;0;38;-1
61;9;1;1;40;-1
18;3;0;0;40;-1
31;9;0;0;40;1
31;13;0;0;60;-1
20;9;1;1;40;-1
35;8;0;0;40;-1
51;9;1;0;40;-1
18;7;0;0;20;-1
59;9;0;1;40;-1
21;9;0;1;40;-1
22;6;0;1;40;-1
60;10;0;1;40;-1
49;9;0;0;40;1
21;9;0;1;40;-1
61;9;0;0;40;-1
64;3;0;0;40;-1
63;9;0;0;40;-1
27;13;0;1;40;-1
23;13;1;1;30;-1
41;9;0;1;45;-1
18;8;1;0;25;-1
55;13;0;0;40;1
24;13;0;1;40;-1
30;15;0;1;45;1
29;14;2;0;60;-1
52;13;0;0;40;1
57;10;0;0;40;1
38;13;0;1;45;-1
43;14;0;1;50;1
61;10;0;1;40;-1
51;9;1;0;40;1
40;13;0;0;40;-1
41;10;0;0;40;1
19;10;0;1;20;-1
28;4;0;0;40;-1
59;10;0;0;40;-1
32;13;0;1;40;-1
31;9;0;0;40;1
30;12;0;0;48;-1
54;10;0;0;40;-1
20;10;0;1;10;-1
27;10;0;1;40;-1
32;9;0;0;48;-1
35;9;1;1;40;-1
27;7;0;0;45;-1
40;13;0;0;46;1
34;11;0;0;40;-1
34;12;0;0;40;1
38;10;0;1;25;-1
28;9;3;0;40;-1
65;10;0;0;27;-1
61;10;0;0;16;-1
18;7;0;1;25;-1
45;13;0;1;40;-1
68;9;0;1;20;-1
25;10;0;0;50;-1
48;15;0;0;13;-1
19;10;0;1;40;-1
43;13;1;1;50;1
54;13;0;0;45;1
47;13;0;0;50;-1
30;12;0;0;40;-1
67;10;0;0;8;-1
35;9;0;1;40;-1
26;10;0;0;18;-1
61;9;0;0;40;-1
54;9;0;0;32;-1
50;8;2;0;40;1
32;5;0;1;40;-1
34;9;0;1;25;-1
36;9;0;0;40;-1
50;10;0;0;40;1
28;7;0;0;40;-1
22;9;0;1;19;-1
58;7;0;0;20;-1
27;3;0;0;75;-1
62;13;0;0;38;-1
41;14;0;1;45;-1
28;10;0;0;45;-1
33;13;0;0;40;-1
54;13;0;0;45;1
76;4;0;0;30;-1
25;13;0;1;25;-1
34;13;0;0;50;1
40;13;0;1;40;-1
22;7;0;1;30;-1
17;7;0;0;15;-1
55;10;0;1;20;-1
51;10;0;1;40;-1
26;3;3;0;40;-1
44;13;0;0;48;-1
65;6;0;0;70;-1
54;9;0;0;40;1
34;12;0;0;40;-1
42;9;0;0;40;-1
26;9;0;0;70;-1
39;3;2;0;40;-1
46;7;1;1;40;-1
34;13;0;0;40;-1
59;9;0;0;40;-1
20;9;0;0;50;-1
34;10;0;0;45;1
51;9;0;0;20;-1
34;10;0;0;40;1
47;13;0;1;50;-1
21;10;0;0;20;-1
30;11;0;0;49;-1
38;9;0;0;60;-1
23;10;0;1;35;-1
34;10;0;0;48;1
22;8;0;0;40;-1
31;9;0;0;40;-1
50;9;0;0;40;-1
19;2;0;0;52;-1
23;9;0;1;50;-1
35;9;0;0;40;-1
28;9;1;0;40;-1
27;10;0;0;30;-1
46;13;0;0;55;-1
27;9;0;0;40;-1
25;6;0;1;40;-1
34;10;0;0;70;-1
33;9;0;0;40;-1
36;10;0;1;40;-1
30;4;0;0;48;-1
23;10;0;1;47;-1
36;3;0;0;32;-1
29;13;0;1;45;-1
19;8;0;0;40;-1
20;10;0;1;40;-1
52;9;0;0;40;1
20;9;0;0;40;-1
22;11;0;1;40;-1
34;10;0;0;55;1
60;10;0;0;40;-1
19;7;1;0;40;-1
59;9;0;0;20;-1
36;9;0;0;50;-1
25;9;0;0;40;-1
49;4;0;0;70;-1
25;9;0;1;30;-1
50;7;0;1;40;-1
44;12;0;1;43;-1
28;9;0;1;40;-1
33;10;0;0;20;-1
40;13;0;0;50;-1
56;10;0;0;45;-1
56;10;0;0;50;1
23;13;0;0;42;-1
38;9;1;1;40;-1
21;10;0;1;10;-1
67;4;0;0;24;-1
54;11;0;0;40;-1
50;9;1;1;40;-1
59;4;0;0;40;-1
51;7;1;1;40;-1
30;9;0;1;29;-1
42;9;0;0;40;1
64;9;0;1;20;-1
61;13;0;1;45;-1
26;13;0;0;40;-1
78;10;0;0;3;1
24;9;0;0;50;-1
27;7;0;0;40;-1
51;14;0;0;50;1
46;9;0;0;40;1
55;9;0;0;60;-1
20;10;0;0;40;-1
30;9;0;0;50;-1
36;10;0;0;30;-1
19;9;0;1;20;-1
30;13;0;0;40;1
31;12;0;0;50;1
26;9;0;0;96;-1
59;12;0;0;35;1
53;9;0;0;60;1
24;10;0;1;40;-1
24;10;0;0;54;-1
36;9;0;1;50;-1
39;14;0;0;50;1
53;9;1;0;32;-1
75;9;2;0;35;1
36;9;0;0;50;1
46;10;0;0;40;-1
29;9;1;0;40;-1
60;5;0;0;49;-1
58;9;0;0;38;-1
67;9;0;0;55;-1
39;10;0;0;80;-1
37;10;0;0;50;-1
54;10;0;0;50;-1
63;15;0;0;30;-1
47;7;0;1;38;-1
23;13;0;1;40;-1
49;7;0;1;40;-1
23;9;0;0;40;-1
19;10;0;1;12;-1
44;14;0;0;40;1
25;11;2;1;40;-1
35;11;1;0;40;-1
23;9;0;1;40;-1
48;11;0;0;40;-1
44;9;1;1;40;-1
55;13;0;1;25;-1
33;9;0;0;50;-1
18;8;0;0;20;-1
32;12;0;0;56;1
24;13;0;1;20;-1
27;13;0;0;45;-1
39;12;0;0;40;1
26;6;0;0;40;-1
34;14;0;0;40;1
41;14;0;0;75;1
73;13;2;0;5;-1
32;9;0;0;50;-1
56;14;1;0;40;1
44;10;0;0;60;1
23;13;0;0;40;-1
61;9;0;0;50;-1
38;9;0;1;35;-1
68;6;0;0;16;-1
42;10;0;0;40;-1
48;5;2;1;20;-1
19;9;0;1;40;-1
31;7;2;0;40;-1
32;13;2;1;40;-1
44;13;0;0;40;1
23;13;0;1;30;-1
30;7;0;0;35;-1
44;13;0;1;45;-1
24;9;0;0;60;-1
34;9;0;0;60;-1
17;7;0;0;12;-1
61;14;2;0;45;1
30;13;0;0;40;-1
45;13;0;0;40;-1
22;11;0;1;40;-1
49;10;0;0;40;-1
39;12;0;1;45;-1
39;9;1;0;40;-1
34;10;0;1;40;-1
52;10;0;0;40;1
24;11;0;1;40;-1
38;13;0;0;45;1
19;7;0;0;40;-1
24;9;0;1;30;-1
25;12;0;0;43;-1
71;4;0;0;10;-1
27;9;1;1;40;-1
28;11;1;1;40;-1
18;7;1;1;10;-1
49;9;1;0;40;-1
36;9;0;1;25;-1
57;9;0;0;50;-1
56;14;0;0;40;1
17;6;0;0;20;-1
30;9;0;0;50;-1
41;6;0;1;40;-1
26;9;0;0;40;-1
61;6;0;0;48;-1
50;10;0;0;40;-1
24;9;0;0;45;-1
44;7;0;1;40;-1
38;14;0;1;40;-1
61;4;1;1;40;-1
25;13;0;0;50;-1
34;9;0;0;70;-1
38;10;0;0;40;-1
42;9;0;0;55;-1
17;6;1;0;20;-1
48;4;0;0;40;-1
38;14;0;0;40;1
52;9;0;0;50;1
41;9;0;0;20;-1
45;3;0;1;35;-1
49;4;2;0;45;-1
19;10;0;0;20;-1
39;13;0;0;45;-1
42;10;0;0;65;-1
17;7;0;0;12;-1
30;12;1;1;25;-1
61;14;0;1;70;-1
60;9;0;0;40;-1
57;9;0;0;40;1
27;3;0;0;45;-1
24;9;0;0;48;-1
41;8;0;0;84;1
42;9;0;0;40;-1
34;13;0;1;15;-1
22;5;1;1;36;-1
47;9;0;1;43;-1
30;9;0;0;40;-1
38;13;0;0;45;-1
31;9;0;0;55;1
44;10;0;1;45;1
34;9;0;0;50;-1
31;10;0;0;40;-1
68;10;0;1;20;-1
22;9;0;1;40;-1
42;13;0;1;35;-1
37;9;0;0;35;-1
36;9;0;0;35;-1
38;10;0;1;30;-1
72;9;0;0;55;-1
40;3;0;0;40;-1
19;10;0;0;30;-1
55;11;0;0;50;1
30;12;0;0;40;-1
41;10;1;0;4;-1
29;13;0;1;45;-1
24;13;0;1;20;-1
46;15;0;0;45;1
44;9;0;0;60;1
17;6;1;1;15;-1
35;11;0;1;35;-1
38;9;0;0;40;-1
36;5;0;0;40;-1
24;7;0;0;60;-1
38;13;0;0;99;-1
19;7;0;1;40;-1
30;9;0;0;45;-1
36;11;2;0;40;-1
27;10;0;0;45;-1
27;12;0;0;40;1
66;4;0;0;30;-1
37;14;1;1;40;1
17;7;0;0;30;-1
19;10;0;0;40;-1
57;3;1;0;50;-1
54;14;0;1;30;-1
21;10;0;1;40;-1
43;9;0;0;40;-1
50;9;0;0;40;-1
38;7;0;0;48;1
41;15;0;1;38;-1
20;10;0;1;40;-1
28;13;0;1;15;-1
62;5;0;0;35;-1
41;8;1;1;40;-1
37;9;0;0;45;-1
53;10;0;0;30;-1
28;13;0;0;50;1
23;14;0;1;30;-1
46;9;0;0;35;-1
28;9;0;1;45;-1
50;6;0;1;40;-1
19;10;0;0;45;-1
84;4;1;0;10;-1
48;15;0;0;35;1
61;9;0;1;20;-1
44;10;0;0;42;-1
32;9;2;1;60;-1
25;10;0;0;35;-1
47;10;0;1;40;-1
19;10;0;1;15;-1
37;10;0;0;17;-1
28;9;2;1;40;-1
34;12;0;1;40;1
32;10;0;1;35;-1
24;10;0;0;30;-1
22;10;2;1;25;-1
30;10;1;0;99;-1
56;14;0;0;40;-1
30;13;0;0;40;1
28;10;0;1;26;-1
28;10;0;0;45;-1
39;8;0;0;40;-1
33;9;0;0;40;1
23;10;2;0;40;-1
32;10;0;0;55;-1
37;9;0;0;40;-1
71;3;2;1;75;-1
30;10;0;0;40;1
20;10;0;1;40;-1
42;9;0;0;45;-1
26;14;0;1;40;-1
21;10;0;1;16;-1
37;9;1;1;40;-1
36;13;0;1;40;-1
25;9;0;1;40;-1
38;13;0;0;50;1
29;9;0;0;40;-1
20;10;0;0;38;-1
32;9;0;0;50;-1
24;12;0;0;20;-1
59;9;0;0;40;1
56;13;0;0;40;1
40;9;0;0;84;-1
35;13;0;0;40;1
24;10;0;1;20;-1
61;9;0;0;40;-1
36;2;0;0;40;-1
20;10;2;1;20;-1
36;9;0;1;40;-1
45;13;0;1;40;-1
22;13;0;1;40;-1
34;9;0;0;40;-1
24;7;0;0;40;-1
42;5;1;0;35;-1
23;13;0;0;25;-1
46;15;0;1;40;1
60;15;0;0;70;1
40;10;1;1;40;-1
55;9;0;1;40;-1
28;9;0;0;43;-1
55;15;0;0;60;1
47;14;0;0;40;1
54;14;0;0;52;1
32;7;0;1;60;-1
38;12;0;0;40;1
61;10;0;1;40;-1
62;14;2;0;40;-1
26;9;1;1;32;-1
19;10;0;0;50;-1
40;6;0;0;40;-1
55;14;2;1;40;-1
43;13;0;0;40;1
39;9;0;0;40;-1
38;10;0;0;45;1
28;9;0;1;40;-1
36;10;0;1;40;-1
49;10;0;0;50;-1
41;10;1;1;40;-1
60;4;0;1;40;-1
35;13;0;0;70;-1
36;13;0;1;40;-1
51;9;0;0;40;1
23;9;0;0;40;-1
51;9;0;0;40;-1
33;10;0;0;25;-1
50;9;0;0;40;-1
38;8;0;0;40;1
18;9;0;1;35;-1
26;9;0;0;40;-1
21;10;0;1;47;-1
26;9;0;0;52;-1
30;9;0;1;40;1
39;10;0;1;20;-1
33;9;1;0;40;-1
42;10;0;0;38;-1
28;15;0;1;50;-1
20;9;0;0;35;-1
31;10;2;0;50;-1
36;10;0;0;40;-1
39;12;0;0;40;1
52;9;0;0;40;-1
27;9;0;0;40;-1
45;9;0;1;50;-1
21;5;2;0;40;-1
25;9;0;1;40;-1
24;10;0;1;25;-1
38;12;0;0;55;-1
51;10;0;0;24;-1
45;9;0;1;38;-1
59;6;0;0;50;-1
41;9;0;0;40;-1
23;13;0;1;40;-1
43;10;0;0;45;-1
17;7;0;0;20;-1
42;11;0;0;40;-1
43;9;0;0;40;-1
61;9;0;0;40;1
28;9;0;0;40;-1
47;9;0;1;60;-1
21;4;0;0;40;-1
39;10;0;0;40;-1
57;5;0;0;40;-1
27;13;1;0;40;-1
21;10;1;1;12;-1
25;3;0;0;40;-1
51;10;0;0;50;1
35;13;1;1;40;-1
19;10;0;0;12;-1
34;10;1;1;35;-1
33;9;0;1;32;-1
36;9;0;0;40;-1
33;13;0;0;35;-1
60;13;0;0;40;-1
47;9;1;1;40;-1
42;9;0;0;75;1
34;10;0;0;65;1
21;9;0;1;32;-1
30;14;0;0;15;1
53;14;0;1;50;1
34;9;0;0;40;-1
37;13;0;0;40;-1
27;9;1;1;40;-1
31;13;0;0;40;-1
30;10;0;1;40;-1
33;9;0;0;45;-1
41;10;0;0;40;-1
23;10;0;0;30;-1
65;10;0;1;40;-1
30;9;0;1;40;-1
30;10;0;0;40;-1
42;9;0;0;40;-1
62;11;0;1;45;1
50;13;0;0;20;1
33;13;2;0;40;-1
27;10;0;0;40;-1
35;10;2;0;40;-1
55;10;0;0;6;1
56;13;0;0;48;1
21;11;0;1;40;-1
66;4;0;1;20;-1
46;9;0;0;50;-1
23;13;0;1;38;-1
43;14;0;1;45;-1
40;9;0;0;55;-1
52;3;0;0;40;-1
59;13;0;0;50;1
36;11;1;1;40;-1
33;9;0;0;40;-1
20;9;0;0;40;-1
21;9;0;0;35;-1
59;6;0;1;40;-1
42;14;0;0;50;1
62;9;0;1;43;-1
54;9;0;0;40;-1
35;4;0;1;30;-1
36;12;0;1;40;-1
21;9;0;1;45;-1
30;9;0;1;14;-1
46;10;0;0;40;1
32;3;2;1;40;1
21;10;0;0;64;-1
39;9;0;0;40;-1
54;9;0;1;43;-1
23;9;0;0;40;-1
42;2;0;0;40;-1
62;6;0;1;30;-1
28;10;0;0;35;-1
28;9;0;0;40;-1
35;12;0;0;40;-1
19;10;0;1;40;-1
27;9;1;0;35;-1
54;2;0;0;50;-1
19;9;0;1;35;-1
27;10;0;1;30;-1
30;9;0;0;50;-1
35;12;0;1;35;-1
66;5;0;0;40;-1
19;10;0;1;20;-1
30;9;0;0;40;1
32;13;0;0;40;-1
31;10;0;1;40;-1
26;11;1;0;65;-1
44;10;0;1;25;-1
52;13;0;0;50;1
30;10;0;0;40;-1
32;9;0;1;60;-1
19;9;0;0;40;-1
33;9;0;0;30;-1
20;10;0;0;40;-1
61;4;0;0;40;-1
33;10;1;1;35;-1
24;10;0;1;35;-1
31;13;0;0;60;-1
20;9;0;1;20;-1
32;11;0;1;50;-1
29;12;0;1;40;-1
61;6;0;0;24;-1
48;9;0;1;50;-1
29;12;0;1;40;-1
61;8;1;0;52;-1
34;10;1;0;48;-1
22;12;0;1;15;-1
38;9;0;0;40;-1
27;10;0;1;40;-1
26;9;2;0;40;-1
62;9;0;1;40;-1
28;9;0;1;40;-1
50;9;1;0;40;-1
37;9;0;0;40;-1
63;2;0;1;44;-1
35;5;1;0;40;-1
55;13;0;0;40;1
40;9;0;1;40;1
25;9;3;0;50;-1
51;10;0;0;40;-1
47;10;0;0;40;1
26;13;0;1;40;-1
46;11;0;0;40;-1
24;8;0;0;40;-1
19;4;0;0;80;-1
36;13;1;0;35;-1
18;8;0;1;20;-1
46;14;0;0;40;1
30;9;1;1;32;-1
29;9;1;1;40;-1
65;9;1;1;20;-1
41;14;0;1;40;1
34;13;0;0;40;-1
58;4;1;0;40;-1
39;9;1;1;40;-1
21;10;0;1;40;-1
31;9;0;0;50;1
33;16;0;0;50;1
28;13;0;0;60;-1
32;13;0;0;55;1
31;9;1;1;40;-1
48;13;2;0;45;1
27;9;0;0;40;-1
45;9;1;1;40;-1
34;9;0;0;50;-1
17;6;0;1;10;-1
25;9;1;0;23;-1
34;13;0;1;62;1
33;9;0;1;40;-1
21;10;0;1;20;-1
22;9;0;0;50;-1
61;10;0;0;42;-1
40;9;0;1;30;1
58;10;0;0;12;-1
30;10;0;0;58;-1
24;9;0;0;60;-1
52;8;0;0;50;1
50;9;0;1;40;-1
49;10;1;0;30;-1
22;9;0;1;40;-1
32;13;0;1;35;1
21;10;0;1;40;-1
25;10;0;1;50;-1
34;9;0;0;45;-1
48;6;0;0;45;1
61;9;0;1;99;-1
21;10;1;1;40;-1
20;4;0;1;52;-1
30;10;0;0;40;1
44;9;1;0;60;-1
29;9;0;0;60;-1
31;15;0;1;35;-1
35;9;0;0;40;-1
27;9;0;0;40;-1
26;13;0;1;45;-1
37;5;0;0;70;1
33;13;0;0;40;-1
44;4;0;1;55;-1
34;13;0;0;40;1
28;12;0;0;5;-1
30;10;0;1;45;-1
41;13;0;0;35;-1
23;13;0;1;40;-1
19;9;0;0;70;-1
26;10;0;0;20;-1
32;13;1;0;40;1
26;9;0;1;48;-1
49;9;0;0;40;-1
54;14;0;0;40;1
36;9;0;0;55;-1
41;9;0;0;48;-1
27;13;0;0;35;-1
21;10;0;0;75;-1
56;9;0;0;40;-1
40;11;0;0;60;-1
46;9;0;0;40;-1
55;5;0;1;45;-1
43;5;1;0;40;-1
46;9;0;0;40;-1
51;10;2;0;60;-1
19;10;0;1;15;-1
31;9;0;0;40;-1
27;13;0;0;50;1
21;10;0;1;40;-1
36;9;0;0;50;-1
23;9;0;1;16;-1
62;14;0;1;40;1
31;13;1;0;50;1
39;9;0;0;40;-1
24;13;0;0;30;-1
38;9;0;0;40;-1
36;9;0;0;40;-1
17;7;1;1;15;-1
27;9;0;1;40;-1
30;10;1;0;40;-1
43;9;0;1;40;-1
51;7;1;1;30;-1
34;9;0;0;48;1
19;9;0;0;60;-1
79;16;0;0;6;1
28;10;0;0;40;-1
41;10;0;0;50;-1
21;10;0;0;50;-1
31;13;0;1;40;-1
45;9;0;0;45;-1
23;9;0;0;50;-1
32;10;0;0;50;-1
67;7;0;0;40;-1
32;14;0;0;55;1
35;9;0;0;50;-1
29;10;0;0;40;-1
38;9;0;0;40;-1
38;10;0;0;60;-1
18;9;0;0;30;-1
22;9;0;1;40;-1
27;13;0;0;50;-1
28;10;2;1;30;-1
25;10;0;0;40;-1
43;9;0;1;25;1
33;10;0;0;40;-1
41;9;0;0;40;1
29;14;0;0;30;-1
32;12;0;0;40;-1
64;9;0;0;40;1
58;13;0;0;50;1
55;8;0;0;30;-1
20;9;0;1;40;-1
35;10;0;0;40;-1
27;9;0;0;40;-1
42;11;0;1;40;-1
47;8;0;0;35;-1
29;9;1;1;40;-1
33;2;0;1;24;-1
44;10;1;1;40;-1
25;9;0;0;78;-1
24;13;0;1;10;-1
53;13;1;0;50;1
39;13;1;1;60;-1
72;9;0;0;40;-1
43;5;0;1;44;-1
25;10;0;0;40;-1
37;12;0;0;45;1
27;9;0;1;40;-1
39;16;0;0;50;1
29;9;0;0;50;1
50;13;0;0;50;1
33;3;0;1;40;-1
18;9;0;1;20;-1
20;7;0;0;32;-1
32;10;0;1;50;-1
45;10;0;1;40;-1
48;9;1;1;40;-1
20;10;0;1;40;-1
23;9;0;1;40;-1
44;13;2;0;40;1
47;10;1;0;40;1
47;9;1;1;40;-1
46;2;2;1;20;-1
19;9;0;1;40;-1
51;9;0;0;40;-1
41;9;0;0;40;-1
37;7;1;1;40;-1
31;9;0;0;40;-1
25;9;0;0;40;-1
46;10;0;0;40;1
47;16;0;1;40;-1
28;9;0;0;50;1
43;9;0;0;40;-1
28;6;0;0;40;-1
19;7;0;0;30;-1
19;9;0;0;35;-1
64;16;0;0;60;1
44;16;0;0;60;1
21;9;0;0;48;-1
33;9;0;0;40;-1
63;13;2;0;40;1
44;9;1;1;40;-1
28;9;0;1;70;-1
24;13;0;0;40;-1
20;10;1;1;20;-1
21;10;0;1;24;-1
20;9;0;0;40;-1
21;9;2;0;40;-1
34;10;1;0;52;-1
17;7;0;1;15;-1
35;7;1;1;40;-1
26;9;0;0;40;-1
35;9;0;0;70;-1
25;9;0;0;40;-1
27;10;0;0;40;-1
52;11;0;0;40;1
43;13;0;1;50;-1
37;9;0;0;40;-1
58;9;0;1;40;-1
25;12;0;0;45;-1
54;14;0;0;40;-1
42;10;0;0;60;-1
44;9;2;1;45;-1
61;3;0;0;40;-1
29;9;2;0;40;-1
34;10;0;0;40;1
24;10;0;1;40;-1
40;12;0;0;42;1
42;15;0;0;60;1
50;9;0;0;40;-1
49;9;0;0;40;-1
38;9;0;0;40;-1
41;9;1;0;45;-1
70;10;0;0;5;-1
51;10;0;0;40;1
24;13;0;1;40;-1
57;9;0;0;48;1
22;10;0;1;20;-1
31;10;0;0;40;1
28;10;0;1;40;-1
45;9;0;0;50;-1
39;9;0;0;40;1
26;10;0;1;40;-1
38;9;1;0;40;-1
19;9;0;0;20;-1
36;9;0;0;40;1
30;9;0;0;44;-1
28;14;0;0;40;1
53;5;1;0;40;-1
32;13;0;0;38;-1
47;14;0;1;40;-1
36;10;0;0;56;-1
21;7;0;1;38;-1
25;13;0;0;40;1
37;9;0;1;40;-1
31;9;0;1;30;-1
43;9;0;0;50;-1
56;10;0;0;35;-1
35;13;2;0;40;-1
59;4;1;1;38;-1
47;14;0;1;40;-1
44;13;0;0;55;1
64;10;0;0;40;-1
26;9;0;0;45;-1
53;13;0;0;40;1
50;13;0;0;40;-1
30;9;0;1;20;-1
46;9;0;1;44;-1
45;9;0;0;50;1
44;9;0;1;40;-1
23;9;1;1;40;-1
33;10;1;1;38;-1
34;9;0;1;35;-1
38;11;0;1;40;-1
62;13;0;0;35;1
21;10;0;0;40;-1
41;9;0;0;8;-1
35;9;0;0;40;-1
62;10;0;0;45;-1
53;9;0;0;40;1
69;10;0;0;16;-1
19;10;0;1;16;-1
47;13;0;0;40;1
52;10;0;0;90;1
54;9;0;0;40;-1
58;9;0;0;10;-1
30;9;0;0;73;1
39;9;0;1;25;-1
64;13;0;0;40;-1
32;9;0;0;40;-1
51;9;0;0;40;1
57;13;0;0;40;-1
25;9;0;0;40;-1
39;10;0;1;25;-1
49;9;0;1;16;-1
28;13;0;0;55;1
40;10;1;0;40;-1
24;9;0;0;50;-1
20;9;0;0;40;-1
50;6;0;0;8;-1
24;13;0;1;40;-1
35;9;0;0;40;-1
33;13;0;1;46;-1
54;13;0;0;40;-1
35;9;0;0;45;-1
31;9;0;0;40;1
47;10;0;0;40;-1
48;9;0;1;20;-1
35;13;0;0;40;1
20;10;0;1;10;-1
36;1;1;0;40;-1
30;13;0;1;55;-1
39;10;0;0;55;1
25;10;2;0;40;-1
40;9;0;1;35;-1
25;9;0;0;40;-1
33;9;0;1;40;-1
53;10;0;0;40;-1
18;7;0;0;10;-1
41;9;1;0;40;-1
25;13;0;0;50;-1
66;4;0;0;50;-1
27;9;0;0;40;-1
28;9;1;1;40;-1
23;9;1;0;40;-1
29;6;0;0;80;-1
26;10;0;1;40;-1
26;9;0;0;42;-1
26;5;0;0;35;-1
38;9;0;0;40;-1
36;3;0;0;40;-1
32;9;0;0;40;-1
57;9;0;0;50;1
31;10;0;1;40;-1
38;13;0;1;38;-1
39;9;3;1;40;-1
18;7;0;1;20;-1
75;10;0;0;8;-1
28;9;1;0;40;-1
41;14;0;1;55;-1
39;5;0;0;40;1
31;10;0;0;40;-1
38;9;0;1;38;-1
43;10;1;1;38;-1
27;9;0;0;40;-1
46;13;1;1;36;-1
20;9;0;1;40;-1
42;10;0;1;20;-1
69;9;0;1;40;-1
47;11;0;1;35;-1
49;9;0;0;40;-1
20;10;0;1;30;-1
52;3;0;1;15;-1
33;3;0;0;59;-1
18;7;0;1;6;-1
55;9;0;1;55;-1
61;4;1;0;40;-1
39;13;0;0;45;1
30;10;0;0;40;-1
61;9;1;1;40;-1
36;12;0;1;15;-1
34;10;0;0;50;-1
38;11;0;1;36;1
27;9;0;0;40;-1
32;7;0;1;40;-1
60;13;0;1;60;1
23;13;0;0;40;-1
22;9;0;0;50;-1
25;9;0;0;35;-1
29;13;0;0;48;-1
90;9;0;0;30;-1
37;9;0;1;40;-1
32;9;1;0;38;-1
18;9;1;0;40;-1
35;10;0;1;65;-1
43;13;0;0;45;1
28;9;0;0;65;1
51;5;0;0;40;-1
31;10;0;0;42;-1
57;13;0;0;40;1
71;10;0;1;14;-1
28;6;0;1;40;-1
28;6;0;0;80;-1
25;9;0;0;95;-1
49;12;0;0;30;-1
52;5;0;0;40;-1
23;13;0;0;40;-1
32;3;0;0;40;-1
31;10;2;1;50;-1
30;9;0;0;50;-1
24;9;0;0;60;-1
45;12;0;0;66;-1
30;9;0;0;40;-1
42;9;1;1;25;-1
49;9;0;0;40;-1
20;9;0;0;30;-1
25;13;0;1;40;-1
41;5;0;0;55;-1
55;9;1;1;40;-1
25;13;1;1;40;-1
32;9;0;0;40;-1
29;10;0;0;40;-1
37;9;1;1;40;-1
52;4;0;1;40;-1
19;10;0;1;15;-1
21;10;0;0;24;-1
43;12;0;0;40;-1
39;10;0;0;40;-1
40;10;0;0;40;1
54;2;0;1;40;-1
35;13;0;0;40;-1
35;10;0;0;40;1
57;16;2;0;40;1
26;13;0;1;40;-1
55;13;0;1;15;-1
51;13;0;1;40;-1
35;12;1;0;30;-1
31;9;0;0;40;-1
17;7;0;1;8;-1
38;9;0;1;40;-1
29;9;0;0;45;-1
39;11;0;1;40;-1
42;10;0;0;40;1
46;14;0;0;50;1
73;4;0;0;25;-1
28;9;0;1;70;-1
38;15;0;0;40;1
19;9;0;0;35;-1
60;11;0;0;40;1
24;10;0;0;40;-1
52;7;0;0;40;-1
36;13;0;1;45;-1
26;14;0;1;40;-1
28;13;0;0;16;-1
38;13;0;0;50;1
47;14;0;0;50;1
50;13;0;1;40;1
27;9;0;0;40;-1
47;10;0;1;40;-1
49;9;1;0;40;-1
68;10;0;0;48;1
63;9;0;1;40;-1
36;9;0;0;70;1
42;10;0;1;35;-1
28;14;1;1;45;-1
68;9;0;1;8;-1
38;9;0;1;22;-1
49;10;0;0;40;1
59;9;0;1;40;-1
25;13;0;0;40;1
26;12;0;1;36;-1
59;10;0;1;48;-1
34;10;0;0;45;-1
34;14;2;0;43;1
67;9;0;1;24;-1
45;11;0;1;44;-1
64;4;1;0;40;-1
51;14;0;0;38;1
31;13;0;0;55;1
42;13;0;0;45;1
65;3;2;0;40;-1
23;10;0;0;20;-1
31;10;0;0;45;-1
33;6;0;1;40;-1
17;7;0;0;35;-1
63;14;0;0;46;-1
48;9;0;0;60;1
45;12;0;0;40;-1
17;6;0;0;10;-1
26;9;0;0;40;-1
38;10;1;1;40;-1
29;9;0;1;40;-1
44;10;0;1;32;-1
43;14;0;0;40;-1
39;13;0;0;40;-1
43;9;1;0;40;-1
23;9;0;1;45;-1
19;9;2;1;40;-1
49;5;0;0;40;-1
32;9;0;0;50;-1
25;3;0;1;25;-1
44;10;0;0;40;-1
63;4;0;0;40;-1
42;9;1;1;60;-1
21;10;0;0;40;-1
32;10;0;0;40;-1
24;9;0;1;50;-1
50;9;0;0;40;-1
26;13;0;0;80;1
35;9;0;0;35;-1
31;13;0;0;44;1
24;2;3;0;66;-1
40;9;0;0;56;-1
31;13;0;0;55;-1
43;9;0;0;40;-1
44;9;0;0;35;1
40;13;0;1;40;-1
75;3;0;0;25;-1
51;3;0;0;40;-1
39;13;0;0;40;-1
40;10;0;0;35;-1
33;9;0;0;40;-1
38;10;0;0;60;1
29;11;0;0;50;-1
37;10;1;1;37;-1
19;9;0;0;40;-1
46;9;1;0;40;-1
46;12;0;0;40;1
37;10;1;0;30;-1
34;10;1;1;40;-1
38;10;0;1;43;-1
26;9;0;0;40;-1
34;13;0;1;35;-1
57;13;0;0;40;-1
33;7;0;0;65;-1
26;10;0;0;40;-1
20;9;0;1;84;-1
61;10;0;0;6;-1
36;16;0;0;45;1
17;10;0;0;16;-1
40;10;3;0;40;1
18;7;0;0;16;-1
21;12;0;1;32;-1
41;9;0;0;40;-1
46;7;0;1;40;-1
55;9;0;0;40;-1
27;12;0;0;52;-1
39;9;0;0;42;-1
36;9;1;0;48;-1
27;13;0;0;40;-1
30;13;0;0;40;1
42;9;0;0;47;-1
23;13;0;1;20;-1
41;10;0;0;50;-1
49;9;0;0;46;-1
46;11;2;1;60;-1
54;9;0;0;40;-1
45;15;2;0;50;1
22;10;0;1;40;-1
31;9;0;0;40;-1
27;9;0;0;30;-1
34;9;0;0;40;-1
46;7;0;0;30;-1
47;13;0;0;60;1
36;11;2;0;40;-1
22;9;0;0;40;-1
43;10;0;0;30;-1
54;10;0;0;50;-1
24;5;1;1;40;-1
29;15;2;0;55;-1
40;10;0;1;38;-1
18;7;0;0;20;-1
31;13;0;0;50;-1
32;14;1;1;40;-1
48;14;0;0;40;1
24;10;0;0;35;-1
24;12;0;1;22;-1
24;11;0;0;40;-1
37;10;0;1;40;-1
33;10;0;0;60;1
19;10;0;0;25;-1
45;13;0;1;40;1
54;14;0;1;40;-1
22;10;3;1;22;-1
20;9;0;0;40;-1
36;5;0;0;40;-1
49;9;0;0;40;-1
58;4;0;0;40;1
20;10;0;1;40;-1
34;13;0;1;40;-1
38;11;0;0;40;-1
32;7;2;0;40;-1
35;9;0;0;60;-1
51;12;0;0;60;-1
33;10;0;0;45;-1
71;14;0;1;15;-1
48;14;0;0;40;1
53;9;0;0;50;-1
40;11;0;0;40;1
64;9;0;0;5;-1
42;9;0;0;48;1
25;9;0;0;40;1
66;10;0;1;50;1
59;14;0;1;40;1
42;10;0;0;55;1
24;9;0;0;40;-1
19;9;0;1;25;-1
26;10;0;1;24;-1
22;9;1;0;30;-1
33;10;0;0;40;-1
63;7;0;0;12;-1
20;10;0;0;30;-1
33;3;0;0;40;-1
56;9;0;0;40;-1
70;11;0;0;24;1
42;9;0;0;40;1
25;13;1;1;40;-1
28;10;0;0;40;1
36;6;1;1;40;-1
37;14;0;0;40;1
38;9;0;0;60;1
52;9;0;1;35;-1
49;9;0;1;40;-1
30;9;0;0;40;-1
70;15;0;0;35;1
25;13;0;1;40;-1
59;9;0;1;40;1
22;10;0;0;40;-1
41;12;0;0;50;-1
62;9;0;0;45;1
54;9;0;1;40;-1
38;9;1;1;40;-1
36;7;0;0;40;-1
74;9;0;0;30;1
35;3;0;1;15;-1
41;8;2;0;40;-1
30;11;0;1;40;-1
25;9;0;0;48;-1
48;14;0;0;50;1
50;3;2;1;15;-1
19;9;0;1;40;-1
51;10;0;0;40;-1
39;13;0;0;40;-1
20;7;0;1;40;-1
17;7;0;0;16;-1
42;10;0;0;50;1
25;10;3;1;25;-1
36;9;0;1;40;-1
65;16;0;1;40;-1
32;13;0;0;70;1
33;13;0;0;45;-1
32;10;1;1;20;-1
25;9;0;0;40;-1
41;10;0;1;40;-1
44;9;0;0;40;1
36;9;0;0;52;-1
24;7;3;0;40;-1
17;4;0;0;8;-1
32;13;1;1;30;-1
67;7;0;1;40;-1
21;10;2;0;10;-1
39;10;0;0;40;1
18;10;0;1;35;-1
50;13;0;0;45;1
24;6;0;1;15;-1
21;10;0;1;40;-1
24;13;2;1;16;-1
34;11;0;0;40;-1
68;6;0;0;35;-1
49;6;1;0;32;-1
50;9;2;1;40;-1
33;12;0;1;40;-1
18;10;0;0;40;-1
45;11;0;1;55;1
20;9;0;1;35;-1
64;9;0;1;40;-1
39;16;0;0;45;-1
35;9;0;0;70;-1
21;10;0;0;32;-1
29;12;0;0;45;-1
38;13;1;1;30;1
45;9;0;1;40;-1
30;14;2;0;50;1
41;10;0;1;40;1
37;9;2;0;40;-1
20;9;0;1;30;-1
45;9;0;0;48;1
20;9;0;0;20;-1
35;10;0;0;40;-1
24;13;0;0;50;-1
19;10;0;0;50;-1
23;9;0;0;35;-1
34;13;0;1;45;-1
23;7;1;0;40;-1
36;3;0;0;50;1
46;9;0;0;5;-1
38;13;0;0;42;1
55;8;0;1;40;-1
27;10;2;0;40;-1
48;10;0;0;45;1
35;9;0;1;50;-1
47;9;0;0;40;-1
32;10;0;0;40;-1
40;9;0;0;46;-1
41;10;0;0;50;1
47;13;0;0;40;-1
21;10;1;1;25;-1
45;14;0;0;35;-1
33;4;1;1;14;-1
68;10;0;1;25;-1
44;15;0;0;55;1
49;6;0;0;50;-1
45;16;0;0;40;1
29;4;0;0;40;-1
46;10;2;0;60;-1
19;9;0;0;25;-1
56;6;0;0;40;-1
55;9;0;0;60;-1
29;9;0;0;50;-1
21;9;0;1;25;-1
38;9;0;0;40;-1
52;3;0;0;50;-1
22;9;0;1;40;-1
20;9;0;0;60;-1
31;9;1;0;50;-1
39;9;0;0;40;-1
55;10;0;1;40;-1
35;12;0;0;40;-1
67;9;0;1;5;-1
61;14;0;0;60;1
18;9;0;0;30;-1
51;13;0;0;40;-1
37;9;0;0;40;-1
21;10;0;1;25;-1
32;10;0;1;38;-1
48;9;1;0;45;-1
62;4;0;0;53;-1
21;10;0;0;40;-1
28;9;0;0;45;-1
20;10;0;1;15;-1
41;13;0;0;40;-1
29;13;1;1;40;-1
43;13;0;0;37;1
20;10;0;0;20;-1
29;13;1;0;55;1
51;13;1;1;40;-1
40;11;0;0;40;1
26;3;0;0;40;-1
30;13;0;1;40;-1
36;9;0;1;40;-1
42;10;0;1;40;1
41;9;0;0;40;-1
43;13;0;0;45;1
20;10;0;0;20;-1
43;13;0;0;40;-1
45;10;0;0;40;1
39;9;0;0;40;-1
31;14;0;0;45;-1
23;10;2;0;25;-1
38;14;0;1;40;-1
37;9;0;0;45;1
18;9;0;1;40;-1
41;9;0;0;45;-1
23;12;0;0;20;-1
26;13;0;0;30;-1
37;9;0;0;40;-1
33;10;0;0;40;1
31;13;0;0;40;-1
27;10;0;0;80;-1
35;14;0;0;40;1
28;10;0;1;30;1
59;9;0;0;50;-1
42;13;0;0;40;-1
50;9;0;0;40;1
27;12;0;1;45;-1
32;10;0;1;40;-1
27;9;1;0;40;-1
43;13;0;0;40;-1
46;7;2;0;40;1
41;10;0;0;50;1
20;10;0;1;30;-1
57;13;0;0;40;1
45;4;1;0;40;-1
23;7;0;0;40;-1
55;9;0;0;50;1
58;10;0;0;40;1
38;11;2;1;40;-1
29;10;0;0;50;-1
57;9;2;0;20;-1
26;13;0;1;40;-1
42;13;2;0;40;1
61;9;2;0;45;1
43;9;0;0;40;-1
51;9;0;0;56;1
23;9;0;0;40;-1
24;9;0;1;40;-1
25;10;0;0;38;-1
22;10;0;0;40;-1
38;11;0;0;50;-1
48;9;0;1;16;1
33;9;0;0;30;-1
46;14;0;0;55;1
18;4;2;1;40;-1
52;9;0;0;40;-1
28;9;0;0;40;-1
37;10;2;0;30;-1
23;10;0;1;15;-1
45;14;0;0;50;1
17;6;0;1;16;-1
56;14;0;0;40;1
38;12;0;0;45;-1
81;4;0;0;10;-1
22;10;0;1;30;-1
43;10;0;1;40;-1
66;10;0;0;50;-1
50;9;0;0;40;1
31;10;0;0;40;-1
35;10;0;1;40;-1
21;10;0;1;35;-1
36;13;1;1;35;-1
33;4;0;0;40;-1
37;9;0;0;55;-1
50;9;0;0;25;-1
55;10;0;0;40;1
29;9;0;1;40;-1
24;10;1;1;30;-1
39;10;0;0;40;1
34;13;0;0;40;-1
29;4;0;1;55;-1
60;10;3;0;32;1
33;14;0;1;50;1
58;5;0;0;40;-1
27;10;0;0;40;-1
46;10;2;1;40;-1
63;9;0;0;40;-1
38;10;0;1;40;-1
23;10;0;0;15;-1
31;15;0;1;60;1
49;9;0;0;40;1
45;16;0;0;60;1
42;5;0;0;40;-1
48;9;0;0;40;-1
33;9;0;0;40;-1
24;10;0;0;40;-1
49;10;0;0;50;-1
50;9;0;1;40;-1
19;10;0;1;20;-1
18;6;0;1;28;-1
20;9;0;0;40;-1
42;9;0;0;40;-1
46;9;2;0;40;1
40;9;0;1;20;1
54;14;2;0;45;1
28;9;0;0;45;-1
38;10;0;0;40;1
28;10;0;1;40;-1
22;7;0;0;40;-1
31;13;0;0;50;1
27;9;0;0;40;-1
45;13;0;0;42;1
38;13;0;0;40;1
75;14;0;0;16;-1
41;14;1;1;60;1
37;13;0;0;60;1
47;9;0;1;50;-1
34;13;0;0;45;1
25;9;0;0;40;-1
52;9;0;1;40;-1
35;9;3;0;40;-1
44;8;0;1;35;-1
27;9;0;0;80;1
42;10;0;0;33;-1
26;5;0;1;38;-1
23;9;0;0;40;-1
28;9;2;1;40;-1
38;9;0;0;50;-1
28;10;0;0;50;-1
29;9;0;1;40;-1
23;13;2;0;35;-1
30;10;1;1;40;-1
48;10;0;0;40;-1
45;10;2;0;72;-1
38;14;0;0;60;1
24;9;0;0;40;-1
47;16;0;0;40;1
22;9;0;1;48;-1
29;10;0;1;40;-1
45;12;0;0;40;-1
24;9;0;0;40;-1
40;9;0;0;40;-1
28;5;1;0;40;1
46;13;0;1;50;1
34;10;0;1;4;-1
32;10;0;0;40;-1
20;9;0;0;40;-1
23;10;0;0;35;-1
46;9;0;0;40;-1
21;9;0;1;35;-1
59;14;2;0;40;1
31;10;0;0;50;-1
48;10;0;1;40;-1
34;4;0;0;40;-1
19;10;0;0;25;-1
20;10;0;0;35;-1
29;13;0;0;50;-1
54;10;0;0;40;1
36;9;0;0;52;-1
43;13;0;0;50;1
33;14;0;0;45;1
33;6;0;1;45;-1
36;10;0;0;40;-1
37;11;0;0;54;1
64;8;0;0;24;-1
45;9;0;0;60;-1
25;13;0;1;40;-1
28;11;0;0;40;-1
23;9;0;0;40;-1
24;9;0;1;40;-1
58;10;0;1;40;-1
36;11;0;1;40;-1
46;10;0;0;50;-1
23;4;0;1;40;-1
26;9;1;0;40;-1
52;3;0;1;40;-1
19;9;0;1;45;-1
33;13;0;0;60;1
60;9;0;0;40;-1
39;10;0;0;38;-1
45;13;0;0;45;-1
37;10;1;1;40;-1
29;12;0;0;40;-1
53;10;0;0;66;-1
20;10;0;0;40;-1
39;14;0;1;40;-1
36;9;0;0;45;-1
53;4;1;1;56;-1
34;10;0;0;50;1
36;9;0;0;40;-1
41;13;0;1;40;-1
34;9;0;1;38;-1
68;5;0;0;2;-1
37;13;3;0;50;1
22;10;0;0;40;-1
43;8;0;0;40;-1
19;10;0;1;30;-1
36;10;0;0;40;-1
47;9;0;0;55;1
25;11;2;1;40;-1
33;10;0;0;40;-1
27;10;0;1;40;-1
33;10;0;0;70;-1
24;9;0;1;40;-1
47;10;0;1;40;-1
48;6;0;0;40;-1
28;9;0;0;50;-1
33;13;0;0;40;1
33;11;0;0;56;-1
26;10;0;1;25;-1
22;11;0;0;40;-1
34;10;0;0;55;1
31;10;0;0;45;-1
73;9;0;1;15;-1
38;11;0;0;40;-1
51;10;0;1;40;1
36;10;0;0;40;-1
64;9;0;0;15;1
24;10;0;0;55;-1
21;10;0;1;20;-1
28;10;0;0;60;1
18;7;0;0;25;-1
41;9;0;0;50;-1
17;5;0;0;16;-1
58;16;0;0;50;1
50;13;0;0;8;-1
30;7;2;0;40;-1
47;9;0;0;40;-1
24;10;0;0;20;-1
50;10;1;0;40;-1
29;14;0;0;55;-1
31;16;0;0;40;1
40;9;0;0;70;1
31;10;0;1;60;-1
53;5;1;0;40;-1
33;9;0;1;40;-1
43;13;0;0;40;-1
38;13;0;1;50;1
18;7;0;1;30;-1
50;9;0;0;40;1
27;7;0;0;40;-1
19;10;0;1;25;-1
24;13;0;1;40;-1
25;14;0;0;35;-1
34;13;0;1;50;1
30;11;0;0;35;-1
37;14;0;1;40;-1
38;9;0;0;48;1
67;9;2;0;12;-1
35;9;0;0;30;-1
75;9;0;0;30;-1
47;10;0;1;50;-1
23;6;0;0;40;-1
51;9;0;1;8;-1
42;9;1;0;40;-1
32;10;0;1;32;1
54;9;0;1;35;-1
20;10;0;1;40;-1
39;9;0;0;40;1
35;9;0;1;40;-1
45;13;0;0;35;1
27;13;0;1;40;-1
61;4;0;0;30;1
41;9;0;0;50;-1
22;10;0;0;40;-1
66;13;0;0;6;-1
25;10;0;0;40;-1
20;10;0;1;35;-1
20;10;1;1;35;-1
67;13;0;0;16;-1
44;10;0;0;60;1
42;9;0;0;60;1
29;10;3;0;40;-1
48;10;0;1;38;1
25;9;1;1;40;-1
31;9;0;1;99;1
40;14;0;0;20;-1
26;10;0;0;40;-1
28;9;0;1;35;-1
52;10;0;0;40;1
41;9;0;0;40;-1
39;13;0;1;50;-1
48;9;1;1;16;-1
19;9;0;1;30;-1
19;10;0;0;40;-1
32;9;0;0;50;-1
39;9;0;0;40;-1
33;9;0;0;40;-1
38;9;0;0;40;-1
27;10;0;0;45;-1
23;9;0;1;45;-1
59;11;0;0;48;-1
25;13;2;0;20;-1
37;12;0;0;68;-1
31;9;0;0;65;-1
24;12;0;1;37;-1
53;13;0;1;38;-1
26;10;1;0;40;-1
25;10;0;1;40;1
59;7;0;0;40;-1
39;9;0;1;40;-1
28;10;0;0;40;-1
22;9;0;0;40;-1
20;9;0;0;40;-1
25;10;0;1;40;-1
27;10;0;0;50;-1
20;9;0;0;40;-1
63;10;1;1;24;-1
43;6;0;0;25;-1
39;10;0;1;40;-1
27;13;0;0;45;-1
17;6;0;1;5;-1
40;15;0;0;72;-1
50;10;0;0;48;1
23;13;0;1;35;-1
30;9;0;1;40;-1
24;9;0;0;50;-1
23;13;0;1;20;-1
45;13;0;0;20;-1
22;10;0;0;20;-1
41;10;0;0;40;-1
48;4;0;0;40;1
31;9;0;0;40;-1
49;13;0;0;50;-1
38;9;0;0;40;-1
58;9;0;0;48;-1
58;13;0;1;50;-1
61;9;0;0;40;-1
32;11;0;0;45;1
33;9;0;0;50;-1
28;13;0;1;50;1
22;10;0;1;11;-1
35;9;0;0;40;1
59;9;0;0;55;-1
50;9;1;0;40;-1
56;8;0;1;40;-1
36;9;0;0;40;-1
18;6;0;0;30;-1
28;10;2;0;60;-1
42;11;1;0;40;1
60;9;0;0;40;-1
41;10;0;0;91;-1
36;9;0;0;55;1
52;14;0;0;40;1
42;9;0;0;40;-1
26;10;0;0;55;1
31;13;0;1;40;-1
47;3;0;1;40;-1
35;10;0;0;50;-1
19;5;0;0;25;-1
59;10;0;1;80;1
38;13;0;0;40;1
36;13;0;0;50;-1
35;14;0;1;55;-1
39;9;0;0;30;-1
64;10;0;0;40;-1
17;6;0;1;25;-1
49;10;0;0;32;-1
19;10;0;1;25;-1
26;9;0;0;45;-1
38;4;0;0;40;-1
25;13;0;1;25;-1
19;9;0;1;40;-1
22;11;2;0;40;-1
60;10;0;0;44;1
46;9;0;0;37;-1
33;10;0;0;40;-1
51;14;0;1;40;-1
18;9;0;1;30;-1
60;9;0;0;25;-1
39;9;0;0;60;-1
39;12;0;1;40;-1
40;10;0;0;40;-1
48;10;0;0;65;1
24;9;0;0;40;-1
32;9;0;0;40;-1
31;10;0;0;60;-1
39;9;1;0;40;-1
27;14;0;1;40;-1
45;14;1;0;38;-1
22;9;1;1;40;-1
31;13;2;0;40;-1
63;9;0;1;40;-1
45;13;0;0;50;1
28;10;0;1;50;-1
23;13;0;1;40;-1
50;9;0;0;44;1
33;8;0;0;40;-1
22;10;0;0;40;-1
29;10;0;0;40;-1
36;9;0;1;35;-1
60;2;0;0;40;1
46;13;0;0;50;-1
67;14;0;1;40;-1
20;10;0;1;15;-1
23;13;0;0;55;-1
38;9;0;0;50;-1
60;15;0;0;40;1
20;10;0;1;35;-1
37;10;1;1;48;-1
37;9;0;0;40;-1
58;9;0;0;40;-1
25;13;0;0;30;-1
27;10;0;1;60;-1
33;10;0;0;55;-1
43;10;0;1;40;-1
21;10;1;0;20;-1
45;9;3;0;40;-1
44;3;1;0;40;-1
52;4;0;0;40;-1
31;9;1;1;20;-1
18;7;2;0;15;-1
20;9;0;1;30;-1
32;9;0;0;40;-1
48;6;1;0;40;-1
46;9;1;0;40;-1
28;9;0;0;50;-1
27;9;1;0;40;-1
18;10;0;1;32;-1
50;14;0;0;40;1
43;9;0;1;40;-1
32;13;0;1;30;-1
43;9;0;1;48;-1
50;13;0;0;40;1
35;10;0;1;40;1
20;9;0;1;5;-1
73;9;0;1;65;-1
46;9;0;1;45;-1
58;9;0;0;60;1
40;9;0;0;50;-1
25;13;0;0;40;-1
22;12;0;1;25;-1
33;13;0;0;40;-1
49;11;0;0;40;-1
62;6;0;1;40;-1
56;10;1;0;48;-1
24;9;0;1;40;-1
42;9;0;1;40;-1
41;14;0;1;40;-1
23;13;0;0;66;-1
22;10;0;0;40;-1
35;13;0;0;40;-1
42;9;2;0;40;-1
22;9;0;0;40;-1
32;9;0;0;50;-1
25;9;0;0;40;-1
66;3;1;1;15;-1
26;9;0;0;38;-1
55;13;0;0;45;1
24;9;0;0;40;-1
25;9;0;0;40;-1
22;10;0;1;40;-1
31;9;0;0;40;-1
30;9;0;1;40;-1
54;9;0;0;15;-1
19;10;0;1;40;-1
56;5;0;1;40;1
47;9;2;0;60;-1
29;9;1;0;40;-1
53;9;0;0;40;-1
22;9;1;1;40;-1
42;9;0;1;40;1
21;10;0;0;40;-1
36;9;0;1;70;-1
60;3;0;0;40;1
69;11;0;1;25;-1
31;9;2;0;40;-1
48;10;0;1;55;-1
23;9;0;1;40;-1
47;9;1;0;40;1
36;9;2;1;40;-1
39;12;0;0;50;1
22;9;0;1;46;-1
36;9;0;0;40;-1
54;2;0;0;40;-1
33;9;0;1;40;-1
52;10;0;0;65;-1
23;13;0;0;32;-1
33;2;0;0;40;-1
30;11;0;1;38;-1
35;11;1;0;38;-1
35;11;0;1;20;1
27;9;0;0;37;-1
24;9;0;0;35;-1
44;9;0;0;40;-1
62;11;1;1;20;-1
75;9;0;0;20;-1
47;13;0;0;50;-1
64;15;0;0;60;-1
54;9;0;0;42;1
41;13;0;0;40;1
33;12;0;0;40;-1
20;10;0;1;10;-1
51;13;0;0;50;1
45;15;0;0;50;1
18;7;0;0;72;-1
43;6;0;0;40;-1
32;9;0;1;40;-1
61;10;0;1;40;-1
21;2;0;0;40;-1
56;7;0;0;49;-1
28;9;0;0;60;-1
23;10;1;1;40;-1
55;10;0;0;84;-1
33;9;0;0;70;-1
22;10;0;1;20;-1
43;11;0;0;40;-1
32;9;0;1;40;-1
38;10;0;1;40;-1
18;5;0;0;20;-1
35;10;0;0;50;1
67;9;0;1;40;-1
29;9;0;1;40;-1
19;2;0;0;55;-1
39;7;0;0;35;-1
45;15;0;0;55;1
42;4;0;0;40;-1
34;13;0;0;40;-1
52;13;0;0;40;-1
18;7;0;0;25;-1
64;9;0;0;25;-1
30;13;0;0;45;1
43;13;0;0;42;-1
49;10;0;0;40;-1
35;10;0;0;40;1
37;15;0;0;50;1
49;4;0;0;40;-1
19;7;0;1;40;-1
31;9;1;0;40;-1
26;10;0;0;40;-1
44;10;0;0;55;-1
38;10;0;1;40;-1
33;9;0;0;60;-1
24;9;1;1;37;-1
18;8;0;0;20;-1
32;11;1;1;40;-1
27;9;0;1;40;-1
28;14;1;0;40;-1
30;11;0;0;40;-1
33;9;1;0;38;-1
74;14;0;1;10;-1
36;9;2;0;70;-1
36;12;0;0;55;-1
39;13;0;1;45;-1
25;13;0;0;80;-1
21;9;0;0;40;-1
39;11;0;1;50;-1
38;10;0;1;32;-1
20;9;2;1;25;-1
51;9;0;0;40;-1
21;9;0;1;40;-1
36;10;0;1;40;-1
50;9;1;1;40;-1
38;9;0;0;55;1
25;13;0;1;40;-1
23;10;0;1;15;-1
36;13;0;0;55;1
41;13;0;0;40;-1
34;14;0;1;50;-1
19;10;0;0;10;-1
18;6;0;1;3;-1
36;6;0;0;40;-1
29;10;0;0;45;-1
23;9;0;1;32;-1
35;9;0;0;40;-1
35;9;0;0;40;-1
40;9;0;0;40;-1
22;10;2;0;40;-1
19;10;0;1;15;-1
70;7;0;0;40;-1
38;10;1;0;55;-1
35;10;0;0;50;-1
25;10;0;1;35;-1
39;10;0;0;45;1
50;16;1;0;37;1
43;12;0;0;50;-1
37;10;0;0;40;1
29;6;0;1;12;-1
20;9;1;0;40;-1
21;10;0;1;40;-1
47;9;1;1;40;-1
44;12;0;1;40;-1
25;7;0;0;40;-1
43;16;0;1;40;-1
46;11;0;0;40;1
42;10;0;0;60;-1
46;14;2;0;40;-1
22;10;0;1;30;-1
49;9;1;0;40;-1
21;9;0;0;50;-1
53;14;0;1;40;1
43;10;0;0;42;-1
22;9;0;0;50;-1
28;11;0;1;40;-1
25;10;0;1;24;-1
40;13;2;0;40;1
50;10;0;0;45;1
48;10;0;0;65;1
30;9;0;0;40;-1
33;9;1;1;38;-1
34;10;2;0;40;-1
42;13;2;0;40;1
48;10;2;0;65;-1
29;9;0;0;40;-1
33;6;0;0;40;-1
44;11;0;1;25;-1
49;9;0;0;45;-1
25;9;0;0;40;-1
33;13;0;1;40;-1
38;10;0;0;60;-1
20;9;0;1;38;-1
44;9;0;0;50;-1
45;13;0;0;40;1
27;9;0;0;50;-1
18;9;0;0;40;-1
38;9;0;0;50;-1
45;7;0;0;42;-1
64;3;1;1;16;-1
34;13;0;1;35;-1
45;13;0;0;40;1
42;9;0;0;40;-1
26;6;1;0;20;-1
27;11;0;0;40;-1
21;10;0;1;40;-1
23;10;0;0;30;-1
47;10;0;0;40;-1
20;10;0;1;40;-1
46;13;0;0;38;1
35;9;1;1;40;-1
28;10;0;1;24;-1
21;10;0;1;40;-1
36;9;0;0;40;-1
29;16;0;1;60;1
38;13;0;0;40;1
37;13;0;0;50;1
81;2;0;0;45;-1
41;10;0;1;40;-1
29;13;0;1;40;-1
30;12;0;1;40;-1
25;9;0;0;40;-1
42;9;0;1;40;-1
30;9;1;0;40;-1
65;9;0;0;20;-1
18;9;0;0;35;-1
30;10;0;0;48;-1
61;12;0;0;42;-1
21;9;0;0;45;-1
53;9;0;0;48;-1
60;4;1;1;15;-1
47;6;0;0;40;-1
48;10;1;0;40;-1
32;13;0;1;40;-1
25;14;0;1;35;-1
31;13;0;0;40;-1
33;14;0;0;30;-1
27;9;0;0;50;-1
44;9;0;1;40;1
37;10;0;0;40;-1
34;9;1;0;40;-1
51;10;0;0;40;1
51;14;0;0;40;-1
25;13;0;0;60;-1
25;13;1;1;24;-1
29;13;0;0;50;1
36;9;0;0;70;1
55;9;0;1;40;-1
39;13;0;1;40;-1
31;6;0;0;40;-1
31;15;2;0;40;-1
51;11;0;1;40;-1
62;9;0;1;32;-1
27;13;0;0;52;-1
23;10;0;0;30;-1
35;5;0;0;50;-1
46;12;0;1;36;-1
45;13;0;0;50;1
27;9;0;0;40;-1
46;9;0;0;40;1
22;7;0;1;20;-1
37;10;0;1;30;-1
42;10;0;0;40;-1
45;9;0;1;40;-1
33;11;0;0;40;-1
46;11;0;0;40;-1
24;9;0;0;50;-1
56;9;0;1;40;-1
34;10;0;1;12;1
50;9;0;0;40;1
48;13;0;0;50;1
45;7;0;1;36;-1
41;10;0;1;40;-1
66;10;0;0;24;-1
63;15;0;0;40;-1
35;9;0;0;35;-1
22;10;0;1;40;-1
58;10;0;0;45;1
24;9;0;1;48;-1
34;10;0;1;6;-1
33;14;0;1;50;-1
33;9;0;0;60;-1
17;7;0;1;15;-1
27;13;0;0;40;1
20;10;0;1;20;-1
30;4;0;0;40;-1
22;13;0;0;40;-1
20;12;0;1;40;-1
64;3;0;1;45;-1
38;13;1;1;60;-1
46;9;1;0;80;1
17;6;0;0;20;-1
45;2;0;0;40;-1
27;13;0;1;40;-1
45;11;0;1;30;-1
26;9;0;0;78;1
44;13;0;0;45;-1
35;5;0;1;40;-1
24;9;0;1;40;-1
56;13;0;1;40;-1
47;14;0;0;40;-1
32;13;0;0;50;1
55;12;0;1;5;-1
35;13;0;0;50;1
37;9;0;0;68;-1
33;9;0;1;45;-1
34;9;0;0;50;-1
24;10;0;0;40;-1
25;9;0;1;40;-1
31;9;0;0;45;-1
38;11;0;0;40;-1
30;13;0;0;40;1
35;9;0;0;32;-1
67;13;0;1;60;-1
34;13;0;1;40;-1
46;9;0;1;40;-1
19;10;0;1;16;-1
26;12;1;1;15;-1
28;10;1;0;40;-1
47;10;0;0;40;-1
49;14;0;0;40;1
44;13;0;0;40;1
30;9;0;1;40;-1
18;10;2;0;16;-1
81;15;0;0;24;1
43;10;0;1;40;-1
35;8;0;0;20;-1
58;9;0;0;72;-1
32;13;2;0;40;-1
40;9;0;0;35;-1
32;9;1;1;40;-1
44;9;0;0;25;-1
25;10;0;1;40;-1
42;9;0;0;40;-1
27;9;0;0;40;-1
62;6;0;0;40;-1
31;9;1;0;40;-1
33;13;1;1;40;-1
50;10;0;0;55;-1
46;11;0;0;60;-1
22;12;0;1;35;-1
52;9;0;1;45;-1
41;11;0;0;40;-1
19;8;0;1;30;-1
45;13;1;1;60;-1
51;8;0;0;99;-1
69;12;0;1;1;-1
45;13;0;0;30;-1
48;10;0;1;50;-1
42;9;0;1;40;-1
19;10;0;1;10;-1
39;9;0;0;70;-1
46;9;0;0;50;1
36;10;0;1;45;-1
21;9;0;0;35;-1
41;15;0;0;40;1
17;7;0;1;20;-1
29;9;0;0;40;-1
52;10;0;1;60;-1
33;12;0;0;40;-1
38;14;1;1;35;-1
42;13;0;0;40;1
24;12;0;0;30;-1
59;10;0;0;60;1
42;9;0;0;96;-1
54;13;0;0;50;-1
26;12;2;1;40;-1
50;9;0;0;40;1
42;11;0;0;45;-1
31;13;0;1;30;-1
56;9;0;1;45;-1
28;12;0;1;40;1
34;9;0;0;45;1
28;9;0;1;40;-1
41;13;2;0;40;1
34;12;0;0;65;-1
26;14;0;0;55;1
25;11;0;1;40;-1
48;10;0;0;40;-1
47;10;0;1;40;-1
17;7;0;1;20;-1
44;3;0;0;40;-1
46;10;0;1;40;-1
32;13;0;0;50;-1
42;10;1;0;40;-1
33;13;0;0;50;1
61;9;1;1;40;-1
47;13;0;0;40;-1
62;6;1;0;40;-1
62;13;0;0;40;-1
19;10;0;1;40;-1
33;13;0;0;40;-1
39;13;0;1;42;-1
17;7;0;0;10;-1
58;10;0;0;40;-1
35;13;0;1;50;-1
55;4;0;1;40;-1
32;10;0;0;40;-1
19;9;0;0;40;-1
41;9;0;0;40;-1
24;9;0;1;40;-1
52;9;0;0;35;-1
48;13;0;0;40;-1
32;10;0;1;30;-1
47;9;0;1;35;-1
38;15;0;1;40;-1
18;9;1;0;40;-1
25;9;0;0;40;-1
36;13;0;1;32;1
40;11;0;1;20;-1
56;7;0;0;20;-1
50;11;0;1;40;1
32;9;0;0;40;-1
41;11;0;0;43;1
28;10;0;1;52;-1
53;10;0;0;55;-1
26;11;0;1;40;-1
21;10;0;0;20;-1
29;9;0;0;40;-1
43;13;0;0;45;1
45;10;0;0;45;-1
35;5;0;1;35;-1
36;9;0;1;40;1
25;9;0;1;50;-1
38;10;1;0;40;-1
30;10;0;1;40;-1
41;9;0;0;40;-1
27;10;0;0;40;-1
64;10;0;0;20;-1
41;9;0;0;45;-1
51;3;0;1;40;-1
61;2;0;0;40;-1
52;4;1;1;16;-1
40;12;0;0;60;1
20;9;0;0;40;-1
52;14;0;0;40;-1
50;10;0;0;40;1
49;13;0;1;40;1
36;13;1;1;40;-1
33;14;0;0;40;-1
40;9;2;0;50;-1
45;13;0;0;50;1
22;10;0;1;35;-1
47;14;0;1;2;1
24;9;0;0;30;-1
19;10;0;1;30;-1
40;9;0;1;40;-1
40;10;0;1;50;1
43;15;3;0;35;1
63;13;0;0;40;-1
18;7;0;1;20;-1
19;2;0;0;40;-1
49;9;0;0;45;-1
27;14;0;0;45;1
49;14;0;1;40;-1
60;9;0;0;50;-1
71;9;0;0;40;-1
34;9;0;0;40;-1
29;13;0;1;46;1
30;10;0;0;44;-1
46;9;0;0;17;-1
32;11;0;0;40;-1
25;9;0;0;75;-1
25;14;0;0;45;-1
22;10;0;1;40;1
32;10;0;0;50;-1
40;16;0;1;30;1
20;9;0;0;30;-1
34;9;0;1;48;-1
40;10;0;0;50;-1
34;11;0;1;40;-1
19;6;0;0;25;-1
53;6;1;0;40;-1
42;10;0;0;40;1
38;14;0;0;65;1
41;9;0;0;60;1
64;15;0;0;16;-1
30;10;0;0;40;-1
20;7;0;0;40;-1
19;9;0;1;30;-1
20;9;0;0;60;-1
35;13;0;0;45;-1
33;9;0;0;40;-1
38;10;0;1;38;-1
50;10;0;1;30;-1
23;9;0;1;10;-1
30;10;0;1;10;-1
33;13;1;1;40;-1
48;9;0;0;40;-1
43;13;0;1;24;-1
33;10;1;0;40;-1
50;14;1;0;45;1
23;10;0;0;40;1
36;10;0;0;50;-1
50;9;0;1;46;-1
26;9;0;1;20;-1
37;9;0;0;40;-1
43;9;0;0;40;-1
38;10;0;0;40;-1
42;4;0;0;30;-1
44;13;2;0;40;-1
28;9;0;0;40;-1
51;10;0;1;40;-1
51;9;0;0;40;-1
49;13;0;0;40;-1
31;10;0;1;40;-1
23;10;0;0;30;-1
40;10;0;1;40;-1
66;4;0;0;50;-1
17;7;0;1;20;-1
37;10;0;0;40;1
69;15;0;0;3;-1
23;13;0;1;40;-1
38;9;0;0;42;1
37;9;0;0;40;-1
38;10;0;1;40;-1
38;5;0;0;54;-1
37;13;0;1;40;-1
37;9;0;0;50;1
23;5;0;0;70;-1
17;6;0;1;15;-1
48;13;0;0;35;-1
17;7;0;1;23;-1
35;10;0;0;40;1
68;10;0;1;12;1
35;13;0;0;45;-1
53;13;0;0;60;1
43;9;0;0;48;-1
36;14;0;0;40;-1
24;9;1;1;40;-1
45;10;0;0;48;-1
56;9;0;1;38;-1
36;9;0;0;45;1
22;10;0;0;50;-1
33;9;1;0;36;-1
48;9;0;1;32;-1
20;10;0;1;30;-1
47;7;0;0;40;-1
20;10;0;1;25;-1
44;13;1;1;40;-1
45;13;0;0;77;-1
45;14;0;0;37;1
27;13;1;0;40;-1
41;9;0;0;72;1
20;9;0;0;55;-1
50;9;0;0;40;1
31;14;0;0;40;-1
49;9;0;0;30;-1
44;14;0;0;40;-1
49;9;0;0;50;-1
28;13;0;0;52;-1
33;12;2;1;40;-1
35;10;1;1;55;-1
17;7;0;1;20;-1
25;9;0;0;40;-1
41;9;0;1;40;-1
30;14;0;0;45;-1
48;11;2;0;56;1
61;10;0;0;35;-1
41;9;0;0;40;-1
36;9;0;0;50;-1
24;10;0;0;40;-1
27;9;1;0;40;-1
18;7;0;1;2;-1
20;10;0;1;15;-1
18;10;0;0;12;-1
23;9;0;0;40;-1
38;10;1;1;40;-1
36;10;0;1;40;-1
28;13;0;0;50;-1
47;10;0;0;40;-1
35;13;0;0;40;1
38;13;0;0;60;-1
47;10;1;0;40;1
26;7;0;1;40;-1
31;10;0;0;40;1
46;10;1;1;35;-1
49;10;0;1;40;-1
19;9;0;1;30;-1
45;10;0;0;50;-1
70;10;0;0;20;-1
19;10;0;1;20;-1
46;11;0;0;50;-1
20;10;0;0;35;-1
17;7;0;1;22;-1
43;10;0;0;49;1
19;10;0;1;15;-1
37;9;0;0;40;-1
51;9;0;1;40;-1
40;13;0;0;40;1
24;10;0;0;60;-1
31;12;0;0;40;-1
27;9;1;1;40;-1
30;9;0;0;40;-1
28;12;0;0;32;-1
25;9;1;0;50;-1
22;13;0;1;20;-1
21;10;0;0;40;-1
67;10;0;0;6;-1
35;13;0;1;60;1
54;9;0;0;56;-1
36;9;0;0;40;-1
29;13;0;0;40;-1
55;9;0;0;40;-1
56;14;0;1;40;-1
19;10;1;0;25;-1
58;9;0;1;40;1
35;9;0;1;40;-1
44;6;1;1;40;-1
40;9;0;0;40;-1
18;9;0;1;20;-1
71;9;2;0;35;-1
51;9;0;0;57;1
27;9;1;0;40;-1
20;8;0;0;35;-1
33;7;0;1;40;-1
34;11;1;1;40;-1
28;11;0;0;40;1
23;10;0;1;24;-1
42;15;0;1;39;1
19;9;1;0;10;-1
38;14;1;0;40;-1
22;9;0;1;40;-1
36;11;1;1;54;-1
30;10;1;1;40;-1
54;10;0;1;45;1
58;6;0;0;40;-1
39;11;0;0;40;-1
62;9;0;1;38;-1
51;9;0;0;40;-1
52;10;0;1;50;-1
25;9;0;1;30;-1
26;13;0;1;40;-1
26;6;1;0;40;-1
59;13;1;1;40;-1
21;9;0;0;50;-1
45;14;0;0;18;1
26;9;0;0;36;-1
68;6;0;0;20;-1
60;9;0;0;40;1
65;9;0;0;18;-1
41;14;0;1;45;-1
34;9;0;0;50;-1
28;9;1;0;40;-1
40;11;0;1;40;-1
57;14;0;0;60;1
37;7;0;0;50;-1
34;6;1;0;60;-1
21;7;0;1;56;-1
57;13;0;0;48;1
51;9;0;0;60;-1
56;13;0;0;40;1
32;10;0;0;60;-1
18;10;0;0;15;-1
48;11;0;0;40;-1
46;13;0;0;40;1
41;15;0;0;50;1
33;9;0;0;20;-1
33;9;0;0;40;-1
47;3;0;0;40;-1
40;9;0;1;38;-1
42;9;0;0;40;-1
51;7;0;0;40;-1
44;10;0;1;57;-1
37;9;0;1;40;-1
25;7;1;1;40;-1
52;9;0;0;45;-1
28;9;0;1;40;-1
34;13;0;0;50;-1
37;12;0;1;40;1
31;9;0;0;45;-1
35;10;0;1;35;-1
25;10;0;1;40;-1
38;9;0;0;40;-1
43;9;0;0;60;-1
22;10;2;1;40;-1
18;7;0;0;20;-1
26;9;0;1;40;-1
36;9;0;0;60;1
43;9;0;0;20;-1
21;10;0;1;25;-1
62;10;0;1;40;-1
26;9;0;0;40;-1
54;13;0;0;40;1
18;7;0;1;20;-1
65;9;0;0;55;-1
31;5;0;1;20;-1
56;5;0;1;40;-1
50;13;0;0;50;1
22;13;0;1;35;-1
36;10;0;0;48;-1
48;16;2;0;40;1
30;9;0;1;30;-1
35;10;0;0;45;-1
37;9;0;0;30;-1
32;9;0;0;5;-1
56;14;0;1;50;-1
29;9;0;0;35;-1
41;12;0;0;40;-1
38;9;0;0;40;-1
34;5;0;1;35;-1
36;11;0;0;50;-1
42;11;0;1;40;-1
33;9;0;0;50;-1
21;9;0;1;30;-1
69;6;0;0;10;-1
32;12;1;1;46;-1
50;9;0;0;40;-1
40;8;0;0;40;-1
45;9;0;1;40;-1
31;9;0;0;35;-1
24;13;0;1;40;-1
28;13;0;0;60;1
21;12;0;1;5;-1
43;11;0;0;25;-1
22;9;0;1;25;-1
21;10;0;0;25;-1
37;10;0;0;45;-1
34;10;1;1;40;-1
43;10;1;1;38;-1
25;10;0;1;40;-1
43;7;0;0;40;-1
23;7;0;0;40;-1
33;9;1;1;40;-1
51;13;0;0;35;1
64;13;0;1;40;-1
35;10;0;0;50;-1
32;13;0;0;48;1
20;10;0;1;40;-1
66;9;0;0;50;1
31;10;0;0;40;-1
22;10;0;1;24;-1
32;15;0;0;40;-1
23;12;0;1;40;-1
21;10;0;0;40;-1
36;9;2;1;2;-1
24;9;0;0;40;-1
20;10;0;1;5;-1
30;10;0;0;30;-1
17;6;0;0;20;-1
17;7;1;0;8;-1
21;11;0;0;40;-1
56;9;0;0;40;-1
37;10;0;1;40;-1
52;10;0;1;40;-1
50;10;0;0;40;1
55;13;0;0;40;1
45;9;0;1;40;-1
39;10;0;1;40;-1
28;8;0;1;40;-1
38;13;0;0;40;-1
51;9;0;0;40;-1
25;10;0;1;45;-1
52;10;0;1;20;1
45;9;0;1;40;-1
17;7;0;1;12;-1
20;9;2;1;15;-1
64;14;0;0;25;-1
74;10;0;0;4;-1
44;14;0;0;40;1
23;12;0;1;25;-1
23;9;0;0;50;-1
27;11;0;1;36;-1
34;13;0;0;45;1
18;9;0;1;24;-1
33;7;1;1;17;-1
50;10;0;0;48;-1
47;9;0;0;50;-1
18;7;0;1;15;-1
34;10;0;0;50;-1
56;10;0;0;40;1
64;9;0;1;8;-1
23;10;0;1;50;-1
33;10;0;0;40;-1
43;14;0;0;45;-1
57;8;0;1;40;-1
22;13;0;0;45;-1
23;13;0;0;40;-1
32;14;0;0;40;-1
20;10;0;0;15;-1
30;10;0;0;52;-1
56;9;0;0;45;-1
34;9;0;0;40;-1
32;9;0;0;40;-1
59;14;0;0;50;1
19;10;0;0;11;-1
60;5;0;1;40;-1
29;9;0;0;42;-1
24;10;0;0;60;-1
41;14;0;0;35;-1
23;4;3;1;30;-1
51;9;0;0;40;-1
18;9;0;0;10;-1
28;10;0;1;40;-1
38;9;1;1;30;-1
29;13;0;0;50;-1
25;9;0;0;45;-1
31;15;0;0;55;-1
34;13;0;1;25;-1
41;3;0;0;40;-1
62;4;0;0;20;-1
58;9;1;0;40;-1
40;9;0;1;40;-1
24;13;2;1;40;-1
47;9;0;0;40;1
19;9;1;0;25;-1
32;10;0;0;45;-1
51;10;0;1;40;-1
25;5;0;0;45;-1
60;14;0;0;40;-1
22;10;0;0;40;-1
29;13;0;1;50;1
20;9;0;0;40;-1
42;4;0;0;40;-1
18;9;0;0;20;-1
23;6;2;1;40;-1
28;13;0;0;40;1
55;13;0;1;40;1
40;9;1;0;40;-1
52;10;0;0;50;-1
37;9;0;0;40;1
35;11;0;0;60;-1
45;10;0;0;48;-1
39;9;1;1;40;-1
54;9;0;0;44;-1
42;4;0;1;40;-1
26;10;0;1;20;-1
59;12;0;0;40;-1
42;9;0;1;40;1
22;10;1;1;20;-1
33;13;0;1;40;-1
39;10;0;0;40;1
18;7;0;0;70;-1
46;10;1;0;60;1
24;13;0;0;40;-1
28;11;0;1;30;-1
21;9;0;1;43;-1
22;7;0;0;30;-1
56;10;2;0;40;-1
21;10;0;1;20;-1
17;6;0;0;26;-1
29;10;0;0;40;1
28;9;0;0;40;1
62;9;0;1;38;-1
30;9;0;0;40;-1
20;7;0;0;40;-1
18;7;0;0;12;-1
54;9;0;0;40;-1
49;10;0;0;40;1
33;16;2;0;50;-1
50;13;0;0;40;1
57;9;0;0;78;-1
50;9;0;1;40;-1
45;13;0;0;40;1
41;10;0;0;40;1
23;9;0;0;48;-1
23;13;0;1;40;-1
47;9;0;1;40;-1
39;13;2;0;50;-1
46;9;1;0;40;-1
18;3;0;0;40;-1
68;4;0;0;40;-1
62;11;0;0;40;1
43;12;0;0;40;-1
35;9;0;0;40;-1
21;9;0;1;40;-1
21;10;0;0;40;-1
41;11;0;1;45;-1
61;9;0;0;40;-1
24;9;0;0;50;-1
21;9;1;0;40;-1
36;3;0;0;40;-1
37;11;0;1;40;-1
49;10;0;1;50;-1
55;9;0;0;53;1
21;9;0;0;40;-1
18;6;0;0;40;-1
26;9;1;0;40;-1
20;10;0;1;18;-1
23;6;0;0;40;-1
48;9;0;0;40;1
42;14;0;0;40;-1
41;14;0;0;38;1
45;12;0;1;40;-1
22;13;1;1;18;-1
27;9;0;0;43;-1
36;9;0;0;40;-1
34;9;2;0;52;-1
38;14;0;0;50;1
20;10;0;1;40;-1
47;9;0;1;45;-1
21;9;0;0;50;-1
33;9;0;0;40;-1
31;12;0;0;40;-1
61;8;0;0;40;-1
46;6;1;0;45;-1
55;14;1;0;40;1
19;10;0;0;40;-1
39;9;0;0;40;1
61;9;0;0;40;-1
28;10;0;0;40;-1
28;6;0;0;40;-1
61;9;0;0;38;1
61;9;0;0;37;-1
54;10;0;0;40;-1
50;10;0;0;70;-1
37;14;0;1;45;1
17;7;0;1;30;-1
56;9;0;1;4;-1
31;13;0;1;50;1
32;13;0;1;55;1
28;7;0;1;40;-1
34;11;0;0;40;-1
33;6;0;1;25;-1
42;11;0;1;35;-1
64;11;0;0;48;-1
29;10;0;0;20;-1
41;3;0;0;32;-1
45;10;0;0;40;-1
48;14;0;0;45;1
44;10;0;1;38;-1
34;10;0;0;40;-1
40;9;0;0;45;-1
23;10;0;1;20;-1
51;13;0;0;55;1
34;10;0;0;40;1
56;15;0;0;32;1
42;9;0;1;40;-1
45;13;0;0;60;-1
40;9;0;0;40;1
29;9;0;0;40;-1
35;13;0;0;40;-1
47;9;0;1;37;-1
51;11;0;1;43;-1
28;9;0;0;40;-1
58;9;0;0;45;1
24;9;0;1;25;-1
46;9;0;0;40;-1
57;6;1;0;48;-1
22;9;0;0;20;-1
28;13;1;0;30;-1
17;6;0;0;25;-1
23;9;0;0;60;-1
19;9;0;0;40;-1
66;9;1;1;35;-1
38;10;0;0;55;-1
39;10;1;1;40;-1
39;8;0;0;40;-1
39;9;0;0;60;-1
22;10;0;0;40;-1
36;9;1;0;30;-1
32;10;2;0;40;-1
29;9;0;0;40;-1
43;13;0;0;40;-1
51;9;0;0;40;-1
42;3;0;0;60;-1
32;8;0;1;40;-1
34;10;0;0;40;-1
51;11;0;0;57;-1
38;13;0;0;44;-1
21;9;1;0;20;-1
33;13;0;1;15;-1
34;9;0;0;40;-1
32;9;0;0;40;-1
38;11;0;0;15;-1
27;9;1;0;60;1
35;10;0;0;50;1
29;13;0;0;50;-1
40;9;0;0;40;-1
46;4;1;0;30;-1
37;9;1;1;30;-1
44;13;0;0;45;1
25;14;0;0;30;-1
38;9;0;0;42;-1
34;12;0;1;10;-1
46;10;0;0;50;1
20;3;0;0;30;-1
47;11;0;0;38;1
46;16;0;0;60;1
34;12;0;0;40;-1
61;9;0;0;40;-1
55;10;1;1;37;-1
36;9;0;0;35;-1
22;9;0;0;40;-1
34;10;1;1;35;-1
33;10;1;0;40;-1
27;9;0;1;32;-1
20;10;0;0;33;-1
38;9;1;0;40;-1
30;10;0;0;40;-1
21;7;0;0;42;-1
60;9;0;0;30;-1
43;10;0;0;40;-1
36;9;0;0;45;1
23;10;0;1;48;-1
25;9;1;0;40;-1
38;9;1;1;32;-1
22;9;0;0;35;-1
23;3;0;0;40;-1
61;9;0;1;44;-1
28;10;0;0;46;-1
17;7;0;1;10;-1
21;10;0;1;25;-1
49;14;0;0;40;-1
37;8;0;0;35;-1
23;10;0;1;40;-1
34;13;0;1;46;1
21;9;0;1;40;-1
27;10;1;0;40;1
57;9;0;0;84;1
22;9;1;0;25;-1
20;10;3;1;35;-1
49;10;0;1;65;1
38;9;0;0;40;-1
40;13;0;0;40;-1
37;10;0;1;20;-1
57;14;0;0;30;-1
56;4;0;1;30;-1
41;12;0;0;80;-1
50;9;2;0;60;-1
33;5;0;0;50;-1
29;14;0;0;20;-1
35;6;0;0;50;-1
36;9;0;0;40;-1
30;12;0;0;40;-1
35;9;0;0;60;-1
27;11;0;0;40;-1
22;9;0;0;40;-1
24;10;0;0;30;-1
47;13;0;0;50;1
47;10;0;0;40;1
18;7;0;1;15;-1
18;10;0;0;30;-1
31;9;0;0;47;1
43;14;0;1;30;-1
39;9;0;0;40;-1
30;13;0;0;50;-1
22;10;0;1;35;-1
30;9;0;0;85;-1
36;16;0;0;60;1
20;12;0;0;30;-1
59;10;0;0;60;1
60;9;0;0;40;-1
43;13;0;1;40;-1
35;9;0;0;60;-1
40;13;0;0;50;1
47;14;0;0;40;-1
40;12;0;0;50;-1
20;9;0;0;40;-1
75;10;0;0;13;-1
25;10;0;1;40;-1
47;11;0;0;40;1
29;12;0;1;40;1
34;9;0;0;45;-1
45;13;0;1;40;-1
46;12;0;1;40;-1
41;10;1;1;38;-1
29;13;0;0;40;1
17;7;2;0;20;-1
39;5;0;0;40;-1
37;9;1;1;40;-1
34;9;1;0;40;-1
20;9;0;0;40;-1
52;11;0;0;40;1
42;12;2;1;40;-1
22;3;0;0;35;-1
66;10;0;1;55;-1
35;9;0;0;65;-1
40;12;0;0;40;1
21;9;2;1;38;-1
51;9;0;0;52;-1
34;6;0;0;40;-1
24;9;0;0;40;-1
43;13;0;1;40;-1
34;13;0;1;40;1
42;14;0;1;40;-1
41;11;0;0;30;-1
21;9;0;1;40;-1
64;4;0;0;10;-1
23;10;0;0;10;-1
29;9;0;0;50;-1
44;9;0;1;60;-1
28;13;0;0;55;-1
33;9;0;0;50;1
35;10;0;0;40;-1
41;6;0;1;40;-1
42;13;1;0;40;1
51;10;0;0;99;1
32;7;1;1;40;-1
37;9;0;0;40;-1
18;7;0;1;25;-1
24;11;0;1;35;-1
29;10;0;1;40;-1
45;10;0;0;40;-1
52;13;0;0;45;1
35;9;0;1;40;-1
46;13;0;1;50;-1
63;9;0;0;50;1
32;13;0;1;35;1
72;10;0;0;32;-1
35;10;0;0;10;-1
29;13;0;1;40;-1
70;6;0;0;32;-1
36;9;0;1;30;-1
49;9;0;0;40;-1
18;7;0;0;40;-1
21;10;0;0;35;-1
42;6;1;0;40;-1
25;14;0;1;37;-1
32;9;0;0;40;-1
25;9;0;0;60;-1
30;11;0;1;40;-1
21;12;0;1;40;-1
38;13;0;0;60;-1
37;12;0;1;30;-1
56;9;0;1;40;1
52;11;0;0;40;-1
23;13;0;0;40;-1
29;9;0;0;42;-1
45;9;0;0;40;1
23;13;0;1;40;-1
45;14;0;0;65;1
30;13;0;0;42;-1
45;13;0;0;50;-1
26;9;0;0;40;-1
23;10;0;0;40;-1
24;10;0;1;40;-1
42;9;0;0;40;-1
72;10;0;1;25;-1
21;10;0;1;40;-1
24;13;0;0;45;-1
27;9;0;0;40;-1
54;9;0;0;40;-1
42;9;0;0;60;1
17;5;1;0;40;-1
48;13;0;0;55;1
39;13;0;1;40;-1
50;4;0;1;35;-1
57;9;0;0;45;-1
44;16;0;0;36;1
20;9;0;1;28;-1
49;9;0;0;40;-1
42;11;0;0;44;-1
18;10;0;0;16;-1
18;8;0;0;18;-1
51;9;1;1;40;-1
28;13;0;1;40;-1
25;9;0;0;52;-1
39;10;0;0;40;1
42;7;0;1;30;-1
63;6;0;0;40;-1
47;10;0;1;45;1
27;13;0;0;68;-1
20;10;0;0;40;-1
49;9;0;1;40;-1
70;9;0;0;28;-1
47;9;0;0;30;1
35;5;0;0;40;-1
24;9;0;0;40;-1
22;10;0;0;40;-1
43;13;0;1;35;-1
60;14;0;0;40;1
53;7;0;0;48;1
47;10;0;1;40;-1
34;10;0;0;40;-1
37;11;0;0;40;-1
35;9;0;0;30;-1
23;10;0;1;40;-1
27;9;0;1;15;-1
29;9;0;0;50;-1
23;10;0;0;40;-1
35;9;0;1;35;-1
18;9;0;1;12;-1
27;13;0;1;40;-1
56;10;0;1;20;-1
40;9;0;1;70;-1
31;13;0;0;65;-1
25;12;0;1;40;-1
36;10;1;1;40;-1
38;6;0;0;40;-1
52;9;0;0;40;-1
23;9;0;0;35;-1
48;10;0;0;30;1
34;9;1;1;35;-1
46;9;0;0;40;1
26;9;0;0;40;-1
47;9;0;0;40;-1
21;10;0;1;3;-1
31;9;1;0;40;-1
68;9;0;0;40;-1
26;13;2;1;40;-1
42;9;0;0;40;-1
49;9;0;0;40;1
31;5;0;0;40;-1
28;13;0;0;20;-1
36;13;0;1;50;-1
42;10;0;1;40;1
62;9;0;0;40;-1
21;9;0;0;24;-1
21;10;3;1;20;-1
60;9;0;0;40;-1
22;10;0;1;25;-1
30;6;0;0;40;-1
64;9;0;1;40;-1
25;9;0;0;40;-1
27;9;0;0;40;-1
40;12;0;0;44;-1
58;10;0;0;40;1
31;15;0;1;99;-1
50;9;0;1;40;-1
27;9;0;0;40;-1
31;9;2;0;40;-1
50;13;0;0;40;-1
45;9;1;0;40;1
33;8;1;0;40;-1
19;10;0;1;35;-1
30;7;1;1;30;-1
38;10;0;1;25;-1
42;9;0;0;99;1
49;10;0;0;25;-1
24;10;1;1;40;-1
29;11;0;1;35;-1
38;13;0;0;40;1
25;11;0;0;55;-1
51;6;2;0;40;-1
17;7;0;1;20;-1
19;10;0;1;8;-1
38;10;0;0;52;1
60;9;0;1;40;-1
29;9;0;0;40;-1
28;6;2;1;40;-1
36;9;0;0;45;1
57;9;3;0;5;-1
24;12;0;0;40;-1
43;12;0;1;38;-1
29;15;0;0;55;1
20;9;0;0;40;-1
21;10;2;0;20;-1
20;6;0;0;40;-1
42;12;0;0;60;1
20;10;0;1;10;-1
19;9;0;0;35;-1
34;9;0;0;45;-1
40;13;0;1;45;-1
33;10;1;1;25;-1
36;10;0;1;37;-1
41;9;1;1;40;-1
34;9;0;0;40;1
33;12;3;0;40;1
47;9;0;0;40;-1
41;2;0;0;50;-1
40;9;0;0;40;1
28;13;1;0;40;-1
62;9;0;0;90;1
29;9;0;1;50;-1
46;10;0;1;40;-1
28;9;0;0;60;-1
57;9;0;1;40;-1
22;10;0;1;40;-1
28;12;0;1;40;-1
24;13;0;1;45;-1
22;7;0;0;40;-1
36;13;1;1;40;-1
50;10;0;1;40;-1
18;7;0;0;24;-1
52;12;0;0;40;1
41;4;0;0;40;-1
21;9;0;1;20;-1
34;13;0;1;55;1
21;11;0;0;40;-1
46;9;0;0;40;-1
57;10;0;0;40;-1
61;14;0;1;25;-1
22;10;0;0;25;-1
33;7;0;0;53;-1
25;12;2;1;37;1
17;6;0;0;30;-1
40;14;0;0;35;-1
31;14;0;0;45;-1
42;13;0;0;40;1
53;9;0;0;40;1
37;2;0;0;40;-1
37;9;0;1;20;-1
54;10;0;1;40;1
36;9;0;1;30;-1
46;10;0;1;40;-1
46;13;0;0;48;-1
32;5;0;0;50;-1
42;13;1;0;40;-1
37;9;0;0;40;-1
29;9;0;0;48;-1
54;13;0;0;40;1
38;8;0;0;48;-1
46;9;0;0;40;-1
24;9;0;0;40;-1
57;2;0;0;40;-1
59;2;0;0;40;-1
33;13;0;0;40;1
26;9;0;0;40;-1
46;9;1;1;45;-1
44;13;2;0;38;1
24;10;0;0;24;-1
32;6;1;1;37;-1
35;13;0;1;40;-1
67;14;0;0;30;1
56;13;0;0;20;1
26;14;2;0;20;-1
52;9;0;0;48;1
38;10;0;0;40;-1
31;9;1;0;50;-1
53;9;0;0;30;-1
27;9;1;0;40;-1
39;13;0;1;40;-1
22;9;0;0;40;-1
37;10;0;0;35;1
20;9;0;0;30;-1
60;9;0;0;40;-1
51;11;1;1;48;-1
57;15;0;1;50;1
59;10;0;0;40;1
37;9;0;0;40;-1
35;9;0;1;40;-1
43;10;0;0;72;1
17;8;0;0;35;-1
45;13;0;0;50;1
18;9;0;1;40;-1
52;8;0;1;40;-1
18;10;0;0;9;-1
20;10;1;0;40;-1
34;9;0;0;40;-1
19;9;1;1;20;-1
18;8;0;1;12;-1
17;5;0;0;45;-1
30;13;0;1;35;-1
29;13;0;1;45;-1
18;5;0;0;15;-1
50;13;1;1;37;-1
22;9;0;0;40;-1
21;9;0;1;35;-1
39;5;0;0;40;-1
62;12;0;1;7;-1
32;10;0;1;38;-1
38;12;0;0;40;1
34;7;0;0;30;-1
28;9;0;0;20;-1
26;10;0;1;37;-1
41;9;0;0;40;-1
21;11;0;1;50;-1
50;9;0;0;40;1
49;10;0;0;60;1
26;9;0;0;65;-1
39;4;0;0;40;-1
24;10;2;0;40;-1
56;9;0;0;18;-1
17;7;1;0;17;-1
37;9;0;0;52;1
23;11;0;1;30;-1
28;9;1;1;40;-1
57;9;0;0;60;-1
42;13;0;0;45;1
25;13;0;1;40;-1
22;13;0;0;20;-1
39;9;1;0;40;-1
54;7;1;1;40;1
41;13;0;0;50;-1
43;9;2;0;40;-1
19;9;0;1;40;-1
35;10;0;0;40;-1
34;9;0;0;60;1
19;9;0;1;30;-1
33;10;0;1;40;-1
33;10;0;0;52;-1
49;14;0;0;65;1
31;9;0;1;50;-1
69;9;0;0;13;-1
24;9;3;1;40;-1
45;9;0;1;38;1
75;10;0;0;16;-1
34;9;1;0;40;-1
33;14;0;1;40;-1
44;9;0;1;43;-1
18;7;0;1;20;-1
48;9;0;1;52;-1
43;9;0;0;40;1
35;9;0;0;50;-1
34;10;1;1;40;-1
48;9;0;0;70;1
54;9;1;1;40;-1
57;9;0;0;40;-1
21;9;0;0;60;-1
28;10;2;0;55;-1
51;11;0;0;40;1
34;9;0;0;53;1
41;10;0;0;45;1
21;10;0;1;27;-1
26;13;0;0;58;1
66;9;2;1;40;-1
48;12;0;1;40;-1
44;13;0;0;50;-1
41;9;0;0;40;-1
55;12;2;0;40;1
43;13;0;0;40;1
51;11;0;0;50;1
31;7;0;0;40;-1
51;9;0;1;40;-1
31;9;2;0;40;-1
18;10;0;0;37;-1
29;9;2;1;40;-1
33;9;0;0;40;-1
34;3;0;0;40;-1
40;14;0;0;99;-1
57;10;0;1;38;-1
55;13;0;1;60;-1
40;12;0;0;60;-1
26;13;0;1;35;-1
29;10;2;0;40;-1
30;13;0;1;40;-1
29;14;0;0;50;1
43;10;0;0;50;1
65;7;0;1;8;-1
19;10;2;0;35;-1
28;9;0;0;40;-1
34;9;0;0;40;-1
63;9;0;1;32;-1
47;13;0;0;40;1
31;10;0;0;40;-1
29;13;0;0;45;1
59;9;0;0;40;-1
50;14;0;0;62;1
60;13;0;0;45;1
35;14;0;0;40;1
48;9;0;0;40;-1
21;10;0;0;40;-1
41;9;1;0;40;-1
56;10;0;0;50;-1
26;8;1;0;40;-1
53;9;0;1;40;-1
23;9;1;0;40;-1
58;4;0;0;50;-1
61;9;0;0;40;-1
29;10;0;0;60;-1
22;9;0;0;40;-1
31;10;0;0;30;-1
90;9;0;0;40;-1
53;11;0;1;40;-1
22;10;0;0;40;-1
34;16;0;1;60;-1
22;10;0;1;40;-1
36;9;1;1;40;-1
33;13;1;1;40;-1
17;6;0;1;12;-1
38;7;0;0;40;-1
60;11;0;0;60;-1
34;13;0;0;50;1
72;9;0;0;8;-1
57;3;0;0;40;-1
39;9;0;0;60;-1
50;13;0;0;80;-1
45;13;2;0;40;-1
37;13;0;0;35;-1
27;10;0;0;48;-1
43;13;0;1;45;1
41;10;1;1;36;-1
20;14;0;0;25;-1
44;14;0;1;20;-1
50;11;0;0;50;1
54;9;0;1;45;-1
33;10;0;1;35;-1
22;5;0;0;50;-1
46;10;0;0;40;-1
30;13;2;1;40;1
22;10;2;0;40;-1
57;10;0;0;25;-1
26;9;0;0;40;-1
52;12;0;0;40;1
55;14;0;1;45;-1
47;13;0;0;40;1
19;9;0;0;40;-1
26;9;0;0;40;-1
44;12;0;1;40;1
42;14;0;0;40;1
39;10;0;0;60;-1
17;7;0;1;15;-1
26;9;0;1;50;-1
26;14;0;0;20;-1
50;14;0;0;55;-1
46;14;0;0;50;1
26;13;2;0;60;-1
50;3;0;1;34;-1
47;10;0;0;40;1
52;9;0;1;25;-1
25;10;0;0;40;1
42;7;0;0;40;-1
53;9;0;0;45;-1
30;9;2;1;8;-1
23;2;0;0;36;-1
23;13;0;0;30;-1
32;10;0;0;60;-1
29;9;0;0;25;-1
40;12;0;0;40;-1
45;14;0;0;40;1
17;6;1;1;40;-1
55;13;0;0;40;1
59;14;0;0;40;1
23;8;0;0;50;-1
37;9;0;0;40;-1
25;9;0;0;48;-1
22;10;0;0;40;-1
27;5;0;1;24;-1
21;9;0;1;40;-1
38;10;0;0;60;-1
27;10;0;0;40;-1
25;11;0;0;90;-1
27;9;1;1;40;-1
40;10;0;1;40;1
33;9;0;0;60;-1
28;11;0;1;5;-1
28;9;0;0;40;-1
29;9;0;0;55;-1
46;5;0;1;40;-1
30;9;0;0;40;-1
65;9;0;0;45;-1
28;10;1;0;40;-1
39;13;0;0;40;-1
35;10;0;0;40;-1
50;10;0;1;39;-1
25;6;1;0;40;-1
63;5;0;1;20;-1
56;11;0;0;48;1
46;10;0;0;40;1
19;10;0;1;30;-1
56;14;0;0;35;1
31;9;0;1;15;-1
51;14;0;0;40;1
17;7;0;0;5;-1
27;10;2;1;40;-1
30;10;0;0;45;-1
18;10;0;1;20;-1
40;14;0;1;40;1
35;13;0;0;50;-1
29;9;0;1;10;-1
53;2;1;1;40;-1
53;13;0;0;35;-1
26;9;0;0;50;-1
41;13;0;0;70;-1
28;9;0;0;70;-1
48;14;0;0;60;-1
22;13;0;0;30;-1
57;12;0;0;75;-1
53;11;0;0;40;-1
23;10;0;1;8;-1
31;10;0;0;40;-1
20;5;0;0;28;-1
25;15;0;1;20;-1
37;10;1;1;40;-1
50;9;0;0;40;1
34;9;0;0;35;-1
37;13;0;0;50;1
52;13;0;0;45;1
29;11;0;0;90;-1
31;10;0;1;40;-1
47;9;0;0;40;-1
51;9;0;0;70;-1
27;9;0;1;50;-1
23;13;0;0;40;-1
55;9;0;0;46;-1
28;10;0;0;50;1
31;13;0;1;40;-1
30;9;1;0;40;-1
23;13;0;0;60;-1
19;9;0;0;50;-1
22;10;0;0;25;-1
50;9;0;1;25;-1
64;9;0;0;50;1
21;9;0;0;35;-1
75;10;0;0;40;1
29;9;2;0;40;-1
47;10;0;0;40;1
20;9;0;0;40;-1
33;9;0;0;40;-1
45;16;2;0;45;1
41;11;0;1;43;-1
23;9;0;0;40;-1
67;10;0;0;41;1
21;10;0;0;35;-1
38;10;0;0;45;-1
31;9;0;0;40;-1
19;10;0;1;40;-1
59;10;0;0;40;-1
36;9;0;0;40;-1
50;10;0;0;40;-1
60;6;0;0;40;-1
30;14;0;0;45;1
28;13;0;0;50;-1
36;10;0;0;60;1
21;10;0;1;10;-1
27;9;0;0;40;-1
18;8;0;1;20;-1
56;4;1;0;40;-1
51;13;1;0;40;1
48;13;0;0;45;1
31;11;0;0;45;-1
35;11;0;0;40;-1
35;9;0;0;40;-1
36;10;0;0;40;-1
23;10;0;0;25;-1
21;10;1;1;20;-1
49;10;1;1;60;-1
46;11;0;0;40;-1
27;9;0;0;40;-1
56;12;0;0;20;-1
48;10;0;0;40;-1
30;10;1;1;40;-1
29;13;0;0;50;-1
50;14;0;1;50;-1
18;9;1;0;35;-1
51;9;0;0;60;1
31;9;0;0;47;-1
48;10;1;0;40;1
39;6;0;0;40;-1
22;7;0;0;35;-1
27;10;0;1;40;1
42;5;0;0;40;-1
18;9;0;1;33;-1
27;10;0;1;25;-1
51;6;1;1;40;-1
27;10;0;0;40;-1
60;7;0;0;50;-1
36;2;0;0;40;-1
45;13;2;0;60;1
40;9;0;0;52;1
41;9;1;0;50;-1
53;8;0;1;40;-1
34;10;0;0;40;-1
31;13;0;1;40;1
22;12;0;1;15;-1
49;10;0;0;50;1
43;9;0;0;35;-1
36;15;0;0;50;1
27;13;0;0;37;-1
29;9;1;0;50;-1
27;6;0;0;35;-1
42;9;0;1;65;-1
49;13;0;1;40;-1
24;10;0;0;50;-1
22;9;0;0;20;-1
30;13;0;0;40;-1
28;10;0;0;40;-1
20;11;0;0;40;-1
43;15;0;0;66;-1
18;9;0;1;20;-1
53;9;0;0;40;-1
74;10;0;0;20;1
39;13;2;0;48;1
33;6;0;0;40;-1
49;9;0;0;42;1
21;6;0;0;35;-1
65;10;0;0;40;-1
49;11;0;0;25;-1
20;10;0;1;40;-1
46;9;0;0;40;-1
61;9;0;1;16;-1
48;10;0;1;38;-1
44;5;0;0;40;-1
37;13;0;0;60;-1
51;13;0;0;45;1
33;13;0;1;50;-1
55;13;0;1;8;-1
25;10;0;1;60;-1
26;9;2;0;40;-1
54;9;0;0;40;1
38;9;0;1;33;-1
20;10;0;0;40;-1
30;9;0;1;40;-1
29;9;3;0;45;-1
42;9;0;1;40;-1
24;12;0;0;40;-1
36;9;0;0;50;1
60;14;2;0;50;1
42;9;0;0;44;-1
42;6;0;0;45;-1
46;9;0;1;40;-1
27;11;0;0;20;-1
43;10;1;1;35;-1
43;13;0;1;40;-1
27;7;0;0;40;-1
31;10;0;0;50;-1
38;4;1;1;30;-1
44;5;1;1;40;-1
27;10;0;1;40;-1
50;10;0;0;40;-1
23;10;0;1;40;-1
22;10;1;1;30;-1
36;10;0;1;40;-1
59;10;0;0;40;1
39;11;0;0;50;1
23;13;0;0;40;-1
25;12;1;1;38;-1
31;9;0;0;35;-1
28;16;0;1;40;-1
24;9;1;0;25;-1
29;9;2;1;40;-1
38;15;0;0;50;1
53;10;1;1;40;-1
39;13;1;0;60;-1
44;9;0;0;48;-1
46;13;0;0;45;1
30;13;0;0;40;-1
24;10;0;0;40;-1
29;9;0;1;40;-1
62;10;0;0;70;-1
25;9;0;0;45;-1
45;10;0;0;40;-1
21;10;0;0;40;-1
64;10;0;0;40;1
39;13;0;0;40;-1
60;9;0;0;40;-1
35;9;0;0;40;-1
27;13;0;0;40;-1
41;9;0;0;40;-1
32;14;0;0;50;-1
24;9;0;0;40;-1
32;13;0;0;40;1
42;10;0;0;45;1
58;14;0;1;27;-1
31;9;2;0;40;-1
28;13;1;1;45;-1
41;10;1;1;20;-1
37;13;0;1;16;1
19;9;0;0;38;-1
27;13;0;1;20;-1
61;5;0;0;58;1
39;13;0;0;45;1
25;13;1;0;40;-1
58;10;0;0;40;1
27;10;3;0;50;1
51;3;1;0;52;-1
46;9;0;1;40;-1
67;3;0;0;40;-1
50;9;0;0;40;-1
20;9;0;0;15;-1
35;13;0;1;32;1
57;2;0;0;40;-1
40;15;2;1;40;-1
42;6;0;0;35;-1
67;6;0;0;40;-1
30;9;0;0;50;-1
26;7;0;1;15;-1
51;9;0;0;40;-1
38;10;1;1;45;-1
24;9;0;0;35;-1
48;9;0;1;50;-1
35;9;0;0;40;-1
61;14;0;0;2;1
26;10;0;0;45;1
64;9;0;0;3;-1
26;9;0;1;35;-1
39;9;0;0;30;-1
55;10;0;1;36;-1
23;10;0;0;45;-1
33;9;0;0;40;-1
31;13;0;0;55;1
28;9;0;0;20;-1
50;14;0;0;30;-1
26;13;0;1;55;1
51;9;0;0;40;-1
34;9;0;0;50;-1
29;15;0;0;50;1
24;13;1;0;40;-1
27;11;0;1;40;-1
44;10;0;0;45;-1
24;9;0;0;40;-1
54;9;0;0;55;1
47;10;0;1;50;1
30;9;0;0;30;-1
35;10;0;1;40;-1
39;10;1;0;40;-1
42;12;1;1;40;-1
41;15;2;0;40;-1
36;9;0;1;38;-1
44;14;0;0;42;1
42;9;0;0;40;-1
20;10;0;1;17;-1
29;6;0;0;40;-1
27;9;0;1;40;-1
30;14;2;0;40;1
31;13;0;1;25;-1
21;9;0;0;40;-1
26;10;2;0;37;-1
57;9;0;0;45;1
59;10;0;0;20;1
87;9;0;0;2;-1
25;10;0;0;55;-1
32;9;0;1;40;-1
38;7;0;0;40;-1
21;11;1;1;35;-1
17;7;0;0;30;-1
44;7;1;1;40;-1
23;10;0;0;20;-1
30;7;0;0;40;-1
51;9;0;0;55;-1
54;9;0;0;35;-1
44;10;0;1;40;-1
60;10;0;0;16;1
39;9;0;0;50;1
55;14;0;0;40;1
36;14;0;1;50;1
33;9;0;0;55;1
40;13;0;0;20;-1
30;14;0;0;50;1
40;10;0;0;30;1
24;9;0;1;50;-1
18;7;0;0;20;-1
18;9;0;1;25;-1
49;9;0;0;45;1
42;9;0;0;50;-1
28;9;0;0;40;-1
32;12;0;0;40;-1
48;10;0;1;50;-1
24;4;0;1;32;-1
73;9;0;1;25;-1
23;10;0;0;60;1
19;10;0;1;40;-1
27;9;0;0;35;-1
27;8;0;0;40;-1
41;15;0;0;50;1
31;9;0;0;20;-1
64;9;0;0;40;1
45;8;0;0;10;-1
47;9;0;1;35;-1
22;9;0;0;35;-1
24;13;1;1;40;-1
69;9;0;0;20;-1
40;11;0;0;40;1
45;9;0;0;40;-1
31;9;0;1;40;-1
48;12;0;1;42;-1
41;13;1;1;35;1
34;13;0;0;40;-1
48;10;0;0;40;-1
20;12;0;1;40;-1
39;13;2;0;40;1
40;10;1;1;40;-1
28;6;0;0;45;-1
20;10;0;1;25;-1
41;13;1;0;40;-1
49;10;0;0;50;1
24;9;0;0;40;-1
35;9;0;0;40;-1
22;10;0;0;40;-1
23;13;0;1;30;-1
23;9;0;1;40;-1
34;10;0;0;64;1
54;9;0;0;54;1
48;13;2;1;40;-1
38;13;0;0;40;1
48;13;0;1;40;-1
22;3;0;0;40;-1
42;13;0;0;50;1
31;16;2;0;40;-1
27;9;0;1;50;1
44;11;0;0;40;1
42;10;0;0;40;1
24;13;0;0;40;-1
38;2;0;0;40;-1
29;13;0;0;52;1
38;9;0;0;55;-1
33;10;0;1;40;-1
61;9;0;1;4;-1
49;11;0;0;40;1
51;12;0;0;40;1
42;9;1;1;35;-1
21;9;0;0;40;-1
29;9;0;0;40;-1
54;10;0;0;50;-1
23;10;0;1;30;-1
52;6;0;0;40;-1
23;10;0;0;40;-1
43;9;0;0;80;1
45;10;0;0;50;1
51;4;0;0;42;-1
29;9;1;1;42;-1
23;10;2;1;40;-1
73;13;0;0;30;-1
47;7;0;1;55;-1
61;9;0;0;37;-1
26;11;1;1;40;-1
40;9;0;0;40;1
32;13;0;0;47;-1
39;6;1;1;40;-1
33;13;0;1;40;-1
35;9;0;0;35;-1
42;9;0;0;40;-1
46;10;0;0;44;-1
33;9;0;0;40;-1
47;3;0;0;20;-1
33;13;0;0;40;-1
26;9;0;1;40;-1
42;10;1;1;40;-1
28;13;0;0;50;-1
29;3;0;0;40;-1
18;8;0;1;20;-1
33;10;0;0;45;-1
36;13;0;1;44;-1
40;9;0;1;40;-1
40;9;0;0;45;-1
36;9;0;0;50;-1
45;13;1;1;40;1
52;13;0;0;50;-1
24;9;0;0;40;-1
30;9;0;1;40;-1
28;9;1;0;40;-1
46;16;0;1;45;-1
36;9;1;1;40;-1
48;9;0;1;50;-1
36;11;0;1;40;-1
48;9;0;0;40;1
18;9;0;1;40;-1
38;13;0;1;50;1
66;7;1;1;40;-1
38;9;0;1;40;-1
55;15;0;0;55;1
27;9;0;0;45;1
22;12;0;0;40;-1
29;10;0;0;40;-1
40;10;0;1;40;-1
21;10;0;1;20;-1
49;9;0;1;40;-1
29;13;0;1;50;1
28;13;0;0;50;1
26;9;0;0;40;-1
33;9;0;1;41;-1
72;15;0;0;40;1
59;14;0;0;40;-1
37;11;0;0;40;-1
56;6;0;1;40;-1
27;10;0;0;40;-1
39;14;2;0;40;1
49;14;0;1;80;-1
30;9;2;1;40;-1
28;5;1;1;40;-1
25;13;0;0;40;-1
18;6;0;0;40;-1
25;12;0;0;26;-1
36;10;0;0;40;-1
52;9;0;0;40;1
25;9;0;0;40;-1
26;13;0;0;40;-1
48;12;0;0;40;1
39;9;0;0;40;-1
30;13;0;0;40;-1
26;9;0;0;60;-1
49;16;0;0;60;-1
34;13;0;0;60;-1
28;9;3;0;48;-1
28;9;0;0;40;-1
26;9;0;0;40;-1
54;9;1;0;40;1
66;5;0;0;40;-1
61;9;0;0;53;-1
45;15;0;0;30;1
29;13;0;1;35;-1
74;9;0;1;16;-1
61;9;0;1;40;-1
27;10;0;0;22;-1
53;13;0;0;40;1
57;9;2;0;40;-1
41;10;0;0;40;-1
45;13;0;0;50;-1
43;9;0;0;40;-1
29;9;2;0;25;-1
65;4;0;0;20;-1
41;13;0;1;40;-1
31;13;0;0;40;-1
50;9;0;1;40;-1
52;9;0;0;60;1
18;9;0;0;60;-1
26;4;3;1;30;-1
57;9;0;0;40;-1
29;9;0;0;40;-1
34;9;0;0;40;1
43;9;0;1;58;-1
39;10;0;0;40;1
28;9;0;0;45;-1
32;13;0;1;40;-1
28;15;0;0;90;-1
25;13;0;0;60;1
54;14;0;0;50;1
48;13;0;0;70;1
51;10;0;1;36;-1
67;4;0;0;35;-1
17;6;0;1;24;-1
24;10;0;0;40;-1
25;9;0;0;40;-1
68;9;0;1;25;-1
54;10;0;1;47;-1
32;9;0;1;40;-1
61;10;0;1;40;-1
41;9;0;0;40;-1
53;9;0;1;40;-1
45;11;0;1;32;-1
64;4;0;1;4;-1
51;9;0;0;40;1
40;11;0;1;65;1
27;9;0;0;40;-1
51;13;0;0;60;1
36;10;0;1;40;-1
34;9;0;0;55;-1
43;9;0;0;40;-1
61;9;1;1;20;-1
31;6;0;0;40;-1
34;9;0;0;65;1
52;8;0;0;40;-1
18;7;0;1;20;-1
37;10;0;0;40;1
60;9;0;0;40;-1
47;10;0;1;25;-1
21;10;0;0;30;-1
40;11;0;0;40;1
26;12;0;0;40;-1
48;10;1;1;40;-1
46;10;0;0;40;-1
58;10;0;0;48;-1
32;9;0;0;40;-1
90;9;0;0;40;1
38;10;2;0;40;1
20;12;0;0;20;-1
43;10;0;0;99;-1
17;7;0;1;12;-1
36;8;2;0;45;-1
45;9;0;0;40;-1
51;9;0;0;50;-1
29;10;0;0;48;-1
35;11;0;0;65;-1
19;10;0;1;20;-1
56;5;0;0;40;-1
64;10;0;0;4;-1
62;9;0;0;40;-1
24;9;0;1;24;-1
33;12;0;0;40;-1
43;13;1;1;35;1
22;10;0;0;45;-1
44;10;1;0;55;-1
37;9;0;0;50;-1
34;10;0;0;75;-1
43;11;0;1;45;-1
39;9;0;1;40;-1
30;10;0;0;32;-1
58;4;0;1;33;-1
31;10;0;1;10;-1
45;9;0;1;35;-1
30;10;1;1;40;-1
42;10;0;1;36;-1
50;14;0;0;50;1
25;11;0;0;30;-1
34;13;0;0;40;1
50;10;0;0;40;1
72;7;0;0;40;-1
60;16;0;0;55;-1
71;4;0;0;10;-1
22;13;0;1;30;-1
52;13;0;0;38;-1
30;10;0;0;55;-1
36;9;0;1;30;-1
40;10;0;0;40;-1
31;12;2;0;40;-1
38;15;1;0;40;1
46;15;0;0;50;1
57;15;1;0;55;1
39;7;0;0;40;-1
42;13;0;1;55;1
43;11;0;0;40;1
22;10;0;1;17;-1
44;13;0;0;50;1
22;10;2;1;15;-1
37;10;0;1;40;1
20;10;0;1;18;-1
26;13;0;1;80;-1
35;9;0;0;30;-1
28;9;0;1;40;-1
34;10;2;1;35;-1
17;6;0;1;20;-1
18;9;0;0;40;-1
25;9;0;0;40;-1
44;13;0;0;50;1
61;2;0;1;40;-1
39;10;0;0;50;1
19;10;0;1;40;-1
22;9;0;1;40;-1
19;10;0;0;25;-1
45;13;0;0;40;-1
20;10;0;1;25;-1
37;9;2;1;40;-1
26;10;0;0;40;-1
17;6;0;1;15;-1
26;13;0;1;55;1
58;9;0;1;40;-1
61;16;0;0;25;1
19;9;0;1;25;-1
36;13;0;0;30;-1
47;12;0;1;40;-1
62;10;0;0;40;-1
36;15;0;0;40;-1
38;10;0;0;60;-1
54;9;0;0;48;1
31;13;0;0;50;-1
26;10;0;0;40;-1
41;10;2;1;40;-1
52;13;0;0;40;1
28;9;1;1;23;-1
23;9;0;1;30;-1
32;9;1;0;40;-1
59;9;0;1;35;-1
30;10;0;0;36;1
31;9;1;1;40;-1
36;10;0;0;48;-1
31;1;0;0;24;-1
52;15;0;0;70;1
48;14;0;0;50;-1
58;7;0;0;50;-1
20;10;1;0;40;-1
19;10;0;0;3;-1
63;9;0;1;40;-1
51;13;0;0;45;1
53;12;0;1;48;-1
35;10;0;1;40;-1
26;9;1;0;48;-1
47;10;0;1;52;-1
44;13;0;0;45;-1
80;4;0;0;20;-1
55;16;0;0;40;1
43;14;0;0;45;1
49;13;0;0;30;-1
27;15;2;0;40;-1
39;5;0;0;40;-1
36;9;0;0;40;-1
32;9;0;1;40;-1
58;10;1;1;55;-1
63;5;1;0;40;-1
49;10;0;0;40;1
36;10;0;0;60;1
46;10;0;0;50;-1
39;9;0;0;45;-1
33;15;2;0;65;1
30;10;0;0;68;-1
39;11;0;1;37;-1
44;10;0;1;40;-1
27;13;0;0;45;-1
80;12;0;0;4;-1
31;12;0;0;3;-1
34;9;0;0;40;-1
28;12;0;0;60;-1
55;9;0;0;40;1
36;9;0;1;40;-1
67;13;0;0;10;-1
53;10;0;1;60;-1
29;13;0;1;42;-1
19;10;0;0;30;-1
51;11;0;0;40;1
21;11;0;0;98;-1
54;10;0;1;40;-1
41;10;0;1;48;-1
28;9;0;0;40;-1
31;11;0;1;40;-1
82;9;0;0;20;-1
23;13;0;1;16;-1
40;9;0;0;40;-1
35;9;0;0;50;-1
24;9;0;0;45;-1
21;10;0;1;40;-1
27;10;0;0;30;-1
29;11;0;1;40;-1
40;13;0;0;45;-1
17;8;0;1;25;-1
27;2;0;0;40;-1
34;9;0;0;40;-1
18;6;1;0;15;-1
39;13;0;1;40;-1
34;10;0;0;65;1
44;9;0;0;40;-1
18;7;0;1;25;-1
28;2;3;1;35;-1
30;9;0;1;40;-1
60;9;0;1;40;-1
58;9;0;0;24;-1
49;13;0;0;60;-1
61;9;0;0;55;1
27;9;0;0;38;-1
59;12;0;0;40;-1
52;10;2;1;40;1
42;13;0;1;40;-1
27;10;0;1;34;-1
41;14;0;0;50;1
35;10;1;0;30;-1
50;13;0;1;24;-1
36;6;0;0;40;-1
21;9;0;0;45;-1
38;12;0;0;45;-1
46;10;0;1;40;-1
59;10;0;0;50;-1
55;9;0;1;45;-1
59;10;0;0;50;1
38;10;0;0;55;1
22;10;0;0;25;-1
28;8;1;1;40;-1
59;10;0;0;56;-1
37;9;0;0;40;-1
33;13;0;1;40;-1
34;6;0;0;40;-1
55;6;0;0;40;-1
18;8;0;0;30;-1
48;12;0;1;30;1
48;14;0;0;40;1
70;10;0;1;25;-1
27;9;0;0;40;-1
43;14;1;1;37;-1
32;10;0;0;38;1
62;9;0;0;18;-1
18;9;0;0;20;-1
50;13;0;0;40;1
38;9;2;0;15;-1
18;5;1;0;35;-1
46;5;0;0;35;-1
26;10;2;0;45;1
44;4;0;1;40;-1
32;10;0;1;60;-1
25;13;0;1;40;-1
55;9;0;1;40;-1
55;10;0;0;40;-1
25;10;0;1;40;-1
40;13;0;0;50;-1
29;11;0;0;50;-1
60;7;0;0;40;-1
45;9;0;0;45;-1
43;9;0;0;30;-1
24;9;0;1;55;-1
34;13;0;1;40;-1
47;10;0;0;60;-1
24;9;0;1;32;-1
47;10;0;0;38;-1
18;7;0;1;40;-1
22;10;0;0;40;-1
49;13;0;0;60;1
68;9;0;0;15;-1
62;4;0;1;35;-1
25;13;0;1;40;-1
24;10;0;1;24;-1
44;13;0;0;12;-1
32;5;1;0;40;-1
49;14;0;0;43;1
68;10;0;1;40;-1
25;12;0;1;40;-1
47;13;0;0;50;-1
35;13;0;0;40;1
37;7;0;0;40;-1
57;9;0;0;50;-1
34;6;1;1;40;-1
46;11;0;1;36;-1
21;7;0;1;40;-1
26;9;0;1;30;-1
17;9;0;1;35;-1
36;12;0;0;70;-1
33;8;0;0;40;-1
27;9;1;0;40;-1
32;9;0;0;48;-1
24;9;1;1;40;-1
37;9;1;1;30;-1
53;16;0;0;50;1
43;9;0;0;45;1
29;9;1;1;52;-1
47;13;0;0;65;-1
37;14;0;0;60;-1
23;10;1;1;20;-1
50;13;0;0;35;-1
25;10;0;0;40;-1
40;10;0;0;50;-1
41;9;0;0;52;1
32;9;0;0;40;-1
19;10;0;1;40;-1
26;9;0;0;40;-1
30;13;0;0;40;-1
34;10;0;0;40;-1
41;10;0;1;40;-1
42;13;3;0;30;-1
45;11;0;0;40;1
22;10;0;0;35;-1
25;10;0;0;40;-1
22;10;1;0;20;-1
48;10;0;0;45;-1
45;9;0;0;52;1
19;10;0;0;14;-1
31;7;0;0;40;-1
30;10;1;0;70;-1
40;12;0;0;50;1
60;10;0;0;12;1
52;8;1;1;40;1
22;10;0;1;15;-1
25;10;1;0;38;-1
51;14;0;0;80;1
32;12;0;0;62;-1
51;13;0;0;25;-1
42;10;0;0;50;1
24;9;0;0;45;-1
58;2;2;0;40;-1
43;14;0;0;55;-1
31;9;0;0;40;-1
28;9;0;0;40;-1
26;13;0;1;40;-1
46;13;0;0;40;-1
62;9;0;0;40;1
50;14;0;1;35;-1
18;7;0;1;5;-1
23;13;0;0;48;-1
46;12;3;0;36;-1
38;9;0;1;40;-1
53;8;0;0;40;-1
53;9;0;0;40;1
50;10;0;0;40;1
26;9;0;0;25;-1
44;13;0;0;40;1
36;14;0;0;50;1
20;10;0;1;30;-1
35;4;0;0;40;-1
40;13;0;1;20;-1
70;9;0;0;40;-1
57;4;0;0;50;-1
18;7;0;0;5;-1
52;13;0;0;40;1
24;9;0;0;40;-1
42;13;1;0;60;-1
28;9;0;0;45;-1
32;11;0;1;60;-1
56;13;0;0;40;-1
44;2;2;1;40;-1
20;10;1;1;30;-1
32;13;0;0;60;1
32;14;0;0;40;1
51;10;0;0;50;1
23;13;0;0;50;-1
34;9;1;0;30;-1
53;8;0;1;40;-1
44;13;0;0;45;-1
60;10;1;1;40;-1
55;10;0;0;38;-1
57;9;0;0;30;-1
59;16;0;0;50;-1
26;10;2;0;40;-1
49;13;0;1;43;-1
45;8;0;0;40;-1
29;13;0;1;40;-1
37;9;0;0;60;1
21;8;0;0;40;-1
36;9;0;0;40;-1
18;9;0;1;20;-1
37;13;0;0;45;-1
19;9;0;1;40;-1
65;4;0;0;25;-1
30;11;0;1;35;-1
27;14;3;1;40;-1
59;10;0;0;40;1
32;11;0;0;60;1
25;13;0;0;40;-1
40;13;0;0;80;1
21;5;0;0;42;-1
49;13;0;1;40;1
49;10;0;0;40;-1
51;9;1;1;40;-1
48;5;0;0;40;1
42;10;0;0;45;-1
53;7;0;0;40;-1
29;9;0;0;45;-1
21;9;2;1;24;-1
54;9;0;0;15;-1
34;13;0;1;40;-1
62;11;0;0;40;-1
30;9;0;0;40;-1
27;13;0;1;40;-1
25;11;0;0;40;-1
26;9;0;0;40;-1
55;10;0;1;10;-1
26;9;0;0;40;-1
45;13;0;1;56;-1
61;14;0;1;40;1
34;4;1;1;40;-1
26;9;1;0;60;-1
44;14;0;1;40;-1
45;10;0;0;30;-1
55;10;0;1;40;-1
20;10;2;0;30;-1
48;12;0;0;50;1
33;9;0;0;60;-1
44;5;1;0;40;-1
32;13;0;0;50;-1
54;4;0;0;40;-1
40;14;0;0;40;1
29;9;2;1;10;1
56;6;1;0;40;-1
47;9;0;0;40;1
22;10;0;1;40;-1
46;10;0;0;45;1
24;10;0;0;40;-1
37;9;0;0;40;-1
49;9;0;0;40;-1
21;9;0;0;40;-1
55;9;0;0;40;1
23;13;0;1;32;-1
50;7;0;1;40;-1
44;11;0;1;20;-1
48;10;2;0;40;1
38;14;0;0;70;1
39;10;0;0;50;-1
52;9;0;0;44;1
63;9;0;1;40;-1
37;14;0;1;40;-1
26;14;0;1;40;-1
19;9;0;1;15;-1
34;10;0;1;40;-1
29;10;0;1;40;-1
33;9;0;0;45;-1
53;10;0;1;24;-1
24;9;0;0;40;-1
39;10;0;0;65;-1
31;13;0;0;40;-1
22;11;1;1;25;-1
42;13;0;0;42;-1
23;8;0;1;25;-1
22;7;0;0;50;-1
65;3;0;1;10;-1
34;9;0;0;44;-1
45;10;0;0;80;-1
19;9;0;0;40;-1
23;10;0;1;20;-1
37;9;0;0;60;1
59;13;0;0;40;-1
36;13;0;0;40;-1
51;10;0;1;12;-1
42;13;1;1;30;-1
35;14;0;1;40;-1
20;9;0;1;38;-1
41;6;0;0;40;-1
40;9;0;0;35;-1
36;12;0;1;37;-1
34;14;0;0;60;1
44;13;0;0;42;-1
31;13;0;0;40;-1
41;9;0;0;40;-1
43;10;0;0;40;-1
43;14;0;1;40;-1
19;10;0;1;30;-1
43;13;0;0;55;1
50;9;0;0;45;-1
44;10;0;0;50;1
46;9;0;0;38;-1
52;13;0;0;50;1
52;9;0;0;50;-1
18;8;0;1;12;-1
29;13;0;1;55;-1
19;9;0;1;36;-1
34;13;0;0;40;-1
23;10;1;0;40;-1
64;10;0;1;65;-1
68;6;0;0;20;-1
42;9;1;1;40;-1
41;9;0;0;60;1
41;9;0;0;50;-1
22;10;0;1;20;-1
27;10;2;0;40;1
25;14;0;0;40;-1
49;9;0;1;60;-1
28;12;0;0;45;-1
23;13;2;1;35;-1
19;8;0;1;15;-1
72;3;0;1;40;-1
33;10;0;0;35;-1
53;10;0;0;20;-1
35;11;0;0;40;-1
31;13;0;0;40;-1
18;8;0;1;20;-1
45;11;0;1;40;-1
28;13;0;1;30;-1
22;3;0;0;40;1
55;10;0;0;40;-1
22;9;0;1;37;-1
28;9;0;0;40;-1
19;7;1;1;35;-1
50;16;0;0;40;1
31;9;0;1;35;-1
40;1;0;1;20;-1
51;5;0;0;45;-1
56;9;0;1;40;-1
21;10;0;1;35;-1
22;10;1;1;40;-1
44;9;2;0;40;-1
30;10;3;0;40;-1
44;10;0;1;40;-1
41;9;0;0;40;1
47;12;0;0;44;-1
26;10;0;0;45;1
34;11;1;0;40;-1
36;9;0;1;38;-1
21;11;0;0;46;-1
45;13;0;0;40;-1
33;9;2;0;35;-1
33;9;0;0;65;-1
58;9;0;1;10;-1
31;12;0;0;50;1
32;10;0;0;50;1
44;13;0;1;40;1
24;14;0;1;40;-1
49;9;0;0;40;-1
37;13;0;1;50;-1
42;13;0;0;35;-1
19;9;0;1;25;-1
41;16;0;1;40;1
51;9;0;0;30;-1
51;15;0;0;60;1
63;6;0;1;31;-1
39;10;0;0;40;1
30;9;0;0;40;-1
62;10;0;1;16;-1
27;9;3;0;40;-1
37;13;0;0;40;1
42;9;0;0;40;-1
37;11;1;1;32;-1
42;10;0;0;72;1
38;10;0;0;36;1
24;12;1;0;20;-1
34;9;0;0;45;-1
20;10;0;1;30;-1
29;10;0;0;48;-1
90;9;0;1;25;-1
55;8;0;1;40;-1
36;9;0;0;40;-1
49;10;0;1;60;-1
50;13;0;0;50;-1
17;7;0;0;25;-1
54;9;0;0;70;-1
26;13;0;0;10;-1
44;12;2;1;50;-1
28;13;1;1;40;-1
54;16;0;0;60;1
21;5;1;0;20;-1
24;11;0;0;40;-1
31;9;0;1;56;-1
59;10;1;1;40;-1
41;10;0;0;48;1
29;9;0;1;40;-1
50;13;0;0;40;-1
32;10;0;0;50;1
42;10;0;1;40;-1
47;9;0;1;30;1
44;10;0;1;40;-1
49;13;0;0;40;-1
61;14;0;0;50;-1
45;9;0;0;40;1
59;9;0;0;40;-1
30;9;1;1;40;-1
34;10;0;0;45;1
24;2;0;0;40;-1
36;6;0;0;40;-1
21;10;0;0;40;-1
34;8;0;0;35;-1
41;10;0;0;40;-1
18;10;0;0;4;-1
26;9;0;0;48;-1
23;9;0;0;8;-1
63;10;0;1;5;-1
34;13;0;0;40;1
54;9;0;1;37;-1
37;9;0;0;72;-1
54;9;0;0;40;-1
22;10;0;1;43;-1
32;9;0;0;40;-1
42;10;0;0;40;-1
31;10;0;1;37;-1
48;16;0;0;45;1
28;13;2;0;40;-1
31;6;0;0;38;-1
28;13;0;0;40;-1
24;8;0;0;40;-1
50;9;0;1;45;-1
26;9;0;0;72;-1
37;10;0;0;50;1
24;3;0;0;40;-1
18;7;0;1;25;-1
32;9;1;1;40;-1
23;13;2;0;55;-1
33;9;0;1;35;-1
49;9;0;0;40;-1
75;14;0;0;45;-1
26;10;1;0;40;-1
66;9;0;1;40;-1
34;13;0;1;45;-1
18;8;0;0;12;-1
33;9;0;0;40;-1
36;13;0;1;20;1
44;13;0;0;55;-1
36;7;1;1;40;-1
53;11;0;0;40;-1
60;4;0;0;40;-1
28;9;0;0;40;-1
36;6;0;0;48;-1
45;11;0;0;20;-1
23;10;0;0;15;-1
35;10;0;1;55;-1
34;10;0;0;42;1
46;1;1;0;75;-1
58;9;0;0;40;-1
55;14;0;1;45;-1
63;9;0;0;40;-1
41;10;0;0;40;-1
45;11;0;0;76;-1
42;9;0;1;40;-1
41;9;0;0;40;-1
22;9;0;0;50;-1
49;13;0;0;60;1
51;10;0;0;60;1
22;13;0;1;40;-1
23;11;0;1;40;-1
59;9;0;0;40;1
40;9;2;1;40;-1
28;9;0;0;70;-1
39;9;0;1;40;-1
25;9;0;0;37;-1
48;10;0;1;40;-1
62;5;1;0;42;-1
44;9;0;1;40;-1
28;13;0;0;50;-1
62;10;0;0;45;-1
32;9;0;0;40;-1
59;9;0;1;40;1
20;10;0;1;20;-1
47;10;0;0;47;1
60;10;0;0;40;-1
55;9;0;0;81;-1
18;8;0;0;35;-1
31;9;0;0;35;-1
22;9;0;0;50;-1
56;9;1;1;40;-1
41;9;0;1;40;-1
24;9;0;0;30;-1
52;4;1;1;40;-1
42;10;0;0;89;1
48;2;0;0;40;-1
35;9;0;1;40;-1
33;7;0;0;40;-1
20;10;0;1;40;-1
33;10;0;0;45;-1
30;13;0;0;40;-1
31;10;0;0;40;-1
29;9;0;1;25;-1
26;9;0;0;48;-1
61;10;1;0;40;-1
45;3;0;0;40;-1
29;9;0;1;45;-1
57;9;0;0;50;1
20;10;0;1;56;-1
26;13;0;1;40;-1
36;13;0;0;55;1
23;13;0;1;50;-1
31;9;1;1;35;-1
47;9;0;1;32;-1
61;7;0;1;30;-1
35;13;0;0;45;-1
23;2;2;1;35;-1
20;9;0;0;40;-1
41;9;0;1;32;-1
39;13;2;1;40;-1
51;16;0;1;45;1
61;4;0;0;56;-1
51;4;0;1;48;-1
36;1;3;0;72;-1
41;13;0;0;50;-1
25;9;0;0;40;-1
37;15;0;0;50;1
19;9;0;0;49;-1
66;14;0;0;20;1
23;13;0;0;40;-1
30;10;0;0;60;1
25;10;1;0;40;-1
51;9;0;0;40;-1
53;9;1;1;38;-1
17;6;0;0;20;-1
61;4;0;0;40;-1
44;14;0;0;50;1
38;5;1;0;40;-1
40;10;0;1;20;-1
32;10;0;0;32;-1
46;10;0;0;45;1
50;10;0;1;40;-1
36;13;0;0;50;1
30;7;0;0;30;-1
33;14;2;0;50;1
85;13;0;0;3;-1
62;9;0;1;32;-1
24;13;0;1;32;-1
58;9;0;0;40;-1
45;13;0;0;45;1
66;9;0;1;25;-1
55;5;0;0;48;-1
39;9;0;0;65;-1
58;16;0;1;99;-1
50;16;0;1;50;-1
28;10;0;0;50;-1
34;14;0;0;55;-1
36;12;0;0;52;1
22;9;0;0;45;-1
35;8;0;0;84;-1
49;8;1;0;40;-1
21;12;0;0;40;-1
64;4;1;1;40;-1
41;14;0;0;40;1
52;11;0;1;40;-1
32;10;0;0;40;-1
27;10;0;1;25;-1
48;10;0;1;40;-1
28;9;0;1;40;-1
24;10;2;1;35;-1
51;10;0;0;60;-1
32;10;0;0;40;-1
61;9;1;0;40;-1
60;5;1;0;35;-1
33;9;1;1;40;-1
42;9;0;0;50;-1
24;7;0;1;40;-1
82;9;0;0;3;-1
26;10;0;0;65;-1
18;7;0;0;20;-1
34;9;0;1;28;-1
57;9;0;0;40;-1
25;9;1;0;40;-1
71;5;0;0;40;-1
35;13;0;0;50;-1
47;9;0;0;40;-1
50;14;0;1;50;1
33;6;1;0;40;-1
38;11;0;0;55;1
50;13;0;0;40;-1
45;6;1;1;38;-1
32;9;0;1;45;-1
39;9;0;0;45;1
25;13;1;1;40;-1
20;9;0;0;40;-1
46;14;0;1;22;1
40;11;1;0;45;-1
30;11;0;1;24;-1
36;4;0;0;40;-1
46;10;0;0;48;1
27;9;0;1;64;-1
33;9;1;0;40;-1
58;7;0;0;40;-1
30;9;0;0;55;-1
26;12;0;1;15;-1
81;11;0;1;1;-1
32;6;0;0;40;-1
22;10;0;0;40;-1
31;9;0;1;40;-1
29;9;0;1;35;-1
35;13;0;1;55;1
30;13;2;1;99;-1
34;16;0;0;60;1
54;13;2;0;50;1
37;10;0;1;39;-1
22;8;1;0;35;-1
34;13;0;1;55;1
30;9;1;0;46;-1
71;16;0;0;10;1
45;9;0;1;40;-1
41;9;1;1;32;-1
72;9;0;0;25;-1
45;12;0;1;48;-1
31;14;3;1;30;-1
39;12;0;1;20;1
37;12;0;1;40;-1
43;9;0;0;40;-1
43;10;0;1;40;-1
43;10;0;0;50;-1
32;6;2;0;40;-1
43;11;0;0;45;-1
32;14;2;0;11;-1
53;14;0;0;40;1
22;10;0;0;40;-1
27;12;0;1;38;-1
40;9;0;0;40;1
58;9;0;1;40;-1
22;9;0;0;20;-1
